Notes,Year,Year Code,Sex,Sex Code,Race,Race Code,Single-Year Ages,Single-Year Ages Code,Deaths,Population,Crude Rate
,2010,2010,Female,F,American Indian or Alaska Native,1002-5,< 1 year,0,0,38480,Unreliable
,2010,2010,Female,F,American Indian or Alaska Native,1002-5,1 year,1,0,38087,Unreliable
,2010,2010,Female,F,American Indian or Alaska Native,1002-5,2 years,2,0,39444,Unreliable
,2010,2010,Female,F,American Indian or Alaska Native,1002-5,3 years,3,0,39502,Unreliable
,2010,2010,Female,F,American Indian or Alaska Native,1002-5,4 years,4,0,38482,Unreliable
,2010,2010,Female,F,American Indian or Alaska Native,1002-5,5 years,5,0,38152,Unreliable
,2010,2010,Female,F,American Indian or Alaska Native,1002-5,6 years,6,0,37526,Unreliable
,2010,2010,Female,F,American Indian or Alaska Native,1002-5,7 years,7,0,36967,Unreliable
,2010,2010,Female,F,American Indian or Alaska Native,1002-5,8 years,8,0,36686,Unreliable
,2010,2010,Female,F,American Indian or Alaska Native,1002-5,9 years,9,0,37310,Unreliable
,2010,2010,Female,F,American Indian or Alaska Native,1002-5,10 years,10,0,37523,Unreliable
,2010,2010,Female,F,American Indian or Alaska Native,1002-5,11 years,11,0,36925,Unreliable
,2010,2010,Female,F,American Indian or Alaska Native,1002-5,13 years,13,0,36539,Unreliable
,2010,2010,Female,F,American Indian or Alaska Native,1002-5,14 years,14,0,36017,Unreliable
,2010,2010,Female,F,American Indian or Alaska Native,1002-5,15 years,15,0,36910,Unreliable
,2010,2010,Female,F,American Indian or Alaska Native,1002-5,16 years,16,0,38173,Unreliable
,2010,2010,Female,F,American Indian or Alaska Native,1002-5,18 years,18,0,39196,Unreliable
,2010,2010,Female,F,American Indian or Alaska Native,1002-5,19 years,19,0,38362,Unreliable
,2010,2010,Female,F,American Indian or Alaska Native,1002-5,25 years,25,0,33296,Unreliable
,2010,2010,Female,F,American Indian or Alaska Native,1002-5,53 years,53,0,25002,Unreliable
,2010,2010,Female,F,American Indian or Alaska Native,1002-5,58 years,58,0,19097,Unreliable
,2010,2010,Female,F,American Indian or Alaska Native,1002-5,59 years,59,0,18334,Unreliable
,2010,2010,Female,F,American Indian or Alaska Native,1002-5,60 years,60,0,17469,Unreliable
,2010,2010,Female,F,American Indian or Alaska Native,1002-5,62 years,62,0,15691,Unreliable
,2010,2010,Female,F,American Indian or Alaska Native,1002-5,63 years,63,0,15073,Unreliable
,2010,2010,Female,F,American Indian or Alaska Native,1002-5,65 years,65,0,11855,Unreliable
,2010,2010,Female,F,American Indian or Alaska Native,1002-5,66 years,66,0,11070,Unreliable
,2010,2010,Female,F,American Indian or Alaska Native,1002-5,67 years,67,0,10548,Unreliable
,2010,2010,Female,F,American Indian or Alaska Native,1002-5,68 years,68,0,9345,Unreliable
,2010,2010,Female,F,American Indian or Alaska Native,1002-5,69 years,69,0,8719,Unreliable
,2010,2010,Female,F,American Indian or Alaska Native,1002-5,70 years,70,0,8334,Unreliable
,2010,2010,Female,F,American Indian or Alaska Native,1002-5,71 years,71,0,7627,Unreliable
,2010,2010,Female,F,American Indian or Alaska Native,1002-5,72 years,72,0,7158,Unreliable
,2010,2010,Female,F,American Indian or Alaska Native,1002-5,73 years,73,0,6527,Unreliable
,2010,2010,Female,F,American Indian or Alaska Native,1002-5,74 years,74,0,6286,Unreliable
,2010,2010,Female,F,American Indian or Alaska Native,1002-5,75 years,75,0,5887,Unreliable
,2010,2010,Female,F,American Indian or Alaska Native,1002-5,76 years,76,0,5085,Unreliable
,2010,2010,Female,F,American Indian or Alaska Native,1002-5,77 years,77,0,4986,Unreliable
,2010,2010,Female,F,American Indian or Alaska Native,1002-5,78 years,78,0,4476,Unreliable
,2010,2010,Female,F,American Indian or Alaska Native,1002-5,79 years,79,0,4301,Unreliable
,2010,2010,Female,F,American Indian or Alaska Native,1002-5,80 years,80,0,3970,Unreliable
,2010,2010,Female,F,American Indian or Alaska Native,1002-5,81 years,81,0,3387,Unreliable
,2010,2010,Female,F,American Indian or Alaska Native,1002-5,82 years,82,0,3248,Unreliable
,2010,2010,Female,F,American Indian or Alaska Native,1002-5,83 years,83,0,2957,Unreliable
,2010,2010,Female,F,American Indian or Alaska Native,1002-5,84 years,84,0,2595,Unreliable
,2010,2010,Female,F,American Indian or Alaska Native,1002-5,85 years,85,0,Not Applicable,Not Applicable
,2010,2010,Female,F,American Indian or Alaska Native,1002-5,86 years,86,0,Not Applicable,Not Applicable
,2010,2010,Female,F,American Indian or Alaska Native,1002-5,87 years,87,0,Not Applicable,Not Applicable
,2010,2010,Female,F,American Indian or Alaska Native,1002-5,88 years,88,0,Not Applicable,Not Applicable
,2010,2010,Female,F,American Indian or Alaska Native,1002-5,90 years,90,0,Not Applicable,Not Applicable
,2010,2010,Female,F,American Indian or Alaska Native,1002-5,91 years,91,0,Not Applicable,Not Applicable
,2010,2010,Female,F,American Indian or Alaska Native,1002-5,92 years,92,0,Not Applicable,Not Applicable
,2010,2010,Female,F,American Indian or Alaska Native,1002-5,93 years,93,0,Not Applicable,Not Applicable
,2010,2010,Female,F,American Indian or Alaska Native,1002-5,94 years,94,0,Not Applicable,Not Applicable
,2010,2010,Female,F,American Indian or Alaska Native,1002-5,95 years,95,0,Not Applicable,Not Applicable
,2010,2010,Female,F,American Indian or Alaska Native,1002-5,96 years,96,0,Not Applicable,Not Applicable
,2010,2010,Female,F,American Indian or Alaska Native,1002-5,97 years,97,0,Not Applicable,Not Applicable
,2010,2010,Female,F,American Indian or Alaska Native,1002-5,98 years,98,0,Not Applicable,Not Applicable
,2010,2010,Female,F,American Indian or Alaska Native,1002-5,99 years,99,0,Not Applicable,Not Applicable
,2010,2010,Female,F,American Indian or Alaska Native,1002-5,100+ years,100,0,Not Applicable,Not Applicable
,2010,2010,Female,F,American Indian or Alaska Native,1002-5,Not Stated,NS,0,Not Applicable,Not Applicable
,2010,2010,Female,F,Asian or Pacific Islander,A-PI,< 1 year,0,0,109711,Unreliable
,2010,2010,Female,F,Asian or Pacific Islander,A-PI,1 year,1,0,111116,Unreliable
,2010,2010,Female,F,Asian or Pacific Islander,A-PI,2 years,2,0,117119,Unreliable
,2010,2010,Female,F,Asian or Pacific Islander,A-PI,3 years,3,0,116202,Unreliable
,2010,2010,Female,F,Asian or Pacific Islander,A-PI,4 years,4,0,115391,Unreliable
,2010,2010,Female,F,Asian or Pacific Islander,A-PI,5 years,5,0,119276,Unreliable
,2010,2010,Female,F,Asian or Pacific Islander,A-PI,6 years,6,0,118046,Unreliable
,2010,2010,Female,F,Asian or Pacific Islander,A-PI,7 years,7,0,116363,Unreliable
,2010,2010,Female,F,Asian or Pacific Islander,A-PI,8 years,8,0,111406,Unreliable
,2010,2010,Female,F,Asian or Pacific Islander,A-PI,9 years,9,0,116116,Unreliable
,2010,2010,Female,F,Asian or Pacific Islander,A-PI,10 years,10,0,110357,Unreliable
,2010,2010,Female,F,Asian or Pacific Islander,A-PI,11 years,11,0,106721,Unreliable
,2010,2010,Female,F,Asian or Pacific Islander,A-PI,12 years,12,0,108062,Unreliable
,2010,2010,Female,F,Asian or Pacific Islander,A-PI,13 years,13,0,109052,Unreliable
,2010,2010,Female,F,Asian or Pacific Islander,A-PI,14 years,14,0,109090,Unreliable
,2010,2010,Female,F,Asian or Pacific Islander,A-PI,16 years,16,0,108718,Unreliable
,2010,2010,Female,F,Asian or Pacific Islander,A-PI,19 years,19,0,126493,Unreliable
,2010,2010,Female,F,Asian or Pacific Islander,A-PI,20 years,20,0,128970,Unreliable
,2010,2010,Female,F,Asian or Pacific Islander,A-PI,22 years,22,0,127813,Unreliable
,2010,2010,Female,F,Asian or Pacific Islander,A-PI,24 years,24,0,134213,Unreliable
,2010,2010,Female,F,Asian or Pacific Islander,A-PI,25 years,25,0,142137,Unreliable
,2010,2010,Female,F,Asian or Pacific Islander,A-PI,27 years,27,0,151951,Unreliable
,2010,2010,Female,F,Asian or Pacific Islander,A-PI,29 years,29,0,152872,Unreliable
,2010,2010,Female,F,Asian or Pacific Islander,A-PI,31 years,31,0,147890,Unreliable
,2010,2010,Female,F,Asian or Pacific Islander,A-PI,32 years,32,0,147324,Unreliable
,2010,2010,Female,F,Asian or Pacific Islander,A-PI,33 years,33,0,148419,Unreliable
,2010,2010,Female,F,Asian or Pacific Islander,A-PI,34 years,34,0,150068,Unreliable
,2010,2010,Female,F,Asian or Pacific Islander,A-PI,35 years,35,0,153944,Unreliable
,2010,2010,Female,F,Asian or Pacific Islander,A-PI,40 years,40,0,151497,Unreliable
,2010,2010,Female,F,Asian or Pacific Islander,A-PI,41 years,41,0,142049,Unreliable
,2010,2010,Female,F,Asian or Pacific Islander,A-PI,44 years,44,0,129525,Unreliable
,2010,2010,Female,F,Asian or Pacific Islander,A-PI,51 years,51,0,117303,Unreliable
,2010,2010,Female,F,Asian or Pacific Islander,A-PI,54 years,54,0,113662,Unreliable
,2010,2010,Female,F,Asian or Pacific Islander,A-PI,55 years,55,0,113069,Unreliable
,2010,2010,Female,F,Asian or Pacific Islander,A-PI,56 years,56,0,103430,Unreliable
,2010,2010,Female,F,Asian or Pacific Islander,A-PI,58 years,58,0,93535,Unreliable
,2010,2010,Female,F,Asian or Pacific Islander,A-PI,59 years,59,0,95030,Unreliable
,2010,2010,Female,F,Asian or Pacific Islander,A-PI,61 years,61,0,88308,Unreliable
,2010,2010,Female,F,Asian or Pacific Islander,A-PI,62 years,62,0,83639,Unreliable
,2010,2010,Female,F,Asian or Pacific Islander,A-PI,65 years,65,0,64969,Unreliable
,2010,2010,Female,F,Asian or Pacific Islander,A-PI,66 years,66,0,58178,Unreliable
,2010,2010,Female,F,Asian or Pacific Islander,A-PI,67 years,67,0,55712,Unreliable
,2010,2010,Female,F,Asian or Pacific Islander,A-PI,68 years,68,0,52517,Unreliable
,2010,2010,Female,F,Asian or Pacific Islander,A-PI,69 years,69,0,49637,Unreliable
,2010,2010,Female,F,Asian or Pacific Islander,A-PI,70 years,70,0,48159,Unreliable
,2010,2010,Female,F,Asian or Pacific Islander,A-PI,71 years,71,0,43029,Unreliable
,2010,2010,Female,F,Asian or Pacific Islander,A-PI,72 years,72,0,42077,Unreliable
,2010,2010,Female,F,Asian or Pacific Islander,A-PI,73 years,73,0,39088,Unreliable
,2010,2010,Female,F,Asian or Pacific Islander,A-PI,74 years,74,0,37436,Unreliable
,2010,2010,Female,F,Asian or Pacific Islander,A-PI,75 years,75,0,35136,Unreliable
,2010,2010,Female,F,Asian or Pacific Islander,A-PI,76 years,76,0,32617,Unreliable
,2010,2010,Female,F,Asian or Pacific Islander,A-PI,77 years,77,0,31715,Unreliable
,2010,2010,Female,F,Asian or Pacific Islander,A-PI,78 years,78,0,28500,Unreliable
,2010,2010,Female,F,Asian or Pacific Islander,A-PI,79 years,79,0,28591,Unreliable
,2010,2010,Female,F,Asian or Pacific Islander,A-PI,80 years,80,0,26684,Unreliable
,2010,2010,Female,F,Asian or Pacific Islander,A-PI,81 years,81,0,23719,Unreliable
,2010,2010,Female,F,Asian or Pacific Islander,A-PI,82 years,82,0,21948,Unreliable
,2010,2010,Female,F,Asian or Pacific Islander,A-PI,83 years,83,0,19902,Unreliable
,2010,2010,Female,F,Asian or Pacific Islander,A-PI,84 years,84,0,18123,Unreliable
,2010,2010,Female,F,Asian or Pacific Islander,A-PI,85 years,85,0,Not Applicable,Not Applicable
,2010,2010,Female,F,Asian or Pacific Islander,A-PI,86 years,86,0,Not Applicable,Not Applicable
,2010,2010,Female,F,Asian or Pacific Islander,A-PI,87 years,87,0,Not Applicable,Not Applicable
,2010,2010,Female,F,Asian or Pacific Islander,A-PI,88 years,88,0,Not Applicable,Not Applicable
,2010,2010,Female,F,Asian or Pacific Islander,A-PI,91 years,91,0,Not Applicable,Not Applicable
,2010,2010,Female,F,Asian or Pacific Islander,A-PI,92 years,92,0,Not Applicable,Not Applicable
,2010,2010,Female,F,Asian or Pacific Islander,A-PI,93 years,93,0,Not Applicable,Not Applicable
,2010,2010,Female,F,Asian or Pacific Islander,A-PI,94 years,94,0,Not Applicable,Not Applicable
,2010,2010,Female,F,Asian or Pacific Islander,A-PI,95 years,95,0,Not Applicable,Not Applicable
,2010,2010,Female,F,Asian or Pacific Islander,A-PI,96 years,96,0,Not Applicable,Not Applicable
,2010,2010,Female,F,Asian or Pacific Islander,A-PI,97 years,97,0,Not Applicable,Not Applicable
,2010,2010,Female,F,Asian or Pacific Islander,A-PI,98 years,98,0,Not Applicable,Not Applicable
,2010,2010,Female,F,Asian or Pacific Islander,A-PI,99 years,99,0,Not Applicable,Not Applicable
,2010,2010,Female,F,Asian or Pacific Islander,A-PI,100+ years,100,0,Not Applicable,Not Applicable
,2010,2010,Female,F,Asian or Pacific Islander,A-PI,Not Stated,NS,0,Not Applicable,Not Applicable
,2010,2010,Female,F,Black or African American,2054-5,3 years,3,0,338847,Unreliable
,2010,2010,Female,F,Black or African American,2054-5,4 years,4,0,329120,Unreliable
,2010,2010,Female,F,Black or African American,2054-5,5 years,5,0,322737,Unreliable
,2010,2010,Female,F,Black or African American,2054-5,6 years,6,0,320069,Unreliable
,2010,2010,Female,F,Black or African American,2054-5,7 years,7,0,318749,Unreliable
,2010,2010,Female,F,Black or African American,2054-5,8 years,8,0,324501,Unreliable
,2010,2010,Female,F,Black or African American,2054-5,9 years,9,0,334708,Unreliable
,2010,2010,Female,F,Black or African American,2054-5,10 years,10,0,339071,Unreliable
,2010,2010,Female,F,Black or African American,2054-5,11 years,11,0,332561,Unreliable
,2010,2010,Female,F,Black or African American,2054-5,12 years,12,0,332643,Unreliable
,2010,2010,Female,F,Black or African American,2054-5,13 years,13,0,331440,Unreliable
,2010,2010,Female,F,Black or African American,2054-5,16 years,16,0,365233,Unreliable
,2010,2010,Female,F,Black or African American,2054-5,17 years,17,0,371953,Unreliable
,2010,2010,Female,F,Black or African American,2054-5,18 years,18,0,381892,Unreliable
,2010,2010,Female,F,Black or African American,2054-5,19 years,19,0,387470,Unreliable
,2010,2010,Female,F,Black or African American,2054-5,21 years,21,0,353872,Unreliable
,2010,2010,Female,F,Black or African American,2054-5,31 years,31,11,300847,Unreliable
,2010,2010,Female,F,Black or African American,2054-5,33 years,33,14,288087,Unreliable
,2010,2010,Female,F,Black or African American,2054-5,38 years,38,13,299862,Unreliable
,2010,2010,Female,F,Black or African American,2054-5,41 years,41,10,287077,Unreliable
,2010,2010,Female,F,Black or African American,2054-5,43 years,43,12,293309,Unreliable
,2010,2010,Female,F,Black or African American,2054-5,44 years,44,15,304183,Unreliable
,2010,2010,Female,F,Black or African American,2054-5,45 years,45,13,320041,Unreliable
,2010,2010,Female,F,Black or African American,2054-5,46 years,46,16,312908,Unreliable
,2010,2010,Female,F,Black or African American,2054-5,48 years,48,10,308391,Unreliable
,2010,2010,Female,F,Black or African American,2054-5,49 years,49,13,312576,Unreliable
,2010,2010,Female,F,Black or African American,2054-5,50 years,50,16,318649,Unreliable
,2010,2010,Female,F,Black or African American,2054-5,51 years,51,23,300448,7.7
,2010,2010,Female,F,Black or African American,2054-5,52 years,52,19,297498,Unreliable
,2010,2010,Female,F,Black or African American,2054-5,53 years,53,14,291659,Unreliable
,2010,2010,Female,F,Black or African American,2054-5,54 years,54,22,282445,7.8
,2010,2010,Female,F,Black or African American,2054-5,55 years,55,15,274721,Unreliable
,2010,2010,Female,F,Black or African American,2054-5,67 years,67,0,139849,Unreliable
,2010,2010,Female,F,Black or African American,2054-5,70 years,70,0,116094,Unreliable
,2010,2010,Female,F,Black or African American,2054-5,73 years,73,0,95013,Unreliable
,2010,2010,Female,F,Black or African American,2054-5,75 years,75,0,89200,Unreliable
,2010,2010,Female,F,Black or African American,2054-5,76 years,76,0,81222,Unreliable
,2010,2010,Female,F,Black or African American,2054-5,77 years,77,0,79739,Unreliable
,2010,2010,Female,F,Black or African American,2054-5,79 years,79,0,68643,Unreliable
,2010,2010,Female,F,Black or African American,2054-5,80 years,80,0,66703,Unreliable
,2010,2010,Female,F,Black or African American,2054-5,81 years,81,0,60448,Unreliable
,2010,2010,Female,F,Black or African American,2054-5,82 years,82,0,57145,Unreliable
,2010,2010,Female,F,Black or African American,2054-5,83 years,83,0,52451,Unreliable
,2010,2010,Female,F,Black or African American,2054-5,84 years,84,0,48992,Unreliable
,2010,2010,Female,F,Black or African American,2054-5,85 years,85,0,Not Applicable,Not Applicable
,2010,2010,Female,F,Black or African American,2054-5,86 years,86,0,Not Applicable,Not Applicable
,2010,2010,Female,F,Black or African American,2054-5,87 years,87,0,Not Applicable,Not Applicable
,2010,2010,Female,F,Black or African American,2054-5,88 years,88,0,Not Applicable,Not Applicable
,2010,2010,Female,F,Black or African American,2054-5,89 years,89,0,Not Applicable,Not Applicable
,2010,2010,Female,F,Black or African American,2054-5,90 years,90,0,Not Applicable,Not Applicable
,2010,2010,Female,F,Black or African American,2054-5,91 years,91,0,Not Applicable,Not Applicable
,2010,2010,Female,F,Black or African American,2054-5,92 years,92,0,Not Applicable,Not Applicable
,2010,2010,Female,F,Black or African American,2054-5,93 years,93,0,Not Applicable,Not Applicable
,2010,2010,Female,F,Black or African American,2054-5,94 years,94,0,Not Applicable,Not Applicable
,2010,2010,Female,F,Black or African American,2054-5,95 years,95,0,Not Applicable,Not Applicable
,2010,2010,Female,F,Black or African American,2054-5,96 years,96,0,Not Applicable,Not Applicable
,2010,2010,Female,F,Black or African American,2054-5,97 years,97,0,Not Applicable,Not Applicable
,2010,2010,Female,F,Black or African American,2054-5,98 years,98,0,Not Applicable,Not Applicable
,2010,2010,Female,F,Black or African American,2054-5,99 years,99,0,Not Applicable,Not Applicable
,2010,2010,Female,F,Black or African American,2054-5,100+ years,100,0,Not Applicable,Not Applicable
,2010,2010,Female,F,Black or African American,2054-5,Not Stated,NS,0,Not Applicable,Not Applicable
,2010,2010,Female,F,White,2106-3,3 years,3,0,1519939,Unreliable
,2010,2010,Female,F,White,2106-3,4 years,4,0,1502627,Unreliable
,2010,2010,Female,F,White,2106-3,5 years,5,0,1504599,Unreliable
,2010,2010,Female,F,White,2106-3,6 years,6,0,1515421,Unreliable
,2010,2010,Female,F,White,2106-3,7 years,7,0,1501424,Unreliable
,2010,2010,Female,F,White,2106-3,9 years,9,0,1540523,Unreliable
,2010,2010,Female,F,White,2106-3,11 years,11,0,1534944,Unreliable
,2010,2010,Female,F,White,2106-3,16 years,16,15,1587981,Unreliable
,2010,2010,Female,F,White,2106-3,17 years,17,16,1610899,Unreliable
,2010,2010,Female,F,White,2106-3,18 years,18,22,1656245,1.3
,2010,2010,Female,F,White,2106-3,19 years,19,40,1690925,2.4
,2010,2010,Female,F,White,2106-3,20 years,20,47,1666669,2.8
,2010,2010,Female,F,White,2106-3,21 years,21,52,1610949,3.2
,2010,2010,Female,F,White,2106-3,22 years,22,61,1590104,3.8
,2010,2010,Female,F,White,2106-3,23 years,23,65,1572961,4.1
,2010,2010,Female,F,White,2106-3,24 years,24,73,1596690,4.6
,2010,2010,Female,F,White,2106-3,25 years,25,62,1607471,3.9
,2010,2010,Female,F,White,2106-3,26 years,26,92,1568805,5.9
,2010,2010,Female,F,White,2106-3,27 years,27,93,1607554,5.8
,2010,2010,Female,F,White,2106-3,28 years,28,109,1597405,6.8
,2010,2010,Female,F,White,2106-3,29 years,29,102,1601541,6.4
,2010,2010,Female,F,White,2106-3,30 years,30,130,1610666,8.1
,2010,2010,Female,F,White,2106-3,31 years,31,101,1503121,6.7
,2010,2010,Female,F,White,2106-3,32 years,32,110,1517370,7.2
,2010,2010,Female,F,White,2106-3,33 years,33,90,1477433,6.1
,2010,2010,Female,F,White,2106-3,34 years,34,103,1460570,7.1
,2010,2010,Female,F,White,2106-3,35 years,35,104,1504456,6.9
,2010,2010,Female,F,White,2106-3,36 years,36,138,1452220,9.5
,2010,2010,Female,F,White,2106-3,37 years,37,125,1504968,8.3
,2010,2010,Female,F,White,2106-3,38 years,38,134,1590682,8.4
,2010,2010,Female,F,White,2106-3,39 years,39,138,1699187,8.1
,2010,2010,Female,F,White,2106-3,40 years,40,137,1701997,8
,2010,2010,Female,F,White,2106-3,41 years,41,156,1610720,9.7
,2010,2010,Female,F,White,2106-3,42 years,42,145,1594725,9.1
,2010,2010,Female,F,White,2106-3,43 years,43,149,1621927,9.2
,2010,2010,Female,F,White,2106-3,44 years,44,164,1659902,9.9
,2010,2010,Female,F,White,2106-3,45 years,45,168,1789766,9.4
,2010,2010,Female,F,White,2106-3,46 years,46,213,1813180,11.7
,2010,2010,Female,F,White,2106-3,47 years,47,193,1826176,10.6
,2010,2010,Female,F,White,2106-3,48 years,48,208,1845193,11.3
,2010,2010,Female,F,White,2106-3,49 years,49,233,1877889,12.4
,2010,2010,Female,F,White,2106-3,50 years,50,197,1889275,10.4
,2010,2010,Female,F,White,2106-3,51 years,51,213,1829750,11.6
,2010,2010,Female,F,White,2106-3,52 years,52,234,1853437,12.6
,2010,2010,Female,F,White,2106-3,53 years,53,192,1808570,10.6
,2010,2010,Female,F,White,2106-3,54 years,54,189,1777802,10.6
,2010,2010,Female,F,White,2106-3,55 years,55,165,1770524,9.3
,2010,2010,Female,F,White,2106-3,56 years,56,134,1700614,7.9
,2010,2010,Female,F,White,2106-3,57 years,57,136,1664922,8.2
,2010,2010,Female,F,White,2106-3,58 years,58,96,1613873,5.9
,2010,2010,Female,F,White,2106-3,59 years,59,99,1544632,6.4
,2010,2010,Female,F,White,2106-3,60 years,60,90,1537979,5.9
,2010,2010,Female,F,White,2106-3,61 years,61,87,1502097,5.8
,2010,2010,Female,F,White,2106-3,62 years,62,60,1553797,3.9
,2010,2010,Female,F,White,2106-3,63 years,63,49,1537856,3.2
,2010,2010,Female,F,White,2106-3,64 years,64,38,1160108,3.3
,2010,2010,Female,F,White,2106-3,65 years,65,32,1179172,2.7
,2010,2010,Female,F,White,2106-3,66 years,66,21,1179516,1.8
,2010,2010,Female,F,White,2106-3,67 years,67,34,1194350,2.8
,2010,2010,Female,F,White,2106-3,68 years,68,25,1048003,2.4
,2010,2010,Female,F,White,2106-3,69 years,69,13,969889,Unreliable
,2010,2010,Female,F,White,2106-3,70 years,70,14,924923,Unreliable
,2010,2010,Female,F,White,2106-3,71 years,71,14,892936,Unreliable
,2010,2010,Female,F,White,2106-3,72 years,72,15,859228,Unreliable
,2010,2010,Female,F,White,2106-3,75 years,75,11,768846,Unreliable
,2010,2010,Female,F,White,2106-3,95 years,95,0,Not Applicable,Not Applicable
,2010,2010,Female,F,White,2106-3,96 years,96,0,Not Applicable,Not Applicable
,2010,2010,Female,F,White,2106-3,98 years,98,0,Not Applicable,Not Applicable
,2010,2010,Female,F,White,2106-3,99 years,99,0,Not Applicable,Not Applicable
,2010,2010,Female,F,White,2106-3,Not Stated,NS,0,Not Applicable,Not Applicable
,2010,2010,Male,M,American Indian or Alaska Native,1002-5,< 1 year,0,0,39263,Unreliable
,2010,2010,Male,M,American Indian or Alaska Native,1002-5,1 year,1,0,39325,Unreliable
,2010,2010,Male,M,American Indian or Alaska Native,1002-5,2 years,2,0,40480,Unreliable
,2010,2010,Male,M,American Indian or Alaska Native,1002-5,3 years,3,0,40971,Unreliable
,2010,2010,Male,M,American Indian or Alaska Native,1002-5,4 years,4,0,39692,Unreliable
,2010,2010,Male,M,American Indian or Alaska Native,1002-5,5 years,5,0,39201,Unreliable
,2010,2010,Male,M,American Indian or Alaska Native,1002-5,6 years,6,0,38017,Unreliable
,2010,2010,Male,M,American Indian or Alaska Native,1002-5,7 years,7,0,37878,Unreliable
,2010,2010,Male,M,American Indian or Alaska Native,1002-5,8 years,8,0,37879,Unreliable
,2010,2010,Male,M,American Indian or Alaska Native,1002-5,9 years,9,0,38288,Unreliable
,2010,2010,Male,M,American Indian or Alaska Native,1002-5,10 years,10,0,38919,Unreliable
,2010,2010,Male,M,American Indian or Alaska Native,1002-5,11 years,11,0,37824,Unreliable
,2010,2010,Male,M,American Indian or Alaska Native,1002-5,12 years,12,0,37371,Unreliable
,2010,2010,Male,M,American Indian or Alaska Native,1002-5,14 years,14,0,37658,Unreliable
,2010,2010,Male,M,American Indian or Alaska Native,1002-5,15 years,15,0,38499,Unreliable
,2010,2010,Male,M,American Indian or Alaska Native,1002-5,41 years,41,0,28278,Unreliable
,2010,2010,Male,M,American Indian or Alaska Native,1002-5,57 years,57,0,18754,Unreliable
,2010,2010,Male,M,American Indian or Alaska Native,1002-5,59 years,59,0,16963,Unreliable
,2010,2010,Male,M,American Indian or Alaska Native,1002-5,63 years,63,0,14138,Unreliable
,2010,2010,Male,M,American Indian or Alaska Native,1002-5,64 years,64,0,11043,Unreliable
,2010,2010,Male,M,American Indian or Alaska Native,1002-5,65 years,65,0,10743,Unreliable
,2010,2010,Male,M,American Indian or Alaska Native,1002-5,66 years,66,0,9967,Unreliable
,2010,2010,Male,M,American Indian or Alaska Native,1002-5,67 years,67,0,9419,Unreliable
,2010,2010,Male,M,American Indian or Alaska Native,1002-5,68 years,68,0,8487,Unreliable
,2010,2010,Male,M,American Indian or Alaska Native,1002-5,69 years,69,0,7756,Unreliable
,2010,2010,Male,M,American Indian or Alaska Native,1002-5,70 years,70,0,7190,Unreliable
,2010,2010,Male,M,American Indian or Alaska Native,1002-5,71 years,71,0,6466,Unreliable
,2010,2010,Male,M,American Indian or Alaska Native,1002-5,73 years,73,0,5362,Unreliable
,2010,2010,Male,M,American Indian or Alaska Native,1002-5,74 years,74,0,4989,Unreliable
,2010,2010,Male,M,American Indian or Alaska Native,1002-5,75 years,75,0,4620,Unreliable
,2010,2010,Male,M,American Indian or Alaska Native,1002-5,76 years,76,0,3941,Unreliable
,2010,2010,Male,M,American Indian or Alaska Native,1002-5,77 years,77,0,3651,Unreliable
,2010,2010,Male,M,American Indian or Alaska Native,1002-5,78 years,78,0,3180,Unreliable
,2010,2010,Male,M,American Indian or Alaska Native,1002-5,79 years,79,0,2963,Unreliable
,2010,2010,Male,M,American Indian or Alaska Native,1002-5,80 years,80,0,2884,Unreliable
,2010,2010,Male,M,American Indian or Alaska Native,1002-5,81 years,81,0,2377,Unreliable
,2010,2010,Male,M,American Indian or Alaska Native,1002-5,82 years,82,0,2084,Unreliable
,2010,2010,Male,M,American Indian or Alaska Native,1002-5,83 years,83,0,1861,Unreliable
,2010,2010,Male,M,American Indian or Alaska Native,1002-5,84 years,84,0,1596,Unreliable
,2010,2010,Male,M,American Indian or Alaska Native,1002-5,85 years,85,0,Not Applicable,Not Applicable
,2010,2010,Male,M,American Indian or Alaska Native,1002-5,86 years,86,0,Not Applicable,Not Applicable
,2010,2010,Male,M,American Indian or Alaska Native,1002-5,87 years,87,0,Not Applicable,Not Applicable
,2010,2010,Male,M,American Indian or Alaska Native,1002-5,88 years,88,0,Not Applicable,Not Applicable
,2010,2010,Male,M,American Indian or Alaska Native,1002-5,89 years,89,0,Not Applicable,Not Applicable
,2010,2010,Male,M,American Indian or Alaska Native,1002-5,90 years,90,0,Not Applicable,Not Applicable
,2010,2010,Male,M,American Indian or Alaska Native,1002-5,91 years,91,0,Not Applicable,Not Applicable
,2010,2010,Male,M,American Indian or Alaska Native,1002-5,92 years,92,0,Not Applicable,Not Applicable
,2010,2010,Male,M,American Indian or Alaska Native,1002-5,93 years,93,0,Not Applicable,Not Applicable
,2010,2010,Male,M,American Indian or Alaska Native,1002-5,94 years,94,0,Not Applicable,Not Applicable
,2010,2010,Male,M,American Indian or Alaska Native,1002-5,95 years,95,0,Not Applicable,Not Applicable
,2010,2010,Male,M,American Indian or Alaska Native,1002-5,96 years,96,0,Not Applicable,Not Applicable
,2010,2010,Male,M,American Indian or Alaska Native,1002-5,97 years,97,0,Not Applicable,Not Applicable
,2010,2010,Male,M,American Indian or Alaska Native,1002-5,98 years,98,0,Not Applicable,Not Applicable
,2010,2010,Male,M,American Indian or Alaska Native,1002-5,99 years,99,0,Not Applicable,Not Applicable
,2010,2010,Male,M,American Indian or Alaska Native,1002-5,100+ years,100,0,Not Applicable,Not Applicable
,2010,2010,Male,M,American Indian or Alaska Native,1002-5,Not Stated,NS,0,Not Applicable,Not Applicable
,2010,2010,Male,M,Asian or Pacific Islander,A-PI,< 1 year,0,0,115570,Unreliable
,2010,2010,Male,M,Asian or Pacific Islander,A-PI,2 years,2,0,121581,Unreliable
,2010,2010,Male,M,Asian or Pacific Islander,A-PI,3 years,3,0,119940,Unreliable
,2010,2010,Male,M,Asian or Pacific Islander,A-PI,4 years,4,0,117988,Unreliable
,2010,2010,Male,M,Asian or Pacific Islander,A-PI,5 years,5,0,119828,Unreliable
,2010,2010,Male,M,Asian or Pacific Islander,A-PI,6 years,6,0,118252,Unreliable
,2010,2010,Male,M,Asian or Pacific Islander,A-PI,7 years,7,0,116383,Unreliable
,2010,2010,Male,M,Asian or Pacific Islander,A-PI,8 years,8,0,111577,Unreliable
,2010,2010,Male,M,Asian or Pacific Islander,A-PI,9 years,9,0,117224,Unreliable
,2010,2010,Male,M,Asian or Pacific Islander,A-PI,10 years,10,0,112170,Unreliable
,2010,2010,Male,M,Asian or Pacific Islander,A-PI,11 years,11,0,108302,Unreliable
,2010,2010,Male,M,Asian or Pacific Islander,A-PI,12 years,12,0,110763,Unreliable
,2010,2010,Male,M,Asian or Pacific Islander,A-PI,13 years,13,0,110785,Unreliable
,2010,2010,Male,M,Asian or Pacific Islander,A-PI,14 years,14,0,112224,Unreliable
,2010,2010,Male,M,Asian or Pacific Islander,A-PI,15 years,15,0,113086,Unreliable
,2010,2010,Male,M,Asian or Pacific Islander,A-PI,17 years,17,0,116544,Unreliable
,2010,2010,Male,M,Asian or Pacific Islander,A-PI,18 years,18,0,123981,Unreliable
,2010,2010,Male,M,Asian or Pacific Islander,A-PI,19 years,19,0,133051,Unreliable
,2010,2010,Male,M,Asian or Pacific Islander,A-PI,23 years,23,0,129938,Unreliable
,2010,2010,Male,M,Asian or Pacific Islander,A-PI,34 years,34,0,135243,Unreliable
,2010,2010,Male,M,Asian or Pacific Islander,A-PI,36 years,36,0,135548,Unreliable
,2010,2010,Male,M,Asian or Pacific Islander,A-PI,42 years,42,0,119030,Unreliable
,2010,2010,Male,M,Asian or Pacific Islander,A-PI,47 years,47,0,117497,Unreliable
,2010,2010,Male,M,Asian or Pacific Islander,A-PI,48 years,48,0,106050,Unreliable
,2010,2010,Male,M,Asian or Pacific Islander,A-PI,49 years,49,0,107116,Unreliable
,2010,2010,Male,M,Asian or Pacific Islander,A-PI,56 years,56,0,86842,Unreliable
,2010,2010,Male,M,Asian or Pacific Islander,A-PI,58 years,58,0,77137,Unreliable
,2010,2010,Male,M,Asian or Pacific Islander,A-PI,63 years,63,0,63386,Unreliable
,2010,2010,Male,M,Asian or Pacific Islander,A-PI,64 years,64,0,55108,Unreliable
,2010,2010,Male,M,Asian or Pacific Islander,A-PI,65 years,65,0,53648,Unreliable
,2010,2010,Male,M,Asian or Pacific Islander,A-PI,66 years,66,0,48790,Unreliable
,2010,2010,Male,M,Asian or Pacific Islander,A-PI,67 years,67,0,47150,Unreliable
,2010,2010,Male,M,Asian or Pacific Islander,A-PI,68 years,68,0,43569,Unreliable
,2010,2010,Male,M,Asian or Pacific Islander,A-PI,69 years,69,0,41759,Unreliable
,2010,2010,Male,M,Asian or Pacific Islander,A-PI,70 years,70,0,40561,Unreliable
,2010,2010,Male,M,Asian or Pacific Islander,A-PI,71 years,71,0,36583,Unreliable
,2010,2010,Male,M,Asian or Pacific Islander,A-PI,73 years,73,0,32137,Unreliable
,2010,2010,Male,M,Asian or Pacific Islander,A-PI,75 years,75,0,27248,Unreliable
,2010,2010,Male,M,Asian or Pacific Islander,A-PI,76 years,76,0,24384,Unreliable
,2010,2010,Male,M,Asian or Pacific Islander,A-PI,77 years,77,0,23036,Unreliable
,2010,2010,Male,M,Asian or Pacific Islander,A-PI,78 years,78,0,20410,Unreliable
,2010,2010,Male,M,Asian or Pacific Islander,A-PI,79 years,79,0,19472,Unreliable
,2010,2010,Male,M,Asian or Pacific Islander,A-PI,80 years,80,0,17861,Unreliable
,2010,2010,Male,M,Asian or Pacific Islander,A-PI,81 years,81,0,15414,Unreliable
,2010,2010,Male,M,Asian or Pacific Islander,A-PI,82 years,82,0,14252,Unreliable
,2010,2010,Male,M,Asian or Pacific Islander,A-PI,83 years,83,0,12565,Unreliable
,2010,2010,Male,M,Asian or Pacific Islander,A-PI,84 years,84,0,11095,Unreliable
,2010,2010,Male,M,Asian or Pacific Islander,A-PI,85 years,85,0,Not Applicable,Not Applicable
,2010,2010,Male,M,Asian or Pacific Islander,A-PI,86 years,86,0,Not Applicable,Not Applicable
,2010,2010,Male,M,Asian or Pacific Islander,A-PI,87 years,87,0,Not Applicable,Not Applicable
,2010,2010,Male,M,Asian or Pacific Islander,A-PI,88 years,88,0,Not Applicable,Not Applicable
,2010,2010,Male,M,Asian or Pacific Islander,A-PI,89 years,89,0,Not Applicable,Not Applicable
,2010,2010,Male,M,Asian or Pacific Islander,A-PI,90 years,90,0,Not Applicable,Not Applicable
,2010,2010,Male,M,Asian or Pacific Islander,A-PI,91 years,91,0,Not Applicable,Not Applicable
,2010,2010,Male,M,Asian or Pacific Islander,A-PI,92 years,92,0,Not Applicable,Not Applicable
,2010,2010,Male,M,Asian or Pacific Islander,A-PI,93 years,93,0,Not Applicable,Not Applicable
,2010,2010,Male,M,Asian or Pacific Islander,A-PI,94 years,94,0,Not Applicable,Not Applicable
,2010,2010,Male,M,Asian or Pacific Islander,A-PI,95 years,95,0,Not Applicable,Not Applicable
,2010,2010,Male,M,Asian or Pacific Islander,A-PI,96 years,96,0,Not Applicable,Not Applicable
,2010,2010,Male,M,Asian or Pacific Islander,A-PI,97 years,97,0,Not Applicable,Not Applicable
,2010,2010,Male,M,Asian or Pacific Islander,A-PI,98 years,98,0,Not Applicable,Not Applicable
,2010,2010,Male,M,Asian or Pacific Islander,A-PI,99 years,99,0,Not Applicable,Not Applicable
,2010,2010,Male,M,Asian or Pacific Islander,A-PI,100+ years,100,0,Not Applicable,Not Applicable
,2010,2010,Male,M,Asian or Pacific Islander,A-PI,Not Stated,NS,0,Not Applicable,Not Applicable
,2010,2010,Male,M,Black or African American,2054-5,2 years,2,0,352270,Unreliable
,2010,2010,Male,M,Black or African American,2054-5,3 years,3,0,351674,Unreliable
,2010,2010,Male,M,Black or African American,2054-5,6 years,6,0,330857,Unreliable
,2010,2010,Male,M,Black or African American,2054-5,7 years,7,0,329111,Unreliable
,2010,2010,Male,M,Black or African American,2054-5,8 years,8,0,335610,Unreliable
,2010,2010,Male,M,Black or African American,2054-5,10 years,10,0,352786,Unreliable
,2010,2010,Male,M,Black or African American,2054-5,12 years,12,0,345230,Unreliable
,2010,2010,Male,M,Black or African American,2054-5,13 years,13,0,341612,Unreliable
,2010,2010,Male,M,Black or African American,2054-5,21 years,21,11,349101,Unreliable
,2010,2010,Male,M,Black or African American,2054-5,27 years,27,14,291375,Unreliable
,2010,2010,Male,M,Black or African American,2054-5,34 years,34,12,253001,Unreliable
,2010,2010,Male,M,Black or African American,2054-5,38 years,38,14,266229,Unreliable
,2010,2010,Male,M,Black or African American,2054-5,44 years,44,12,272681,Unreliable
,2010,2010,Male,M,Black or African American,2054-5,45 years,45,14,286738,Unreliable
,2010,2010,Male,M,Black or African American,2054-5,46 years,46,12,279098,Unreliable
,2010,2010,Male,M,Black or African American,2054-5,47 years,47,16,278103,Unreliable
,2010,2010,Male,M,Black or African American,2054-5,48 years,48,12,272803,Unreliable
,2010,2010,Male,M,Black or African American,2054-5,49 years,49,12,277405,Unreliable
,2010,2010,Male,M,Black or African American,2054-5,50 years,50,12,283798,Unreliable
,2010,2010,Male,M,Black or African American,2054-5,51 years,51,18,265913,Unreliable
,2010,2010,Male,M,Black or African American,2054-5,53 years,53,19,254204,Unreliable
,2010,2010,Male,M,Black or African American,2054-5,55 years,55,13,238520,Unreliable
,2010,2010,Male,M,Black or African American,2054-5,56 years,56,17,217480,Unreliable
,2010,2010,Male,M,Black or African American,2054-5,57 years,57,12,206265,Unreliable
,2010,2010,Male,M,Black or African American,2054-5,58 years,58,10,194963,Unreliable
,2010,2010,Male,M,Black or African American,2054-5,60 years,60,11,185194,Unreliable
,2010,2010,Male,M,Black or African American,2054-5,68 years,68,0,95219,Unreliable
,2010,2010,Male,M,Black or African American,2054-5,69 years,69,0,88228,Unreliable
,2010,2010,Male,M,Black or African American,2054-5,71 years,71,0,77172,Unreliable
,2010,2010,Male,M,Black or African American,2054-5,72 years,72,0,72912,Unreliable
,2010,2010,Male,M,Black or African American,2054-5,73 years,73,0,66050,Unreliable
,2010,2010,Male,M,Black or African American,2054-5,74 years,74,0,63967,Unreliable
,2010,2010,Male,M,Black or African American,2054-5,77 years,77,0,49986,Unreliable
,2010,2010,Male,M,Black or African American,2054-5,78 years,78,0,42945,Unreliable
,2010,2010,Male,M,Black or African American,2054-5,79 years,79,0,40278,Unreliable
,2010,2010,Male,M,Black or African American,2054-5,80 years,80,0,37715,Unreliable
,2010,2010,Male,M,Black or African American,2054-5,81 years,81,0,32689,Unreliable
,2010,2010,Male,M,Black or African American,2054-5,82 years,82,0,29800,Unreliable
,2010,2010,Male,M,Black or African American,2054-5,83 years,83,0,27028,Unreliable
,2010,2010,Male,M,Black or African American,2054-5,84 years,84,0,23742,Unreliable
,2010,2010,Male,M,Black or African American,2054-5,85 years,85,0,Not Applicable,Not Applicable
,2010,2010,Male,M,Black or African American,2054-5,86 years,86,0,Not Applicable,Not Applicable
,2010,2010,Male,M,Black or African American,2054-5,87 years,87,0,Not Applicable,Not Applicable
,2010,2010,Male,M,Black or African American,2054-5,88 years,88,0,Not Applicable,Not Applicable
,2010,2010,Male,M,Black or African American,2054-5,89 years,89,0,Not Applicable,Not Applicable
,2010,2010,Male,M,Black or African American,2054-5,90 years,90,0,Not Applicable,Not Applicable
,2010,2010,Male,M,Black or African American,2054-5,91 years,91,0,Not Applicable,Not Applicable
,2010,2010,Male,M,Black or African American,2054-5,92 years,92,0,Not Applicable,Not Applicable
,2010,2010,Male,M,Black or African American,2054-5,93 years,93,0,Not Applicable,Not Applicable
,2010,2010,Male,M,Black or African American,2054-5,94 years,94,0,Not Applicable,Not Applicable
,2010,2010,Male,M,Black or African American,2054-5,95 years,95,0,Not Applicable,Not Applicable
,2010,2010,Male,M,Black or African American,2054-5,96 years,96,0,Not Applicable,Not Applicable
,2010,2010,Male,M,Black or African American,2054-5,97 years,97,0,Not Applicable,Not Applicable
,2010,2010,Male,M,Black or African American,2054-5,98 years,98,0,Not Applicable,Not Applicable
,2010,2010,Male,M,Black or African American,2054-5,99 years,99,0,Not Applicable,Not Applicable
,2010,2010,Male,M,Black or African American,2054-5,100+ years,100,0,Not Applicable,Not Applicable
,2010,2010,Male,M,Black or African American,2054-5,Not Stated,NS,0,Not Applicable,Not Applicable
,2010,2010,Male,M,White,2106-3,9 years,9,0,1617276,Unreliable
,2010,2010,Male,M,White,2106-3,10 years,10,0,1632121,Unreliable
,2010,2010,Male,M,White,2106-3,12 years,12,0,1606781,Unreliable
,2010,2010,Male,M,White,2106-3,14 years,14,12,1637891,Unreliable
,2010,2010,Male,M,White,2106-3,15 years,15,18,1661165,Unreliable
,2010,2010,Male,M,White,2106-3,16 years,16,26,1683488,1.5
,2010,2010,Male,M,White,2106-3,17 years,17,37,1715469,2.2
,2010,2010,Male,M,White,2106-3,18 years,18,82,1746838,4.7
,2010,2010,Male,M,White,2106-3,19 years,19,106,1776015,6
,2010,2010,Male,M,White,2106-3,20 years,20,154,1756477,8.8
,2010,2010,Male,M,White,2106-3,21 years,21,176,1700108,10.4
,2010,2010,Male,M,White,2106-3,22 years,22,167,1680887,9.9
,2010,2010,Male,M,White,2106-3,23 years,23,183,1662569,11
,2010,2010,Male,M,White,2106-3,24 years,24,223,1685673,13.2
,2010,2010,Male,M,White,2106-3,25 years,25,199,1687030,11.8
,2010,2010,Male,M,White,2106-3,26 years,26,254,1637899,15.5
,2010,2010,Male,M,White,2106-3,27 years,27,227,1674141,13.6
,2010,2010,Male,M,White,2106-3,28 years,28,230,1658998,13.9
,2010,2010,Male,M,White,2106-3,29 years,29,238,1659559,14.3
,2010,2010,Male,M,White,2106-3,30 years,30,255,1686839,15.1
,2010,2010,Male,M,White,2106-3,31 years,31,246,1554923,15.8
,2010,2010,Male,M,White,2106-3,32 years,32,228,1564360,14.6
,2010,2010,Male,M,White,2106-3,33 years,33,217,1517391,14.3
,2010,2010,Male,M,White,2106-3,34 years,34,188,1497695,12.6
,2010,2010,Male,M,White,2106-3,35 years,35,204,1551523,13.1
,2010,2010,Male,M,White,2106-3,36 years,36,183,1479373,12.4
,2010,2010,Male,M,White,2106-3,37 years,37,197,1527180,12.9
,2010,2010,Male,M,White,2106-3,38 years,38,218,1616890,13.5
,2010,2010,Male,M,White,2106-3,39 years,39,211,1723167,12.2
,2010,2010,Male,M,White,2106-3,40 years,40,228,1744711,13.1
,2010,2010,Male,M,White,2106-3,41 years,41,208,1635333,12.7
,2010,2010,Male,M,White,2106-3,42 years,42,216,1621572,13.3
,2010,2010,Male,M,White,2106-3,43 years,43,210,1634603,12.8
,2010,2010,Male,M,White,2106-3,44 years,44,253,1673880,15.1
,2010,2010,Male,M,White,2106-3,45 years,45,237,1802146,13.2
,2010,2010,Male,M,White,2106-3,46 years,46,263,1805235,14.6
,2010,2010,Male,M,White,2106-3,47 years,47,286,1814504,15.8
,2010,2010,Male,M,White,2106-3,48 years,48,270,1831354,14.7
,2010,2010,Male,M,White,2106-3,49 years,49,248,1852939,13.4
,2010,2010,Male,M,White,2106-3,50 years,50,252,1880027,13.4
,2010,2010,Male,M,White,2106-3,51 years,51,272,1798424,15.1
,2010,2010,Male,M,White,2106-3,52 years,52,222,1817458,12.2
,2010,2010,Male,M,White,2106-3,53 years,53,233,1765284,13.2
,2010,2010,Male,M,White,2106-3,54 years,54,195,1728429,11.3
,2010,2010,Male,M,White,2106-3,55 years,55,175,1718014,10.2
,2010,2010,Male,M,White,2106-3,56 years,56,185,1631637,11.3
,2010,2010,Male,M,White,2106-3,57 years,57,160,1595001,10
,2010,2010,Male,M,White,2106-3,58 years,58,143,1545165,9.3
,2010,2010,Male,M,White,2106-3,59 years,59,115,1469033,7.8
,2010,2010,Male,M,White,2106-3,60 years,60,93,1464428,6.4
,2010,2010,Male,M,White,2106-3,61 years,61,83,1420932,5.8
,2010,2010,Male,M,White,2106-3,62 years,62,68,1467645,4.6
,2010,2010,Male,M,White,2106-3,63 years,63,72,1447807,5
,2010,2010,Male,M,White,2106-3,64 years,64,27,1080597,2.5
,2010,2010,Male,M,White,2106-3,65 years,65,16,1089745,Unreliable
,2010,2010,Male,M,White,2106-3,66 years,66,19,1078707,Unreliable
,2010,2010,Male,M,White,2106-3,67 years,67,20,1085237,1.8
,2010,2010,Male,M,White,2106-3,68 years,68,15,940021,Unreliable
,2010,2010,Male,M,White,2106-3,69 years,69,11,857016,Unreliable
,2010,2010,Male,M,White,2106-3,70 years,70,10,812714,Unreliable
,2010,2010,Male,M,White,2106-3,89 years,89,0,Not Applicable,Not Applicable
,2010,2010,Male,M,White,2106-3,91 years,91,0,Not Applicable,Not Applicable
,2010,2010,Male,M,White,2106-3,92 years,92,0,Not Applicable,Not Applicable
,2010,2010,Male,M,White,2106-3,94 years,94,0,Not Applicable,Not Applicable
,2010,2010,Male,M,White,2106-3,95 years,95,0,Not Applicable,Not Applicable
,2010,2010,Male,M,White,2106-3,97 years,97,0,Not Applicable,Not Applicable
,2010,2010,Male,M,White,2106-3,98 years,98,0,Not Applicable,Not Applicable
,2010,2010,Male,M,White,2106-3,99 years,99,0,Not Applicable,Not Applicable
,2011,2011,Female,F,American Indian or Alaska Native,1002-5,< 1 year,0,0,39361,Unreliable
,2011,2011,Female,F,American Indian or Alaska Native,1002-5,1 year,1,0,38724,Unreliable
,2011,2011,Female,F,American Indian or Alaska Native,1002-5,2 years,2,0,38003,Unreliable
,2011,2011,Female,F,American Indian or Alaska Native,1002-5,3 years,3,0,39172,Unreliable
,2011,2011,Female,F,American Indian or Alaska Native,1002-5,4 years,4,0,39320,Unreliable
,2011,2011,Female,F,American Indian or Alaska Native,1002-5,5 years,5,0,38503,Unreliable
,2011,2011,Female,F,American Indian or Alaska Native,1002-5,6 years,6,0,38555,Unreliable
,2011,2011,Female,F,American Indian or Alaska Native,1002-5,7 years,7,0,37640,Unreliable
,2011,2011,Female,F,American Indian or Alaska Native,1002-5,8 years,8,0,36896,Unreliable
,2011,2011,Female,F,American Indian or Alaska Native,1002-5,9 years,9,0,36597,Unreliable
,2011,2011,Female,F,American Indian or Alaska Native,1002-5,10 years,10,0,37008,Unreliable
,2011,2011,Female,F,American Indian or Alaska Native,1002-5,11 years,11,0,37576,Unreliable
,2011,2011,Female,F,American Indian or Alaska Native,1002-5,12 years,12,0,36865,Unreliable
,2011,2011,Female,F,American Indian or Alaska Native,1002-5,13 years,13,0,36776,Unreliable
,2011,2011,Female,F,American Indian or Alaska Native,1002-5,15 years,15,0,36100,Unreliable
,2011,2011,Female,F,American Indian or Alaska Native,1002-5,16 years,16,0,36773,Unreliable
,2011,2011,Female,F,American Indian or Alaska Native,1002-5,17 years,17,0,37782,Unreliable
,2011,2011,Female,F,American Indian or Alaska Native,1002-5,18 years,18,0,38504,Unreliable
,2011,2011,Female,F,American Indian or Alaska Native,1002-5,19 years,19,0,39273,Unreliable
,2011,2011,Female,F,American Indian or Alaska Native,1002-5,20 years,20,0,38701,Unreliable
,2011,2011,Female,F,American Indian or Alaska Native,1002-5,23 years,23,0,34475,Unreliable
,2011,2011,Female,F,American Indian or Alaska Native,1002-5,26 years,26,0,33466,Unreliable
,2011,2011,Female,F,American Indian or Alaska Native,1002-5,29 years,29,0,32569,Unreliable
,2011,2011,Female,F,American Indian or Alaska Native,1002-5,34 years,34,0,29839,Unreliable
,2011,2011,Female,F,American Indian or Alaska Native,1002-5,45 years,45,0,27457,Unreliable
,2011,2011,Female,F,American Indian or Alaska Native,1002-5,65 years,65,0,12177,Unreliable
,2011,2011,Female,F,American Indian or Alaska Native,1002-5,66 years,66,0,11790,Unreliable
,2011,2011,Female,F,American Indian or Alaska Native,1002-5,67 years,67,0,11095,Unreliable
,2011,2011,Female,F,American Indian or Alaska Native,1002-5,68 years,68,0,10577,Unreliable
,2011,2011,Female,F,American Indian or Alaska Native,1002-5,69 years,69,0,9387,Unreliable
,2011,2011,Female,F,American Indian or Alaska Native,1002-5,70 years,70,0,8743,Unreliable
,2011,2011,Female,F,American Indian or Alaska Native,1002-5,71 years,71,0,8363,Unreliable
,2011,2011,Female,F,American Indian or Alaska Native,1002-5,72 years,72,0,7539,Unreliable
,2011,2011,Female,F,American Indian or Alaska Native,1002-5,73 years,73,0,7265,Unreliable
,2011,2011,Female,F,American Indian or Alaska Native,1002-5,74 years,74,0,6517,Unreliable
,2011,2011,Female,F,American Indian or Alaska Native,1002-5,75 years,75,0,6198,Unreliable
,2011,2011,Female,F,American Indian or Alaska Native,1002-5,76 years,76,0,5870,Unreliable
,2011,2011,Female,F,American Indian or Alaska Native,1002-5,77 years,77,0,5062,Unreliable
,2011,2011,Female,F,American Indian or Alaska Native,1002-5,78 years,78,0,4863,Unreliable
,2011,2011,Female,F,American Indian or Alaska Native,1002-5,79 years,79,0,4508,Unreliable
,2011,2011,Female,F,American Indian or Alaska Native,1002-5,80 years,80,0,4095,Unreliable
,2011,2011,Female,F,American Indian or Alaska Native,1002-5,82 years,82,0,3240,Unreliable
,2011,2011,Female,F,American Indian or Alaska Native,1002-5,83 years,83,0,3097,Unreliable
,2011,2011,Female,F,American Indian or Alaska Native,1002-5,84 years,84,0,2852,Unreliable
,2011,2011,Female,F,American Indian or Alaska Native,1002-5,85 years,85,0,Not Applicable,Not Applicable
,2011,2011,Female,F,American Indian or Alaska Native,1002-5,86 years,86,0,Not Applicable,Not Applicable
,2011,2011,Female,F,American Indian or Alaska Native,1002-5,87 years,87,0,Not Applicable,Not Applicable
,2011,2011,Female,F,American Indian or Alaska Native,1002-5,88 years,88,0,Not Applicable,Not Applicable
,2011,2011,Female,F,American Indian or Alaska Native,1002-5,89 years,89,0,Not Applicable,Not Applicable
,2011,2011,Female,F,American Indian or Alaska Native,1002-5,90 years,90,0,Not Applicable,Not Applicable
,2011,2011,Female,F,American Indian or Alaska Native,1002-5,91 years,91,0,Not Applicable,Not Applicable
,2011,2011,Female,F,American Indian or Alaska Native,1002-5,92 years,92,0,Not Applicable,Not Applicable
,2011,2011,Female,F,American Indian or Alaska Native,1002-5,93 years,93,0,Not Applicable,Not Applicable
,2011,2011,Female,F,American Indian or Alaska Native,1002-5,94 years,94,0,Not Applicable,Not Applicable
,2011,2011,Female,F,American Indian or Alaska Native,1002-5,95 years,95,0,Not Applicable,Not Applicable
,2011,2011,Female,F,American Indian or Alaska Native,1002-5,96 years,96,0,Not Applicable,Not Applicable
,2011,2011,Female,F,American Indian or Alaska Native,1002-5,97 years,97,0,Not Applicable,Not Applicable
,2011,2011,Female,F,American Indian or Alaska Native,1002-5,98 years,98,0,Not Applicable,Not Applicable
,2011,2011,Female,F,American Indian or Alaska Native,1002-5,99 years,99,0,Not Applicable,Not Applicable
,2011,2011,Female,F,American Indian or Alaska Native,1002-5,100+ years,100,0,Not Applicable,Not Applicable
,2011,2011,Female,F,American Indian or Alaska Native,1002-5,Not Stated,NS,0,Not Applicable,Not Applicable
,2011,2011,Female,F,Asian or Pacific Islander,A-PI,< 1 year,0,0,114463,Unreliable
,2011,2011,Female,F,Asian or Pacific Islander,A-PI,1 year,1,0,114991,Unreliable
,2011,2011,Female,F,Asian or Pacific Islander,A-PI,2 years,2,0,113838,Unreliable
,2011,2011,Female,F,Asian or Pacific Islander,A-PI,3 years,3,0,118715,Unreliable
,2011,2011,Female,F,Asian or Pacific Islander,A-PI,4 years,4,0,117478,Unreliable
,2011,2011,Female,F,Asian or Pacific Islander,A-PI,5 years,5,0,117146,Unreliable
,2011,2011,Female,F,Asian or Pacific Islander,A-PI,6 years,6,0,119813,Unreliable
,2011,2011,Female,F,Asian or Pacific Islander,A-PI,7 years,7,0,119938,Unreliable
,2011,2011,Female,F,Asian or Pacific Islander,A-PI,8 years,8,0,118895,Unreliable
,2011,2011,Female,F,Asian or Pacific Islander,A-PI,9 years,9,0,113158,Unreliable
,2011,2011,Female,F,Asian or Pacific Islander,A-PI,10 years,10,0,116070,Unreliable
,2011,2011,Female,F,Asian or Pacific Islander,A-PI,11 years,11,0,113726,Unreliable
,2011,2011,Female,F,Asian or Pacific Islander,A-PI,12 years,12,0,108203,Unreliable
,2011,2011,Female,F,Asian or Pacific Islander,A-PI,13 years,13,0,109290,Unreliable
,2011,2011,Female,F,Asian or Pacific Islander,A-PI,14 years,14,0,110126,Unreliable
,2011,2011,Female,F,Asian or Pacific Islander,A-PI,15 years,15,0,110813,Unreliable
,2011,2011,Female,F,Asian or Pacific Islander,A-PI,16 years,16,0,110146,Unreliable
,2011,2011,Female,F,Asian or Pacific Islander,A-PI,17 years,17,0,110980,Unreliable
,2011,2011,Female,F,Asian or Pacific Islander,A-PI,19 years,19,0,118309,Unreliable
,2011,2011,Female,F,Asian or Pacific Islander,A-PI,20 years,20,0,128165,Unreliable
,2011,2011,Female,F,Asian or Pacific Islander,A-PI,21 years,21,0,132688,Unreliable
,2011,2011,Female,F,Asian or Pacific Islander,A-PI,22 years,22,0,135070,Unreliable
,2011,2011,Female,F,Asian or Pacific Islander,A-PI,24 years,24,0,134132,Unreliable
,2011,2011,Female,F,Asian or Pacific Islander,A-PI,29 years,29,0,159543,Unreliable
,2011,2011,Female,F,Asian or Pacific Islander,A-PI,30 years,30,0,156513,Unreliable
,2011,2011,Female,F,Asian or Pacific Islander,A-PI,34 years,34,0,151199,Unreliable
,2011,2011,Female,F,Asian or Pacific Islander,A-PI,35 years,35,0,150669,Unreliable
,2011,2011,Female,F,Asian or Pacific Islander,A-PI,41 years,41,0,154363,Unreliable
,2011,2011,Female,F,Asian or Pacific Islander,A-PI,44 years,44,0,128045,Unreliable
,2011,2011,Female,F,Asian or Pacific Islander,A-PI,48 years,48,0,132868,Unreliable
,2011,2011,Female,F,Asian or Pacific Islander,A-PI,50 years,50,0,120481,Unreliable
,2011,2011,Female,F,Asian or Pacific Islander,A-PI,52 years,52,0,117723,Unreliable
,2011,2011,Female,F,Asian or Pacific Islander,A-PI,53 years,53,0,117774,Unreliable
,2011,2011,Female,F,Asian or Pacific Islander,A-PI,54 years,54,0,114390,Unreliable
,2011,2011,Female,F,Asian or Pacific Islander,A-PI,55 years,55,0,113821,Unreliable
,2011,2011,Female,F,Asian or Pacific Islander,A-PI,58 years,58,0,101734,Unreliable
,2011,2011,Female,F,Asian or Pacific Islander,A-PI,61 years,61,0,97837,Unreliable
,2011,2011,Female,F,Asian or Pacific Islander,A-PI,62 years,62,0,90075,Unreliable
,2011,2011,Female,F,Asian or Pacific Islander,A-PI,63 years,63,0,85095,Unreliable
,2011,2011,Female,F,Asian or Pacific Islander,A-PI,64 years,64,0,79808,Unreliable
,2011,2011,Female,F,Asian or Pacific Islander,A-PI,65 years,65,0,67280,Unreliable
,2011,2011,Female,F,Asian or Pacific Islander,A-PI,66 years,66,0,65325,Unreliable
,2011,2011,Female,F,Asian or Pacific Islander,A-PI,67 years,67,0,60261,Unreliable
,2011,2011,Female,F,Asian or Pacific Islander,A-PI,68 years,68,0,55608,Unreliable
,2011,2011,Female,F,Asian or Pacific Islander,A-PI,70 years,70,0,49901,Unreliable
,2011,2011,Female,F,Asian or Pacific Islander,A-PI,71 years,71,0,48422,Unreliable
,2011,2011,Female,F,Asian or Pacific Islander,A-PI,72 years,72,0,43589,Unreliable
,2011,2011,Female,F,Asian or Pacific Islander,A-PI,73 years,73,0,41840,Unreliable
,2011,2011,Female,F,Asian or Pacific Islander,A-PI,74 years,74,0,39263,Unreliable
,2011,2011,Female,F,Asian or Pacific Islander,A-PI,76 years,76,0,35252,Unreliable
,2011,2011,Female,F,Asian or Pacific Islander,A-PI,77 years,77,0,32087,Unreliable
,2011,2011,Female,F,Asian or Pacific Islander,A-PI,78 years,78,0,31506,Unreliable
,2011,2011,Female,F,Asian or Pacific Islander,A-PI,79 years,79,0,28651,Unreliable
,2011,2011,Female,F,Asian or Pacific Islander,A-PI,80 years,80,0,27134,Unreliable
,2011,2011,Female,F,Asian or Pacific Islander,A-PI,81 years,81,0,26553,Unreliable
,2011,2011,Female,F,Asian or Pacific Islander,A-PI,82 years,82,0,23311,Unreliable
,2011,2011,Female,F,Asian or Pacific Islander,A-PI,83 years,83,0,21437,Unreliable
,2011,2011,Female,F,Asian or Pacific Islander,A-PI,84 years,84,0,19306,Unreliable
,2011,2011,Female,F,Asian or Pacific Islander,A-PI,85 years,85,0,Not Applicable,Not Applicable
,2011,2011,Female,F,Asian or Pacific Islander,A-PI,86 years,86,0,Not Applicable,Not Applicable
,2011,2011,Female,F,Asian or Pacific Islander,A-PI,87 years,87,0,Not Applicable,Not Applicable
,2011,2011,Female,F,Asian or Pacific Islander,A-PI,88 years,88,0,Not Applicable,Not Applicable
,2011,2011,Female,F,Asian or Pacific Islander,A-PI,89 years,89,0,Not Applicable,Not Applicable
,2011,2011,Female,F,Asian or Pacific Islander,A-PI,90 years,90,0,Not Applicable,Not Applicable
,2011,2011,Female,F,Asian or Pacific Islander,A-PI,91 years,91,0,Not Applicable,Not Applicable
,2011,2011,Female,F,Asian or Pacific Islander,A-PI,92 years,92,0,Not Applicable,Not Applicable
,2011,2011,Female,F,Asian or Pacific Islander,A-PI,93 years,93,0,Not Applicable,Not Applicable
,2011,2011,Female,F,Asian or Pacific Islander,A-PI,94 years,94,0,Not Applicable,Not Applicable
,2011,2011,Female,F,Asian or Pacific Islander,A-PI,95 years,95,0,Not Applicable,Not Applicable
,2011,2011,Female,F,Asian or Pacific Islander,A-PI,96 years,96,0,Not Applicable,Not Applicable
,2011,2011,Female,F,Asian or Pacific Islander,A-PI,97 years,97,0,Not Applicable,Not Applicable
,2011,2011,Female,F,Asian or Pacific Islander,A-PI,98 years,98,0,Not Applicable,Not Applicable
,2011,2011,Female,F,Asian or Pacific Islander,A-PI,99 years,99,0,Not Applicable,Not Applicable
,2011,2011,Female,F,Asian or Pacific Islander,A-PI,100+ years,100,0,Not Applicable,Not Applicable
,2011,2011,Female,F,Asian or Pacific Islander,A-PI,Not Stated,NS,0,Not Applicable,Not Applicable
,2011,2011,Female,F,Black or African American,2054-5,4 years,4,0,339964,Unreliable
,2011,2011,Female,F,Black or African American,2054-5,6 years,6,0,325091,Unreliable
,2011,2011,Female,F,Black or African American,2054-5,7 years,7,0,321965,Unreliable
,2011,2011,Female,F,Black or African American,2054-5,8 years,8,0,318969,Unreliable
,2011,2011,Female,F,Black or African American,2054-5,10 years,10,0,332995,Unreliable
,2011,2011,Female,F,Black or African American,2054-5,11 years,11,0,341489,Unreliable
,2011,2011,Female,F,Black or African American,2054-5,14 years,14,0,333401,Unreliable
,2011,2011,Female,F,Black or African American,2054-5,15 years,15,0,333544,Unreliable
,2011,2011,Female,F,Black or African American,2054-5,18 years,18,0,371697,Unreliable
,2011,2011,Female,F,Black or African American,2054-5,19 years,19,0,381255,Unreliable
,2011,2011,Female,F,Black or African American,2054-5,26 years,26,10,321816,Unreliable
,2011,2011,Female,F,Black or African American,2054-5,30 years,30,10,314812,Unreliable
,2011,2011,Female,F,Black or African American,2054-5,32 years,32,10,306843,Unreliable
,2011,2011,Female,F,Black or African American,2054-5,34 years,34,11,293685,Unreliable
,2011,2011,Female,F,Black or African American,2054-5,37 years,37,11,280676,Unreliable
,2011,2011,Female,F,Black or African American,2054-5,40 years,40,13,313418,Unreliable
,2011,2011,Female,F,Black or African American,2054-5,42 years,42,17,288707,Unreliable
,2011,2011,Female,F,Black or African American,2054-5,44 years,44,10,291046,Unreliable
,2011,2011,Female,F,Black or African American,2054-5,45 years,45,12,301009,Unreliable
,2011,2011,Female,F,Black or African American,2054-5,46 years,46,11,315586,Unreliable
,2011,2011,Female,F,Black or African American,2054-5,47 years,47,13,314475,Unreliable
,2011,2011,Female,F,Black or African American,2054-5,48 years,48,17,310734,Unreliable
,2011,2011,Female,F,Black or African American,2054-5,49 years,49,15,308163,Unreliable
,2011,2011,Female,F,Black or African American,2054-5,50 years,50,13,309797,Unreliable
,2011,2011,Female,F,Black or African American,2054-5,51 years,51,18,316480,Unreliable
,2011,2011,Female,F,Black or African American,2054-5,53 years,53,11,294104,Unreliable
,2011,2011,Female,F,Black or African American,2054-5,54 years,54,16,293021,Unreliable
,2011,2011,Female,F,Black or African American,2054-5,55 years,55,18,281362,Unreliable
,2011,2011,Female,F,Black or African American,2054-5,56 years,56,10,273959,Unreliable
,2011,2011,Female,F,Black or African American,2054-5,57 years,57,20,259127,7.7
,2011,2011,Female,F,Black or African American,2054-5,58 years,58,10,243453,Unreliable
,2011,2011,Female,F,Black or African American,2054-5,59 years,59,10,231823,Unreliable
,2011,2011,Female,F,Black or African American,2054-5,69 years,69,0,125080,Unreliable
,2011,2011,Female,F,Black or African American,2054-5,70 years,70,0,118841,Unreliable
,2011,2011,Female,F,Black or African American,2054-5,71 years,71,0,115314,Unreliable
,2011,2011,Female,F,Black or African American,2054-5,73 years,73,0,100739,Unreliable
,2011,2011,Female,F,Black or African American,2054-5,74 years,74,0,94031,Unreliable
,2011,2011,Female,F,Black or African American,2054-5,77 years,77,0,79624,Unreliable
,2011,2011,Female,F,Black or African American,2054-5,78 years,78,0,76145,Unreliable
,2011,2011,Female,F,Black or African American,2054-5,79 years,79,0,70407,Unreliable
,2011,2011,Female,F,Black or African American,2054-5,80 years,80,0,65331,Unreliable
,2011,2011,Female,F,Black or African American,2054-5,81 years,81,0,64109,Unreliable
,2011,2011,Female,F,Black or African American,2054-5,82 years,82,0,57789,Unreliable
,2011,2011,Female,F,Black or African American,2054-5,83 years,83,0,53818,Unreliable
,2011,2011,Female,F,Black or African American,2054-5,84 years,84,0,49649,Unreliable
,2011,2011,Female,F,Black or African American,2054-5,85 years,85,0,Not Applicable,Not Applicable
,2011,2011,Female,F,Black or African American,2054-5,86 years,86,0,Not Applicable,Not Applicable
,2011,2011,Female,F,Black or African American,2054-5,87 years,87,0,Not Applicable,Not Applicable
,2011,2011,Female,F,Black or African American,2054-5,88 years,88,0,Not Applicable,Not Applicable
,2011,2011,Female,F,Black or African American,2054-5,89 years,89,0,Not Applicable,Not Applicable
,2011,2011,Female,F,Black or African American,2054-5,90 years,90,0,Not Applicable,Not Applicable
,2011,2011,Female,F,Black or African American,2054-5,91 years,91,0,Not Applicable,Not Applicable
,2011,2011,Female,F,Black or African American,2054-5,92 years,92,0,Not Applicable,Not Applicable
,2011,2011,Female,F,Black or African American,2054-5,93 years,93,0,Not Applicable,Not Applicable
,2011,2011,Female,F,Black or African American,2054-5,94 years,94,0,Not Applicable,Not Applicable
,2011,2011,Female,F,Black or African American,2054-5,95 years,95,0,Not Applicable,Not Applicable
,2011,2011,Female,F,Black or African American,2054-5,96 years,96,0,Not Applicable,Not Applicable
,2011,2011,Female,F,Black or African American,2054-5,97 years,97,0,Not Applicable,Not Applicable
,2011,2011,Female,F,Black or African American,2054-5,98 years,98,0,Not Applicable,Not Applicable
,2011,2011,Female,F,Black or African American,2054-5,99 years,99,0,Not Applicable,Not Applicable
,2011,2011,Female,F,Black or African American,2054-5,100+ years,100,0,Not Applicable,Not Applicable
,2011,2011,Female,F,Black or African American,2054-5,Not Stated,NS,0,Not Applicable,Not Applicable
,2011,2011,Female,F,White,2106-3,5 years,5,0,1510760,Unreliable
,2011,2011,Female,F,White,2106-3,6 years,6,0,1509630,Unreliable
,2011,2011,Female,F,White,2106-3,7 years,7,0,1519003,Unreliable
,2011,2011,Female,F,White,2106-3,8 years,8,0,1509794,Unreliable
,2011,2011,Female,F,White,2106-3,9 years,9,0,1502570,Unreliable
,2011,2011,Female,F,White,2106-3,10 years,10,0,1536397,Unreliable
,2011,2011,Female,F,White,2106-3,11 years,11,0,1555931,Unreliable
,2011,2011,Female,F,White,2106-3,12 years,12,0,1536506,Unreliable
,2011,2011,Female,F,White,2106-3,16 years,16,12,1571165,Unreliable
,2011,2011,Female,F,White,2106-3,17 years,17,18,1592492,Unreliable
,2011,2011,Female,F,White,2106-3,18 years,18,23,1609146,1.4
,2011,2011,Female,F,White,2106-3,19 years,19,29,1656032,1.8
,2011,2011,Female,F,White,2106-3,20 years,20,39,1691666,2.3
,2011,2011,Female,F,White,2106-3,21 years,21,57,1692725,3.4
,2011,2011,Female,F,White,2106-3,22 years,22,59,1626702,3.6
,2011,2011,Female,F,White,2106-3,23 years,23,67,1603709,4.2
,2011,2011,Female,F,White,2106-3,24 years,24,61,1583692,3.9
,2011,2011,Female,F,White,2106-3,25 years,25,73,1599359,4.6
,2011,2011,Female,F,White,2106-3,26 years,26,111,1620749,6.8
,2011,2011,Female,F,White,2106-3,27 years,27,81,1576659,5.1
,2011,2011,Female,F,White,2106-3,28 years,28,71,1607244,4.4
,2011,2011,Female,F,White,2106-3,29 years,29,107,1612195,6.6
,2011,2011,Female,F,White,2106-3,30 years,30,122,1600926,7.6
,2011,2011,Female,F,White,2106-3,31 years,31,117,1622240,7.2
,2011,2011,Female,F,White,2106-3,32 years,32,128,1530550,8.4
,2011,2011,Female,F,White,2106-3,33 years,33,101,1509556,6.7
,2011,2011,Female,F,White,2106-3,34 years,34,129,1498675,8.6
,2011,2011,Female,F,White,2106-3,35 years,35,122,1454812,8.4
,2011,2011,Female,F,White,2106-3,36 years,36,119,1501908,7.9
,2011,2011,Female,F,White,2106-3,37 years,37,118,1462194,8.1
,2011,2011,Female,F,White,2106-3,38 years,38,121,1489883,8.1
,2011,2011,Female,F,White,2106-3,39 years,39,140,1569432,8.9
,2011,2011,Female,F,White,2106-3,40 years,40,162,1679445,9.6
,2011,2011,Female,F,White,2106-3,41 years,41,148,1702897,8.7
,2011,2011,Female,F,White,2106-3,42 years,42,179,1627285,11
,2011,2011,Female,F,White,2106-3,43 years,43,151,1593341,9.5
,2011,2011,Female,F,White,2106-3,44 years,44,192,1614600,11.9
,2011,2011,Female,F,White,2106-3,45 years,45,181,1643021,11
,2011,2011,Female,F,White,2106-3,46 years,46,238,1756170,13.6
,2011,2011,Female,F,White,2106-3,47 years,47,205,1808581,11.3
,2011,2011,Female,F,White,2106-3,48 years,48,220,1819913,12.1
,2011,2011,Female,F,White,2106-3,49 years,49,239,1834978,13
,2011,2011,Female,F,White,2106-3,50 years,50,219,1871488,11.7
,2011,2011,Female,F,White,2106-3,51 years,51,219,1877018,11.7
,2011,2011,Female,F,White,2106-3,52 years,52,205,1833774,11.2
,2011,2011,Female,F,White,2106-3,53 years,53,219,1837069,11.9
,2011,2011,Female,F,White,2106-3,54 years,54,210,1826696,11.5
,2011,2011,Female,F,White,2106-3,55 years,55,176,1768091,10
,2011,2011,Female,F,White,2106-3,56 years,56,148,1763080,8.4
,2011,2011,Female,F,White,2106-3,57 years,57,149,1711551,8.7
,2011,2011,Female,F,White,2106-3,58 years,58,117,1660585,7
,2011,2011,Female,F,White,2106-3,59 years,59,90,1605340,5.6
,2011,2011,Female,F,White,2106-3,60 years,60,87,1561320,5.6
,2011,2011,Female,F,White,2106-3,61 years,61,75,1524093,4.9
,2011,2011,Female,F,White,2106-3,62 years,62,63,1502209,4.2
,2011,2011,Female,F,White,2106-3,63 years,63,54,1504635,3.6
,2011,2011,Female,F,White,2106-3,64 years,64,53,1600297,3.3
,2011,2011,Female,F,White,2106-3,65 years,65,42,1170729,3.6
,2011,2011,Female,F,White,2106-3,66 years,66,35,1164402,3
,2011,2011,Female,F,White,2106-3,67 years,67,27,1154564,2.3
,2011,2011,Female,F,White,2106-3,68 years,68,29,1200891,2.4
,2011,2011,Female,F,White,2106-3,69 years,69,18,1049168,Unreliable
,2011,2011,Female,F,White,2106-3,70 years,70,12,966883,Unreliable
,2011,2011,Female,F,White,2106-3,71 years,71,15,918632,Unreliable
,2011,2011,Female,F,White,2106-3,72 years,72,15,876443,Unreliable
,2011,2011,Female,F,White,2106-3,92 years,92,0,Not Applicable,Not Applicable
,2011,2011,Female,F,White,2106-3,98 years,98,0,Not Applicable,Not Applicable
,2011,2011,Female,F,White,2106-3,99 years,99,0,Not Applicable,Not Applicable
,2011,2011,Female,F,White,2106-3,100+ years,100,0,Not Applicable,Not Applicable
,2011,2011,Male,M,American Indian or Alaska Native,1002-5,3 years,3,0,40312,Unreliable
,2011,2011,Male,M,American Indian or Alaska Native,1002-5,4 years,4,0,40765,Unreliable
,2011,2011,Male,M,American Indian or Alaska Native,1002-5,5 years,5,0,39854,Unreliable
,2011,2011,Male,M,American Indian or Alaska Native,1002-5,6 years,6,0,39349,Unreliable
,2011,2011,Male,M,American Indian or Alaska Native,1002-5,7 years,7,0,38313,Unreliable
,2011,2011,Male,M,American Indian or Alaska Native,1002-5,8 years,8,0,37903,Unreliable
,2011,2011,Male,M,American Indian or Alaska Native,1002-5,9 years,9,0,37691,Unreliable
,2011,2011,Male,M,American Indian or Alaska Native,1002-5,10 years,10,0,37974,Unreliable
,2011,2011,Male,M,American Indian or Alaska Native,1002-5,11 years,11,0,38996,Unreliable
,2011,2011,Male,M,American Indian or Alaska Native,1002-5,12 years,12,0,37660,Unreliable
,2011,2011,Male,M,American Indian or Alaska Native,1002-5,13 years,13,0,37637,Unreliable
,2011,2011,Male,M,American Indian or Alaska Native,1002-5,14 years,14,0,37447,Unreliable
,2011,2011,Male,M,American Indian or Alaska Native,1002-5,55 years,55,0,22679,Unreliable
,2011,2011,Male,M,American Indian or Alaska Native,1002-5,63 years,63,0,14534,Unreliable
,2011,2011,Male,M,American Indian or Alaska Native,1002-5,65 years,65,0,11079,Unreliable
,2011,2011,Male,M,American Indian or Alaska Native,1002-5,66 years,66,0,10634,Unreliable
,2011,2011,Male,M,American Indian or Alaska Native,1002-5,67 years,67,0,9898,Unreliable
,2011,2011,Male,M,American Indian or Alaska Native,1002-5,68 years,68,0,9384,Unreliable
,2011,2011,Male,M,American Indian or Alaska Native,1002-5,69 years,69,0,8462,Unreliable
,2011,2011,Male,M,American Indian or Alaska Native,1002-5,70 years,70,0,7751,Unreliable
,2011,2011,Male,M,American Indian or Alaska Native,1002-5,71 years,71,0,7337,Unreliable
,2011,2011,Male,M,American Indian or Alaska Native,1002-5,72 years,72,0,6391,Unreliable
,2011,2011,Male,M,American Indian or Alaska Native,1002-5,73 years,73,0,5985,Unreliable
,2011,2011,Male,M,American Indian or Alaska Native,1002-5,74 years,74,0,5358,Unreliable
,2011,2011,Male,M,American Indian or Alaska Native,1002-5,75 years,75,0,4922,Unreliable
,2011,2011,Male,M,American Indian or Alaska Native,1002-5,76 years,76,0,4572,Unreliable
,2011,2011,Male,M,American Indian or Alaska Native,1002-5,77 years,77,0,3863,Unreliable
,2011,2011,Male,M,American Indian or Alaska Native,1002-5,78 years,78,0,3591,Unreliable
,2011,2011,Male,M,American Indian or Alaska Native,1002-5,79 years,79,0,3153,Unreliable
,2011,2011,Male,M,American Indian or Alaska Native,1002-5,80 years,80,0,2811,Unreliable
,2011,2011,Male,M,American Indian or Alaska Native,1002-5,81 years,81,0,2791,Unreliable
,2011,2011,Male,M,American Indian or Alaska Native,1002-5,82 years,82,0,2309,Unreliable
,2011,2011,Male,M,American Indian or Alaska Native,1002-5,83 years,83,0,2044,Unreliable
,2011,2011,Male,M,American Indian or Alaska Native,1002-5,84 years,84,0,1756,Unreliable
,2011,2011,Male,M,American Indian or Alaska Native,1002-5,85 years,85,0,Not Applicable,Not Applicable
,2011,2011,Male,M,American Indian or Alaska Native,1002-5,86 years,86,0,Not Applicable,Not Applicable
,2011,2011,Male,M,American Indian or Alaska Native,1002-5,87 years,87,0,Not Applicable,Not Applicable
,2011,2011,Male,M,American Indian or Alaska Native,1002-5,88 years,88,0,Not Applicable,Not Applicable
,2011,2011,Male,M,American Indian or Alaska Native,1002-5,89 years,89,0,Not Applicable,Not Applicable
,2011,2011,Male,M,American Indian or Alaska Native,1002-5,90 years,90,0,Not Applicable,Not Applicable
,2011,2011,Male,M,American Indian or Alaska Native,1002-5,91 years,91,0,Not Applicable,Not Applicable
,2011,2011,Male,M,American Indian or Alaska Native,1002-5,92 years,92,0,Not Applicable,Not Applicable
,2011,2011,Male,M,American Indian or Alaska Native,1002-5,93 years,93,0,Not Applicable,Not Applicable
,2011,2011,Male,M,American Indian or Alaska Native,1002-5,94 years,94,0,Not Applicable,Not Applicable
,2011,2011,Male,M,American Indian or Alaska Native,1002-5,95 years,95,0,Not Applicable,Not Applicable
,2011,2011,Male,M,American Indian or Alaska Native,1002-5,96 years,96,0,Not Applicable,Not Applicable
,2011,2011,Male,M,American Indian or Alaska Native,1002-5,97 years,97,0,Not Applicable,Not Applicable
,2011,2011,Male,M,American Indian or Alaska Native,1002-5,98 years,98,0,Not Applicable,Not Applicable
,2011,2011,Male,M,American Indian or Alaska Native,1002-5,99 years,99,0,Not Applicable,Not Applicable
,2011,2011,Male,M,American Indian or Alaska Native,1002-5,100+ years,100,0,Not Applicable,Not Applicable
,2011,2011,Male,M,American Indian or Alaska Native,1002-5,Not Stated,NS,0,Not Applicable,Not Applicable
,2011,2011,Male,M,Asian or Pacific Islander,A-PI,< 1 year,0,0,119037,Unreliable
,2011,2011,Male,M,Asian or Pacific Islander,A-PI,1 year,1,0,119437,Unreliable
,2011,2011,Male,M,Asian or Pacific Islander,A-PI,3 years,3,0,123058,Unreliable
,2011,2011,Male,M,Asian or Pacific Islander,A-PI,4 years,4,0,122002,Unreliable
,2011,2011,Male,M,Asian or Pacific Islander,A-PI,5 years,5,0,120613,Unreliable
,2011,2011,Male,M,Asian or Pacific Islander,A-PI,6 years,6,0,121058,Unreliable
,2011,2011,Male,M,Asian or Pacific Islander,A-PI,7 years,7,0,120369,Unreliable
,2011,2011,Male,M,Asian or Pacific Islander,A-PI,8 years,8,0,119039,Unreliable
,2011,2011,Male,M,Asian or Pacific Islander,A-PI,9 years,9,0,113640,Unreliable
,2011,2011,Male,M,Asian or Pacific Islander,A-PI,10 years,10,0,117437,Unreliable
,2011,2011,Male,M,Asian or Pacific Islander,A-PI,11 years,11,0,115089,Unreliable
,2011,2011,Male,M,Asian or Pacific Islander,A-PI,12 years,12,0,110829,Unreliable
,2011,2011,Male,M,Asian or Pacific Islander,A-PI,14 years,14,0,112251,Unreliable
,2011,2011,Male,M,Asian or Pacific Islander,A-PI,16 years,16,0,114101,Unreliable
,2011,2011,Male,M,Asian or Pacific Islander,A-PI,17 years,17,0,116602,Unreliable
,2011,2011,Male,M,Asian or Pacific Islander,A-PI,36 years,36,0,141505,Unreliable
,2011,2011,Male,M,Asian or Pacific Islander,A-PI,42 years,42,0,129066,Unreliable
,2011,2011,Male,M,Asian or Pacific Islander,A-PI,49 years,49,0,109149,Unreliable
,2011,2011,Male,M,Asian or Pacific Islander,A-PI,52 years,52,0,102528,Unreliable
,2011,2011,Male,M,Asian or Pacific Islander,A-PI,53 years,53,0,102356,Unreliable
,2011,2011,Male,M,Asian or Pacific Islander,A-PI,55 years,55,0,96859,Unreliable
,2011,2011,Male,M,Asian or Pacific Islander,A-PI,59 years,59,0,79953,Unreliable
,2011,2011,Male,M,Asian or Pacific Islander,A-PI,61 years,61,0,79898,Unreliable
,2011,2011,Male,M,Asian or Pacific Islander,A-PI,62 years,62,0,73374,Unreliable
,2011,2011,Male,M,Asian or Pacific Islander,A-PI,64 years,64,0,64985,Unreliable
,2011,2011,Male,M,Asian or Pacific Islander,A-PI,65 years,65,0,56045,Unreliable
,2011,2011,Male,M,Asian or Pacific Islander,A-PI,66 years,66,0,53824,Unreliable
,2011,2011,Male,M,Asian or Pacific Islander,A-PI,67 years,67,0,49971,Unreliable
,2011,2011,Male,M,Asian or Pacific Islander,A-PI,68 years,68,0,46914,Unreliable
,2011,2011,Male,M,Asian or Pacific Islander,A-PI,69 years,69,0,44405,Unreliable
,2011,2011,Male,M,Asian or Pacific Islander,A-PI,70 years,70,0,41425,Unreliable
,2011,2011,Male,M,Asian or Pacific Islander,A-PI,71 years,71,0,40646,Unreliable
,2011,2011,Male,M,Asian or Pacific Islander,A-PI,72 years,72,0,36790,Unreliable
,2011,2011,Male,M,Asian or Pacific Islander,A-PI,73 years,73,0,34660,Unreliable
,2011,2011,Male,M,Asian or Pacific Islander,A-PI,74 years,74,0,31856,Unreliable
,2011,2011,Male,M,Asian or Pacific Islander,A-PI,75 years,75,0,29370,Unreliable
,2011,2011,Male,M,Asian or Pacific Islander,A-PI,76 years,76,0,27095,Unreliable
,2011,2011,Male,M,Asian or Pacific Islander,A-PI,77 years,77,0,24276,Unreliable
,2011,2011,Male,M,Asian or Pacific Islander,A-PI,78 years,78,0,22508,Unreliable
,2011,2011,Male,M,Asian or Pacific Islander,A-PI,79 years,79,0,20320,Unreliable
,2011,2011,Male,M,Asian or Pacific Islander,A-PI,80 years,80,0,18526,Unreliable
,2011,2011,Male,M,Asian or Pacific Islander,A-PI,81 years,81,0,17687,Unreliable
,2011,2011,Male,M,Asian or Pacific Islander,A-PI,82 years,82,0,15108,Unreliable
,2011,2011,Male,M,Asian or Pacific Islander,A-PI,83 years,83,0,13600,Unreliable
,2011,2011,Male,M,Asian or Pacific Islander,A-PI,84 years,84,0,12133,Unreliable
,2011,2011,Male,M,Asian or Pacific Islander,A-PI,85 years,85,0,Not Applicable,Not Applicable
,2011,2011,Male,M,Asian or Pacific Islander,A-PI,86 years,86,0,Not Applicable,Not Applicable
,2011,2011,Male,M,Asian or Pacific Islander,A-PI,87 years,87,0,Not Applicable,Not Applicable
,2011,2011,Male,M,Asian or Pacific Islander,A-PI,88 years,88,0,Not Applicable,Not Applicable
,2011,2011,Male,M,Asian or Pacific Islander,A-PI,89 years,89,0,Not Applicable,Not Applicable
,2011,2011,Male,M,Asian or Pacific Islander,A-PI,90 years,90,0,Not Applicable,Not Applicable
,2011,2011,Male,M,Asian or Pacific Islander,A-PI,91 years,91,0,Not Applicable,Not Applicable
,2011,2011,Male,M,Asian or Pacific Islander,A-PI,92 years,92,0,Not Applicable,Not Applicable
,2011,2011,Male,M,Asian or Pacific Islander,A-PI,93 years,93,0,Not Applicable,Not Applicable
,2011,2011,Male,M,Asian or Pacific Islander,A-PI,94 years,94,0,Not Applicable,Not Applicable
,2011,2011,Male,M,Asian or Pacific Islander,A-PI,95 years,95,0,Not Applicable,Not Applicable
,2011,2011,Male,M,Asian or Pacific Islander,A-PI,96 years,96,0,Not Applicable,Not Applicable
,2011,2011,Male,M,Asian or Pacific Islander,A-PI,97 years,97,0,Not Applicable,Not Applicable
,2011,2011,Male,M,Asian or Pacific Islander,A-PI,98 years,98,0,Not Applicable,Not Applicable
,2011,2011,Male,M,Asian or Pacific Islander,A-PI,99 years,99,0,Not Applicable,Not Applicable
,2011,2011,Male,M,Asian or Pacific Islander,A-PI,100+ years,100,0,Not Applicable,Not Applicable
,2011,2011,Male,M,Asian or Pacific Islander,A-PI,Not Stated,NS,0,Not Applicable,Not Applicable
,2011,2011,Male,M,Black or African American,2054-5,5 years,5,0,342177,Unreliable
,2011,2011,Male,M,Black or African American,2054-5,6 years,6,0,336967,Unreliable
,2011,2011,Male,M,Black or African American,2054-5,7 years,7,0,333067,Unreliable
,2011,2011,Male,M,Black or African American,2054-5,8 years,8,0,329655,Unreliable
,2011,2011,Male,M,Black or African American,2054-5,10 years,10,0,344983,Unreliable
,2011,2011,Male,M,Black or African American,2054-5,11 years,11,0,354427,Unreliable
,2011,2011,Male,M,Black or African American,2054-5,12 years,12,0,345538,Unreliable
,2011,2011,Male,M,Black or African American,2054-5,13 years,13,0,346392,Unreliable
,2011,2011,Male,M,Black or African American,2054-5,24 years,24,10,316283,Unreliable
,2011,2011,Male,M,Black or African American,2054-5,27 years,27,10,289321,Unreliable
,2011,2011,Male,M,Black or African American,2054-5,28 years,28,10,291599,Unreliable
,2011,2011,Male,M,Black or African American,2054-5,31 years,31,10,299577,Unreliable
,2011,2011,Male,M,Black or African American,2054-5,33 years,33,11,266694,Unreliable
,2011,2011,Male,M,Black or African American,2054-5,36 years,36,10,258642,Unreliable
,2011,2011,Male,M,Black or African American,2054-5,39 years,39,13,265298,Unreliable
,2011,2011,Male,M,Black or African American,2054-5,40 years,40,12,276223,Unreliable
,2011,2011,Male,M,Black or African American,2054-5,43 years,43,17,260008,Unreliable
,2011,2011,Male,M,Black or African American,2054-5,45 years,45,11,268929,Unreliable
,2011,2011,Male,M,Black or African American,2054-5,46 years,46,16,282740,Unreliable
,2011,2011,Male,M,Black or African American,2054-5,47 years,47,11,280266,Unreliable
,2011,2011,Male,M,Black or African American,2054-5,48 years,48,13,276490,Unreliable
,2011,2011,Male,M,Black or African American,2054-5,49 years,49,12,272798,Unreliable
,2011,2011,Male,M,Black or African American,2054-5,50 years,50,12,273293,Unreliable
,2011,2011,Male,M,Black or African American,2054-5,51 years,51,14,281013,Unreliable
,2011,2011,Male,M,Black or African American,2054-5,52 years,52,12,267227,Unreliable
,2011,2011,Male,M,Black or African American,2054-5,53 years,53,16,259714,Unreliable
,2011,2011,Male,M,Black or African American,2054-5,54 years,54,19,254833,Unreliable
,2011,2011,Male,M,Black or African American,2054-5,55 years,55,16,243247,Unreliable
,2011,2011,Male,M,Black or African American,2054-5,56 years,56,18,236807,Unreliable
,2011,2011,Male,M,Black or African American,2054-5,57 years,57,11,219480,Unreliable
,2011,2011,Male,M,Black or African American,2054-5,58 years,58,11,204520,Unreliable
,2011,2011,Male,M,Black or African American,2054-5,60 years,60,12,188700,Unreliable
,2011,2011,Male,M,Black or African American,2054-5,66 years,66,0,116750,Unreliable
,2011,2011,Male,M,Black or African American,2054-5,69 years,69,0,93860,Unreliable
,2011,2011,Male,M,Black or African American,2054-5,72 years,72,0,75800,Unreliable
,2011,2011,Male,M,Black or African American,2054-5,73 years,73,0,70740,Unreliable
,2011,2011,Male,M,Black or African American,2054-5,74 years,74,0,64783,Unreliable
,2011,2011,Male,M,Black or African American,2054-5,75 years,75,0,61800,Unreliable
,2011,2011,Male,M,Black or African American,2054-5,76 years,76,0,57358,Unreliable
,2011,2011,Male,M,Black or African American,2054-5,77 years,77,0,50739,Unreliable
,2011,2011,Male,M,Black or African American,2054-5,78 years,78,0,47141,Unreliable
,2011,2011,Male,M,Black or African American,2054-5,80 years,80,0,37461,Unreliable
,2011,2011,Male,M,Black or African American,2054-5,82 years,82,0,30541,Unreliable
,2011,2011,Male,M,Black or African American,2054-5,83 years,83,0,27317,Unreliable
,2011,2011,Male,M,Black or African American,2054-5,84 years,84,0,24644,Unreliable
,2011,2011,Male,M,Black or African American,2054-5,85 years,85,0,Not Applicable,Not Applicable
,2011,2011,Male,M,Black or African American,2054-5,86 years,86,0,Not Applicable,Not Applicable
,2011,2011,Male,M,Black or African American,2054-5,87 years,87,0,Not Applicable,Not Applicable
,2011,2011,Male,M,Black or African American,2054-5,88 years,88,0,Not Applicable,Not Applicable
,2011,2011,Male,M,Black or African American,2054-5,89 years,89,0,Not Applicable,Not Applicable
,2011,2011,Male,M,Black or African American,2054-5,90 years,90,0,Not Applicable,Not Applicable
,2011,2011,Male,M,Black or African American,2054-5,91 years,91,0,Not Applicable,Not Applicable
,2011,2011,Male,M,Black or African American,2054-5,92 years,92,0,Not Applicable,Not Applicable
,2011,2011,Male,M,Black or African American,2054-5,93 years,93,0,Not Applicable,Not Applicable
,2011,2011,Male,M,Black or African American,2054-5,94 years,94,0,Not Applicable,Not Applicable
,2011,2011,Male,M,Black or African American,2054-5,95 years,95,0,Not Applicable,Not Applicable
,2011,2011,Male,M,Black or African American,2054-5,96 years,96,0,Not Applicable,Not Applicable
,2011,2011,Male,M,Black or African American,2054-5,97 years,97,0,Not Applicable,Not Applicable
,2011,2011,Male,M,Black or African American,2054-5,98 years,98,0,Not Applicable,Not Applicable
,2011,2011,Male,M,Black or African American,2054-5,99 years,99,0,Not Applicable,Not Applicable
,2011,2011,Male,M,Black or African American,2054-5,100+ years,100,0,Not Applicable,Not Applicable
,2011,2011,Male,M,White,2106-3,3 years,3,0,1577875,Unreliable
,2011,2011,Male,M,White,2106-3,4 years,4,0,1591074,Unreliable
,2011,2011,Male,M,White,2106-3,7 years,7,0,1592851,Unreliable
,2011,2011,Male,M,White,2106-3,8 years,8,0,1581806,Unreliable
,2011,2011,Male,M,White,2106-3,10 years,10,0,1611280,Unreliable
,2011,2011,Male,M,White,2106-3,12 years,12,0,1615696,Unreliable
,2011,2011,Male,M,White,2106-3,15 years,15,11,1633879,Unreliable
,2011,2011,Male,M,White,2106-3,16 years,16,27,1664718,1.6
,2011,2011,Male,M,White,2106-3,17 years,17,43,1691907,2.5
,2011,2011,Male,M,White,2106-3,18 years,18,83,1716627,4.8
,2011,2011,Male,M,White,2106-3,19 years,19,99,1759120,5.6
,2011,2011,Male,M,White,2106-3,20 years,20,126,1779463,7.1
,2011,2011,Male,M,White,2106-3,21 years,21,156,1781923,8.8
,2011,2011,Male,M,White,2106-3,22 years,22,183,1718946,10.6
,2011,2011,Male,M,White,2106-3,23 years,23,195,1694060,11.5
,2011,2011,Male,M,White,2106-3,24 years,24,176,1676060,10.5
,2011,2011,Male,M,White,2106-3,25 years,25,190,1689945,11.2
,2011,2011,Male,M,White,2106-3,26 years,26,210,1705132,12.3
,2011,2011,Male,M,White,2106-3,27 years,27,212,1646675,12.9
,2011,2011,Male,M,White,2106-3,28 years,28,232,1674760,13.9
,2011,2011,Male,M,White,2106-3,29 years,29,237,1674811,14.2
,2011,2011,Male,M,White,2106-3,30 years,30,251,1660399,15.1
,2011,2011,Male,M,White,2106-3,31 years,31,249,1695858,14.7
,2011,2011,Male,M,White,2106-3,32 years,32,245,1585965,15.4
,2011,2011,Male,M,White,2106-3,33 years,33,204,1559177,13.1
,2011,2011,Male,M,White,2106-3,34 years,34,229,1540353,14.9
,2011,2011,Male,M,White,2106-3,35 years,35,215,1493834,14.4
,2011,2011,Male,M,White,2106-3,36 years,36,172,1546359,11.1
,2011,2011,Male,M,White,2106-3,37 years,37,192,1493251,12.9
,2011,2011,Male,M,White,2106-3,38 years,38,206,1511696,13.6
,2011,2011,Male,M,White,2106-3,39 years,39,209,1594907,13.1
,2011,2011,Male,M,White,2106-3,40 years,40,226,1704866,13.3
,2011,2011,Male,M,White,2106-3,41 years,41,212,1739425,12.2
,2011,2011,Male,M,White,2106-3,42 years,42,218,1654598,13.2
,2011,2011,Male,M,White,2106-3,43 years,43,188,1618070,11.6
,2011,2011,Male,M,White,2106-3,44 years,44,229,1627675,14.1
,2011,2011,Male,M,White,2106-3,45 years,45,243,1656938,14.7
,2011,2011,Male,M,White,2106-3,46 years,46,224,1765223,12.7
,2011,2011,Male,M,White,2106-3,47 years,47,241,1803698,13.4
,2011,2011,Male,M,White,2106-3,48 years,48,269,1805976,14.9
,2011,2011,Male,M,White,2106-3,49 years,49,274,1816732,15.1
,2011,2011,Male,M,White,2106-3,50 years,50,275,1845944,14.9
,2011,2011,Male,M,White,2106-3,51 years,51,254,1859479,13.7
,2011,2011,Male,M,White,2106-3,52 years,52,250,1801756,13.9
,2011,2011,Male,M,White,2106-3,53 years,53,219,1796662,12.2
,2011,2011,Male,M,White,2106-3,54 years,54,243,1778710,13.7
,2011,2011,Male,M,White,2106-3,55 years,55,192,1713559,11.2
,2011,2011,Male,M,White,2106-3,56 years,56,202,1704432,11.9
,2011,2011,Male,M,White,2106-3,57 years,57,174,1638968,10.6
,2011,2011,Male,M,White,2106-3,58 years,58,109,1584029,6.9
,2011,2011,Male,M,White,2106-3,59 years,59,120,1531382,7.8
,2011,2011,Male,M,White,2106-3,60 years,60,113,1479651,7.6
,2011,2011,Male,M,White,2106-3,61 years,61,80,1442933,5.5
,2011,2011,Male,M,White,2106-3,62 years,62,65,1413866,4.6
,2011,2011,Male,M,White,2106-3,63 years,63,53,1414084,3.7
,2011,2011,Male,M,White,2106-3,64 years,64,52,1499852,3.5
,2011,2011,Male,M,White,2106-3,65 years,65,35,1086327,3.2
,2011,2011,Male,M,White,2106-3,66 years,66,20,1070664,1.9
,2011,2011,Male,M,White,2106-3,67 years,67,30,1049786,2.9
,2011,2011,Male,M,White,2106-3,68 years,68,24,1085059,2.2
,2011,2011,Male,M,White,2106-3,69 years,69,19,936552,Unreliable
,2011,2011,Male,M,White,2106-3,70 years,70,14,849500,Unreliable
,2011,2011,Male,M,White,2106-3,71 years,71,11,799929,Unreliable
,2011,2011,Male,M,White,2106-3,88 years,88,0,Not Applicable,Not Applicable
,2011,2011,Male,M,White,2106-3,93 years,93,0,Not Applicable,Not Applicable
,2011,2011,Male,M,White,2106-3,94 years,94,0,Not Applicable,Not Applicable
,2011,2011,Male,M,White,2106-3,95 years,95,0,Not Applicable,Not Applicable
,2011,2011,Male,M,White,2106-3,96 years,96,0,Not Applicable,Not Applicable
,2011,2011,Male,M,White,2106-3,97 years,97,0,Not Applicable,Not Applicable
,2011,2011,Male,M,White,2106-3,99 years,99,0,Not Applicable,Not Applicable
,2011,2011,Male,M,White,2106-3,100+ years,100,0,Not Applicable,Not Applicable
,2012,2012,Female,F,American Indian or Alaska Native,1002-5,< 1 year,0,0,38034,Unreliable
,2012,2012,Female,F,American Indian or Alaska Native,1002-5,1 year,1,0,38257,Unreliable
,2012,2012,Female,F,American Indian or Alaska Native,1002-5,2 years,2,0,38689,Unreliable
,2012,2012,Female,F,American Indian or Alaska Native,1002-5,3 years,3,0,37987,Unreliable
,2012,2012,Female,F,American Indian or Alaska Native,1002-5,4 years,4,0,39138,Unreliable
,2012,2012,Female,F,American Indian or Alaska Native,1002-5,5 years,5,0,39230,Unreliable
,2012,2012,Female,F,American Indian or Alaska Native,1002-5,6 years,6,0,38532,Unreliable
,2012,2012,Female,F,American Indian or Alaska Native,1002-5,7 years,7,0,38480,Unreliable
,2012,2012,Female,F,American Indian or Alaska Native,1002-5,8 years,8,0,37561,Unreliable
,2012,2012,Female,F,American Indian or Alaska Native,1002-5,9 years,9,0,36843,Unreliable
,2012,2012,Female,F,American Indian or Alaska Native,1002-5,10 years,10,0,36579,Unreliable
,2012,2012,Female,F,American Indian or Alaska Native,1002-5,11 years,11,0,36986,Unreliable
,2012,2012,Female,F,American Indian or Alaska Native,1002-5,12 years,12,0,37564,Unreliable
,2012,2012,Female,F,American Indian or Alaska Native,1002-5,13 years,13,0,36817,Unreliable
,2012,2012,Female,F,American Indian or Alaska Native,1002-5,14 years,14,0,36747,Unreliable
,2012,2012,Female,F,American Indian or Alaska Native,1002-5,15 years,15,0,36324,Unreliable
,2012,2012,Female,F,American Indian or Alaska Native,1002-5,18 years,18,0,37831,Unreliable
,2012,2012,Female,F,American Indian or Alaska Native,1002-5,19 years,19,0,38477,Unreliable
,2012,2012,Female,F,American Indian or Alaska Native,1002-5,20 years,20,0,39293,Unreliable
,2012,2012,Female,F,American Indian or Alaska Native,1002-5,21 years,21,0,38732,Unreliable
,2012,2012,Female,F,American Indian or Alaska Native,1002-5,22 years,22,0,37671,Unreliable
,2012,2012,Female,F,American Indian or Alaska Native,1002-5,35 years,35,0,29791,Unreliable
,2012,2012,Female,F,American Indian or Alaska Native,1002-5,58 years,58,0,21557,Unreliable
,2012,2012,Female,F,American Indian or Alaska Native,1002-5,63 years,63,0,16303,Unreliable
,2012,2012,Female,F,American Indian or Alaska Native,1002-5,65 years,65,0,15220,Unreliable
,2012,2012,Female,F,American Indian or Alaska Native,1002-5,66 years,66,0,12035,Unreliable
,2012,2012,Female,F,American Indian or Alaska Native,1002-5,68 years,68,0,10884,Unreliable
,2012,2012,Female,F,American Indian or Alaska Native,1002-5,69 years,69,0,10411,Unreliable
,2012,2012,Female,F,American Indian or Alaska Native,1002-5,70 years,70,0,9212,Unreliable
,2012,2012,Female,F,American Indian or Alaska Native,1002-5,71 years,71,0,8554,Unreliable
,2012,2012,Female,F,American Indian or Alaska Native,1002-5,72 years,72,0,8135,Unreliable
,2012,2012,Female,F,American Indian or Alaska Native,1002-5,73 years,73,0,7310,Unreliable
,2012,2012,Female,F,American Indian or Alaska Native,1002-5,74 years,74,0,7019,Unreliable
,2012,2012,Female,F,American Indian or Alaska Native,1002-5,75 years,75,0,6304,Unreliable
,2012,2012,Female,F,American Indian or Alaska Native,1002-5,76 years,76,0,5960,Unreliable
,2012,2012,Female,F,American Indian or Alaska Native,1002-5,77 years,77,0,5677,Unreliable
,2012,2012,Female,F,American Indian or Alaska Native,1002-5,78 years,78,0,4860,Unreliable
,2012,2012,Female,F,American Indian or Alaska Native,1002-5,79 years,79,0,4631,Unreliable
,2012,2012,Female,F,American Indian or Alaska Native,1002-5,80 years,80,0,4275,Unreliable
,2012,2012,Female,F,American Indian or Alaska Native,1002-5,82 years,82,0,3737,Unreliable
,2012,2012,Female,F,American Indian or Alaska Native,1002-5,83 years,83,0,3027,Unreliable
,2012,2012,Female,F,American Indian or Alaska Native,1002-5,84 years,84,0,2900,Unreliable
,2012,2012,Female,F,American Indian or Alaska Native,1002-5,85 years,85,0,Not Applicable,Not Applicable
,2012,2012,Female,F,American Indian or Alaska Native,1002-5,86 years,86,0,Not Applicable,Not Applicable
,2012,2012,Female,F,American Indian or Alaska Native,1002-5,87 years,87,0,Not Applicable,Not Applicable
,2012,2012,Female,F,American Indian or Alaska Native,1002-5,88 years,88,0,Not Applicable,Not Applicable
,2012,2012,Female,F,American Indian or Alaska Native,1002-5,89 years,89,0,Not Applicable,Not Applicable
,2012,2012,Female,F,American Indian or Alaska Native,1002-5,90 years,90,0,Not Applicable,Not Applicable
,2012,2012,Female,F,American Indian or Alaska Native,1002-5,91 years,91,0,Not Applicable,Not Applicable
,2012,2012,Female,F,American Indian or Alaska Native,1002-5,92 years,92,0,Not Applicable,Not Applicable
,2012,2012,Female,F,American Indian or Alaska Native,1002-5,93 years,93,0,Not Applicable,Not Applicable
,2012,2012,Female,F,American Indian or Alaska Native,1002-5,94 years,94,0,Not Applicable,Not Applicable
,2012,2012,Female,F,American Indian or Alaska Native,1002-5,95 years,95,0,Not Applicable,Not Applicable
,2012,2012,Female,F,American Indian or Alaska Native,1002-5,96 years,96,0,Not Applicable,Not Applicable
,2012,2012,Female,F,American Indian or Alaska Native,1002-5,97 years,97,0,Not Applicable,Not Applicable
,2012,2012,Female,F,American Indian or Alaska Native,1002-5,98 years,98,0,Not Applicable,Not Applicable
,2012,2012,Female,F,American Indian or Alaska Native,1002-5,99 years,99,0,Not Applicable,Not Applicable
,2012,2012,Female,F,American Indian or Alaska Native,1002-5,100+ years,100,0,Not Applicable,Not Applicable
,2012,2012,Female,F,American Indian or Alaska Native,1002-5,Not Stated,NS,0,Not Applicable,Not Applicable
,2012,2012,Female,F,Asian or Pacific Islander,A-PI,< 1 year,0,0,113169,Unreliable
,2012,2012,Female,F,Asian or Pacific Islander,A-PI,1 year,1,0,117259,Unreliable
,2012,2012,Female,F,Asian or Pacific Islander,A-PI,2 years,2,0,118852,Unreliable
,2012,2012,Female,F,Asian or Pacific Islander,A-PI,3 years,3,0,116775,Unreliable
,2012,2012,Female,F,Asian or Pacific Islander,A-PI,4 years,4,0,121142,Unreliable
,2012,2012,Female,F,Asian or Pacific Islander,A-PI,5 years,5,0,119640,Unreliable
,2012,2012,Female,F,Asian or Pacific Islander,A-PI,6 years,6,0,119276,Unreliable
,2012,2012,Female,F,Asian or Pacific Islander,A-PI,7 years,7,0,122067,Unreliable
,2012,2012,Female,F,Asian or Pacific Islander,A-PI,8 years,8,0,121986,Unreliable
,2012,2012,Female,F,Asian or Pacific Islander,A-PI,9 years,9,0,120961,Unreliable
,2012,2012,Female,F,Asian or Pacific Islander,A-PI,10 years,10,0,115170,Unreliable
,2012,2012,Female,F,Asian or Pacific Islander,A-PI,11 years,11,0,118079,Unreliable
,2012,2012,Female,F,Asian or Pacific Islander,A-PI,12 years,12,0,115581,Unreliable
,2012,2012,Female,F,Asian or Pacific Islander,A-PI,13 years,13,0,110176,Unreliable
,2012,2012,Female,F,Asian or Pacific Islander,A-PI,14 years,14,0,111579,Unreliable
,2012,2012,Female,F,Asian or Pacific Islander,A-PI,15 years,15,0,112731,Unreliable
,2012,2012,Female,F,Asian or Pacific Islander,A-PI,16 years,16,0,113697,Unreliable
,2012,2012,Female,F,Asian or Pacific Islander,A-PI,17 years,17,0,113499,Unreliable
,2012,2012,Female,F,Asian or Pacific Islander,A-PI,18 years,18,0,115280,Unreliable
,2012,2012,Female,F,Asian or Pacific Islander,A-PI,20 years,20,0,124552,Unreliable
,2012,2012,Female,F,Asian or Pacific Islander,A-PI,21 years,21,0,135094,Unreliable
,2012,2012,Female,F,Asian or Pacific Islander,A-PI,22 years,22,0,140931,Unreliable
,2012,2012,Female,F,Asian or Pacific Islander,A-PI,26 years,26,0,149822,Unreliable
,2012,2012,Female,F,Asian or Pacific Islander,A-PI,29 years,29,0,163684,Unreliable
,2012,2012,Female,F,Asian or Pacific Islander,A-PI,30 years,30,0,166343,Unreliable
,2012,2012,Female,F,Asian or Pacific Islander,A-PI,35 years,35,0,155321,Unreliable
,2012,2012,Female,F,Asian or Pacific Islander,A-PI,37 years,37,0,158828,Unreliable
,2012,2012,Female,F,Asian or Pacific Islander,A-PI,38 years,38,0,156759,Unreliable
,2012,2012,Female,F,Asian or Pacific Islander,A-PI,46 years,46,0,131405,Unreliable
,2012,2012,Female,F,Asian or Pacific Islander,A-PI,49 years,49,0,134313,Unreliable
,2012,2012,Female,F,Asian or Pacific Islander,A-PI,52 years,52,0,127491,Unreliable
,2012,2012,Female,F,Asian or Pacific Islander,A-PI,58 years,58,0,107407,Unreliable
,2012,2012,Female,F,Asian or Pacific Islander,A-PI,59 years,59,0,102829,Unreliable
,2012,2012,Female,F,Asian or Pacific Islander,A-PI,60 years,60,0,97937,Unreliable
,2012,2012,Female,F,Asian or Pacific Islander,A-PI,62 years,62,0,98624,Unreliable
,2012,2012,Female,F,Asian or Pacific Islander,A-PI,65 years,65,0,80276,Unreliable
,2012,2012,Female,F,Asian or Pacific Islander,A-PI,66 years,66,0,67851,Unreliable
,2012,2012,Female,F,Asian or Pacific Islander,A-PI,67 years,67,0,65890,Unreliable
,2012,2012,Female,F,Asian or Pacific Islander,A-PI,68 years,68,0,60772,Unreliable
,2012,2012,Female,F,Asian or Pacific Islander,A-PI,72 years,72,0,48493,Unreliable
,2012,2012,Female,F,Asian or Pacific Islander,A-PI,73 years,73,0,43591,Unreliable
,2012,2012,Female,F,Asian or Pacific Islander,A-PI,74 years,74,0,41705,Unreliable
,2012,2012,Female,F,Asian or Pacific Islander,A-PI,75 years,75,0,39146,Unreliable
,2012,2012,Female,F,Asian or Pacific Islander,A-PI,76 years,76,0,36931,Unreliable
,2012,2012,Female,F,Asian or Pacific Islander,A-PI,77 years,77,0,34916,Unreliable
,2012,2012,Female,F,Asian or Pacific Islander,A-PI,78 years,78,0,31710,Unreliable
,2012,2012,Female,F,Asian or Pacific Islander,A-PI,79 years,79,0,30957,Unreliable
,2012,2012,Female,F,Asian or Pacific Islander,A-PI,80 years,80,0,28091,Unreliable
,2012,2012,Female,F,Asian or Pacific Islander,A-PI,81 years,81,0,26564,Unreliable
,2012,2012,Female,F,Asian or Pacific Islander,A-PI,82 years,82,0,25920,Unreliable
,2012,2012,Female,F,Asian or Pacific Islander,A-PI,83 years,83,0,22608,Unreliable
,2012,2012,Female,F,Asian or Pacific Islander,A-PI,84 years,84,0,20673,Unreliable
,2012,2012,Female,F,Asian or Pacific Islander,A-PI,85 years,85,0,Not Applicable,Not Applicable
,2012,2012,Female,F,Asian or Pacific Islander,A-PI,86 years,86,0,Not Applicable,Not Applicable
,2012,2012,Female,F,Asian or Pacific Islander,A-PI,88 years,88,0,Not Applicable,Not Applicable
,2012,2012,Female,F,Asian or Pacific Islander,A-PI,89 years,89,0,Not Applicable,Not Applicable
,2012,2012,Female,F,Asian or Pacific Islander,A-PI,90 years,90,0,Not Applicable,Not Applicable
,2012,2012,Female,F,Asian or Pacific Islander,A-PI,91 years,91,0,Not Applicable,Not Applicable
,2012,2012,Female,F,Asian or Pacific Islander,A-PI,92 years,92,0,Not Applicable,Not Applicable
,2012,2012,Female,F,Asian or Pacific Islander,A-PI,93 years,93,0,Not Applicable,Not Applicable
,2012,2012,Female,F,Asian or Pacific Islander,A-PI,94 years,94,0,Not Applicable,Not Applicable
,2012,2012,Female,F,Asian or Pacific Islander,A-PI,95 years,95,0,Not Applicable,Not Applicable
,2012,2012,Female,F,Asian or Pacific Islander,A-PI,96 years,96,0,Not Applicable,Not Applicable
,2012,2012,Female,F,Asian or Pacific Islander,A-PI,97 years,97,0,Not Applicable,Not Applicable
,2012,2012,Female,F,Asian or Pacific Islander,A-PI,98 years,98,0,Not Applicable,Not Applicable
,2012,2012,Female,F,Asian or Pacific Islander,A-PI,99 years,99,0,Not Applicable,Not Applicable
,2012,2012,Female,F,Asian or Pacific Islander,A-PI,100+ years,100,0,Not Applicable,Not Applicable
,2012,2012,Female,F,Asian or Pacific Islander,A-PI,Not Stated,NS,0,Not Applicable,Not Applicable
,2012,2012,Female,F,Black or African American,2054-5,2 years,2,0,331512,Unreliable
,2012,2012,Female,F,Black or African American,2054-5,3 years,3,0,333645,Unreliable
,2012,2012,Female,F,Black or African American,2054-5,4 years,4,0,344026,Unreliable
,2012,2012,Female,F,Black or African American,2054-5,5 years,5,0,341158,Unreliable
,2012,2012,Female,F,Black or African American,2054-5,7 years,7,0,326197,Unreliable
,2012,2012,Female,F,Black or African American,2054-5,8 years,8,0,323181,Unreliable
,2012,2012,Female,F,Black or African American,2054-5,9 years,9,0,320181,Unreliable
,2012,2012,Female,F,Black or African American,2054-5,10 years,10,0,324484,Unreliable
,2012,2012,Female,F,Black or African American,2054-5,11 years,11,0,334150,Unreliable
,2012,2012,Female,F,Black or African American,2054-5,12 years,12,0,342626,Unreliable
,2012,2012,Female,F,Black or African American,2054-5,13 years,13,0,334165,Unreliable
,2012,2012,Female,F,Black or African American,2054-5,14 years,14,0,335316,Unreliable
,2012,2012,Female,F,Black or African American,2054-5,15 years,15,0,334753,Unreliable
,2012,2012,Female,F,Black or African American,2054-5,16 years,16,0,334981,Unreliable
,2012,2012,Female,F,Black or African American,2054-5,17 years,17,0,350034,Unreliable
,2012,2012,Female,F,Black or African American,2054-5,18 years,18,0,365720,Unreliable
,2012,2012,Female,F,Black or African American,2054-5,19 years,19,0,373873,Unreliable
,2012,2012,Female,F,Black or African American,2054-5,24 years,24,10,340627,Unreliable
,2012,2012,Female,F,Black or African American,2054-5,29 years,29,13,316349,Unreliable
,2012,2012,Female,F,Black or African American,2054-5,34 years,34,10,297186,Unreliable
,2012,2012,Female,F,Black or African American,2054-5,35 years,35,10,294638,Unreliable
,2012,2012,Female,F,Black or African American,2054-5,36 years,36,10,282922,Unreliable
,2012,2012,Female,F,Black or African American,2054-5,40 years,40,14,299351,Unreliable
,2012,2012,Female,F,Black or African American,2054-5,41 years,41,11,313645,Unreliable
,2012,2012,Female,F,Black or African American,2054-5,42 years,42,14,310627,Unreliable
,2012,2012,Female,F,Black or African American,2054-5,43 years,43,12,288648,Unreliable
,2012,2012,Female,F,Black or African American,2054-5,44 years,44,12,290489,Unreliable
,2012,2012,Female,F,Black or African American,2054-5,45 years,45,12,290854,Unreliable
,2012,2012,Female,F,Black or African American,2054-5,46 years,46,14,300780,Unreliable
,2012,2012,Female,F,Black or African American,2054-5,47 years,47,13,315174,Unreliable
,2012,2012,Female,F,Black or African American,2054-5,48 years,48,16,313802,Unreliable
,2012,2012,Female,F,Black or African American,2054-5,49 years,49,22,309861,7.1
,2012,2012,Female,F,Black or African American,2054-5,50 years,50,16,307088,Unreliable
,2012,2012,Female,F,Black or African American,2054-5,51 years,51,13,308641,Unreliable
,2012,2012,Female,F,Black or African American,2054-5,52 years,52,15,315219,Unreliable
,2012,2012,Female,F,Black or African American,2054-5,53 years,53,15,301859,Unreliable
,2012,2012,Female,F,Black or African American,2054-5,54 years,54,12,292646,Unreliable
,2012,2012,Female,F,Black or African American,2054-5,55 years,55,16,291444,Unreliable
,2012,2012,Female,F,Black or African American,2054-5,56 years,56,14,279710,Unreliable
,2012,2012,Female,F,Black or African American,2054-5,57 years,57,15,272206,Unreliable
,2012,2012,Female,F,Black or African American,2054-5,58 years,58,11,257318,Unreliable
,2012,2012,Female,F,Black or African American,2054-5,65 years,65,0,184081,Unreliable
,2012,2012,Female,F,Black or African American,2054-5,66 years,66,0,148600,Unreliable
,2012,2012,Female,F,Black or African American,2054-5,68 years,68,0,138261,Unreliable
,2012,2012,Female,F,Black or African American,2054-5,71 years,71,0,116012,Unreliable
,2012,2012,Female,F,Black or African American,2054-5,72 years,72,0,112122,Unreliable
,2012,2012,Female,F,Black or African American,2054-5,73 years,73,0,101127,Unreliable
,2012,2012,Female,F,Black or African American,2054-5,77 years,77,0,84240,Unreliable
,2012,2012,Female,F,Black or African American,2054-5,78 years,78,0,76287,Unreliable
,2012,2012,Female,F,Black or African American,2054-5,80 years,80,0,66987,Unreliable
,2012,2012,Female,F,Black or African American,2054-5,81 years,81,0,61833,Unreliable
,2012,2012,Female,F,Black or African American,2054-5,82 years,82,0,60393,Unreliable
,2012,2012,Female,F,Black or African American,2054-5,83 years,83,0,54165,Unreliable
,2012,2012,Female,F,Black or African American,2054-5,84 years,84,0,50131,Unreliable
,2012,2012,Female,F,Black or African American,2054-5,85 years,85,0,Not Applicable,Not Applicable
,2012,2012,Female,F,Black or African American,2054-5,86 years,86,0,Not Applicable,Not Applicable
,2012,2012,Female,F,Black or African American,2054-5,87 years,87,0,Not Applicable,Not Applicable
,2012,2012,Female,F,Black or African American,2054-5,88 years,88,0,Not Applicable,Not Applicable
,2012,2012,Female,F,Black or African American,2054-5,89 years,89,0,Not Applicable,Not Applicable
,2012,2012,Female,F,Black or African American,2054-5,90 years,90,0,Not Applicable,Not Applicable
,2012,2012,Female,F,Black or African American,2054-5,91 years,91,0,Not Applicable,Not Applicable
,2012,2012,Female,F,Black or African American,2054-5,92 years,92,0,Not Applicable,Not Applicable
,2012,2012,Female,F,Black or African American,2054-5,93 years,93,0,Not Applicable,Not Applicable
,2012,2012,Female,F,Black or African American,2054-5,94 years,94,0,Not Applicable,Not Applicable
,2012,2012,Female,F,Black or African American,2054-5,95 years,95,0,Not Applicable,Not Applicable
,2012,2012,Female,F,Black or African American,2054-5,96 years,96,0,Not Applicable,Not Applicable
,2012,2012,Female,F,Black or African American,2054-5,97 years,97,0,Not Applicable,Not Applicable
,2012,2012,Female,F,Black or African American,2054-5,98 years,98,0,Not Applicable,Not Applicable
,2012,2012,Female,F,Black or African American,2054-5,99 years,99,0,Not Applicable,Not Applicable
,2012,2012,Female,F,Black or African American,2054-5,100+ years,100,0,Not Applicable,Not Applicable
,2012,2012,Female,F,Black or African American,2054-5,Not Stated,NS,0,Not Applicable,Not Applicable
,2012,2012,Female,F,White,2106-3,4 years,4,0,1508264,Unreliable
,2012,2012,Female,F,White,2106-3,6 years,6,0,1512654,Unreliable
,2012,2012,Female,F,White,2106-3,7 years,7,0,1511665,Unreliable
,2012,2012,Female,F,White,2106-3,8 years,8,0,1521102,Unreliable
,2012,2012,Female,F,White,2106-3,9 years,9,0,1511917,Unreliable
,2012,2012,Female,F,White,2106-3,10 years,10,0,1504561,Unreliable
,2012,2012,Female,F,White,2106-3,11 years,11,0,1538391,Unreliable
,2012,2012,Female,F,White,2106-3,12 years,12,0,1558214,Unreliable
,2012,2012,Female,F,White,2106-3,18 years,18,16,1597540,Unreliable
,2012,2012,Female,F,White,2106-3,19 years,19,20,1614831,1.2
,2012,2012,Female,F,White,2106-3,20 years,20,30,1661379,1.8
,2012,2012,Female,F,White,2106-3,21 years,21,47,1696540,2.8
,2012,2012,Female,F,White,2106-3,22 years,22,34,1697592,2
,2012,2012,Female,F,White,2106-3,23 years,23,58,1631538,3.6
,2012,2012,Female,F,White,2106-3,24 years,24,58,1608634,3.6
,2012,2012,Female,F,White,2106-3,25 years,25,72,1588513,4.5
,2012,2012,Female,F,White,2106-3,26 years,26,87,1604132,5.4
,2012,2012,Female,F,White,2106-3,27 years,27,84,1625194,5.2
,2012,2012,Female,F,White,2106-3,28 years,28,107,1580462,6.8
,2012,2012,Female,F,White,2106-3,29 years,29,96,1610331,6
,2012,2012,Female,F,White,2106-3,30 years,30,108,1614608,6.7
,2012,2012,Female,F,White,2106-3,31 years,31,115,1603272,7.2
,2012,2012,Female,F,White,2106-3,32 years,32,108,1624118,6.6
,2012,2012,Female,F,White,2106-3,33 years,33,121,1531795,7.9
,2012,2012,Female,F,White,2106-3,34 years,34,106,1510424,7
,2012,2012,Female,F,White,2106-3,35 years,35,125,1499194,8.3
,2012,2012,Female,F,White,2106-3,36 years,36,121,1455177,8.3
,2012,2012,Female,F,White,2106-3,37 years,37,110,1501867,7.3
,2012,2012,Female,F,White,2106-3,38 years,38,112,1461948,7.7
,2012,2012,Female,F,White,2106-3,39 years,39,141,1489360,9.5
,2012,2012,Female,F,White,2106-3,40 years,40,117,1568527,7.5
,2012,2012,Female,F,White,2106-3,41 years,41,148,1678281,8.8
,2012,2012,Female,F,White,2106-3,42 years,42,150,1701596,8.8
,2012,2012,Female,F,White,2106-3,43 years,43,153,1625745,9.4
,2012,2012,Female,F,White,2106-3,44 years,44,164,1591401,10.3
,2012,2012,Female,F,White,2106-3,45 years,45,188,1612485,11.7
,2012,2012,Female,F,White,2106-3,46 years,46,181,1640515,11
,2012,2012,Female,F,White,2106-3,47 years,47,195,1753116,11.1
,2012,2012,Female,F,White,2106-3,48 years,48,220,1804875,12.2
,2012,2012,Female,F,White,2106-3,49 years,49,232,1815759,12.8
,2012,2012,Female,F,White,2106-3,50 years,50,226,1830348,12.3
,2012,2012,Female,F,White,2106-3,51 years,51,220,1866317,11.8
,2012,2012,Female,F,White,2106-3,52 years,52,217,1871297,11.6
,2012,2012,Female,F,White,2106-3,53 years,53,201,1827675,11
,2012,2012,Female,F,White,2106-3,54 years,54,187,1830861,10.2
,2012,2012,Female,F,White,2106-3,55 years,55,198,1820196,10.9
,2012,2012,Female,F,White,2106-3,56 years,56,168,1761084,9.5
,2012,2012,Female,F,White,2106-3,57 years,57,151,1755685,8.6
,2012,2012,Female,F,White,2106-3,58 years,58,112,1703660,6.6
,2012,2012,Female,F,White,2106-3,59 years,59,114,1652117,6.9
,2012,2012,Female,F,White,2106-3,60 years,60,102,1596287,6.4
,2012,2012,Female,F,White,2106-3,61 years,61,72,1552203,4.6
,2012,2012,Female,F,White,2106-3,62 years,62,62,1514611,4.1
,2012,2012,Female,F,White,2106-3,63 years,63,53,1491615,3.6
,2012,2012,Female,F,White,2106-3,64 years,64,59,1492654,4
,2012,2012,Female,F,White,2106-3,65 years,65,46,1586435,2.9
,2012,2012,Female,F,White,2106-3,66 years,66,37,1159626,3.2
,2012,2012,Female,F,White,2106-3,67 years,67,29,1152132,2.5
,2012,2012,Female,F,White,2106-3,68 years,68,42,1140798,3.7
,2012,2012,Female,F,White,2106-3,69 years,69,24,1185316,2
,2012,2012,Female,F,White,2106-3,70 years,70,16,1034062,Unreliable
,2012,2012,Female,F,White,2106-3,71 years,71,13,951958,Unreliable
,2012,2012,Female,F,White,2106-3,72 years,72,10,903591,Unreliable
,2012,2012,Female,F,White,2106-3,73 years,73,16,860498,Unreliable
,2012,2012,Female,F,White,2106-3,75 years,75,12,777502,Unreliable
,2012,2012,Female,F,White,2106-3,76 years,76,13,750773,Unreliable
,2012,2012,Female,F,White,2106-3,89 years,89,0,Not Applicable,Not Applicable
,2012,2012,Female,F,White,2106-3,94 years,94,0,Not Applicable,Not Applicable
,2012,2012,Female,F,White,2106-3,98 years,98,0,Not Applicable,Not Applicable
,2012,2012,Female,F,White,2106-3,100+ years,100,0,Not Applicable,Not Applicable
,2012,2012,Female,F,White,2106-3,Not Stated,NS,0,Not Applicable,Not Applicable
,2012,2012,Male,M,American Indian or Alaska Native,1002-5,< 1 year,0,0,39172,Unreliable
,2012,2012,Male,M,American Indian or Alaska Native,1002-5,2 years,2,0,39431,Unreliable
,2012,2012,Male,M,American Indian or Alaska Native,1002-5,3 years,3,0,38971,Unreliable
,2012,2012,Male,M,American Indian or Alaska Native,1002-5,4 years,4,0,40227,Unreliable
,2012,2012,Male,M,American Indian or Alaska Native,1002-5,5 years,5,0,40753,Unreliable
,2012,2012,Male,M,American Indian or Alaska Native,1002-5,6 years,6,0,39776,Unreliable
,2012,2012,Male,M,American Indian or Alaska Native,1002-5,7 years,7,0,39353,Unreliable
,2012,2012,Male,M,American Indian or Alaska Native,1002-5,8 years,8,0,38257,Unreliable
,2012,2012,Male,M,American Indian or Alaska Native,1002-5,9 years,9,0,37846,Unreliable
,2012,2012,Male,M,American Indian or Alaska Native,1002-5,10 years,10,0,37650,Unreliable
,2012,2012,Male,M,American Indian or Alaska Native,1002-5,11 years,11,0,37925,Unreliable
,2012,2012,Male,M,American Indian or Alaska Native,1002-5,12 years,12,0,38984,Unreliable
,2012,2012,Male,M,American Indian or Alaska Native,1002-5,13 years,13,0,37659,Unreliable
,2012,2012,Male,M,American Indian or Alaska Native,1002-5,14 years,14,0,37699,Unreliable
,2012,2012,Male,M,American Indian or Alaska Native,1002-5,15 years,15,0,37520,Unreliable
,2012,2012,Male,M,American Indian or Alaska Native,1002-5,25 years,25,0,37041,Unreliable
,2012,2012,Male,M,American Indian or Alaska Native,1002-5,38 years,38,0,29203,Unreliable
,2012,2012,Male,M,American Indian or Alaska Native,1002-5,59 years,59,0,18682,Unreliable
,2012,2012,Male,M,American Indian or Alaska Native,1002-5,60 years,60,0,17111,Unreliable
,2012,2012,Male,M,American Indian or Alaska Native,1002-5,63 years,63,0,15192,Unreliable
,2012,2012,Male,M,American Indian or Alaska Native,1002-5,68 years,68,0,9656,Unreliable
,2012,2012,Male,M,American Indian or Alaska Native,1002-5,69 years,69,0,9104,Unreliable
,2012,2012,Male,M,American Indian or Alaska Native,1002-5,70 years,70,0,8194,Unreliable
,2012,2012,Male,M,American Indian or Alaska Native,1002-5,71 years,71,0,7465,Unreliable
,2012,2012,Male,M,American Indian or Alaska Native,1002-5,72 years,72,0,7058,Unreliable
,2012,2012,Male,M,American Indian or Alaska Native,1002-5,73 years,73,0,6113,Unreliable
,2012,2012,Male,M,American Indian or Alaska Native,1002-5,74 years,74,0,5709,Unreliable
,2012,2012,Male,M,American Indian or Alaska Native,1002-5,75 years,75,0,5087,Unreliable
,2012,2012,Male,M,American Indian or Alaska Native,1002-5,76 years,76,0,4674,Unreliable
,2012,2012,Male,M,American Indian or Alaska Native,1002-5,78 years,78,0,3622,Unreliable
,2012,2012,Male,M,American Indian or Alaska Native,1002-5,79 years,79,0,3348,Unreliable
,2012,2012,Male,M,American Indian or Alaska Native,1002-5,80 years,80,0,2953,Unreliable
,2012,2012,Male,M,American Indian or Alaska Native,1002-5,81 years,81,0,2589,Unreliable
,2012,2012,Male,M,American Indian or Alaska Native,1002-5,82 years,82,0,2560,Unreliable
,2012,2012,Male,M,American Indian or Alaska Native,1002-5,83 years,83,0,2112,Unreliable
,2012,2012,Male,M,American Indian or Alaska Native,1002-5,84 years,84,0,1838,Unreliable
,2012,2012,Male,M,American Indian or Alaska Native,1002-5,85 years,85,0,Not Applicable,Not Applicable
,2012,2012,Male,M,American Indian or Alaska Native,1002-5,86 years,86,0,Not Applicable,Not Applicable
,2012,2012,Male,M,American Indian or Alaska Native,1002-5,87 years,87,0,Not Applicable,Not Applicable
,2012,2012,Male,M,American Indian or Alaska Native,1002-5,88 years,88,0,Not Applicable,Not Applicable
,2012,2012,Male,M,American Indian or Alaska Native,1002-5,89 years,89,0,Not Applicable,Not Applicable
,2012,2012,Male,M,American Indian or Alaska Native,1002-5,90 years,90,0,Not Applicable,Not Applicable
,2012,2012,Male,M,American Indian or Alaska Native,1002-5,91 years,91,0,Not Applicable,Not Applicable
,2012,2012,Male,M,American Indian or Alaska Native,1002-5,92 years,92,0,Not Applicable,Not Applicable
,2012,2012,Male,M,American Indian or Alaska Native,1002-5,93 years,93,0,Not Applicable,Not Applicable
,2012,2012,Male,M,American Indian or Alaska Native,1002-5,94 years,94,0,Not Applicable,Not Applicable
,2012,2012,Male,M,American Indian or Alaska Native,1002-5,95 years,95,0,Not Applicable,Not Applicable
,2012,2012,Male,M,American Indian or Alaska Native,1002-5,96 years,96,0,Not Applicable,Not Applicable
,2012,2012,Male,M,American Indian or Alaska Native,1002-5,97 years,97,0,Not Applicable,Not Applicable
,2012,2012,Male,M,American Indian or Alaska Native,1002-5,98 years,98,0,Not Applicable,Not Applicable
,2012,2012,Male,M,American Indian or Alaska Native,1002-5,99 years,99,0,Not Applicable,Not Applicable
,2012,2012,Male,M,American Indian or Alaska Native,1002-5,100+ years,100,0,Not Applicable,Not Applicable
,2012,2012,Male,M,American Indian or Alaska Native,1002-5,Not Stated,NS,0,Not Applicable,Not Applicable
,2012,2012,Male,M,Asian or Pacific Islander,A-PI,< 1 year,0,0,118822,Unreliable
,2012,2012,Male,M,Asian or Pacific Islander,A-PI,1 year,1,0,122749,Unreliable
,2012,2012,Male,M,Asian or Pacific Islander,A-PI,2 years,2,0,122795,Unreliable
,2012,2012,Male,M,Asian or Pacific Islander,A-PI,3 years,3,0,120731,Unreliable
,2012,2012,Male,M,Asian or Pacific Islander,A-PI,4 years,4,0,125862,Unreliable
,2012,2012,Male,M,Asian or Pacific Islander,A-PI,5 years,5,0,124416,Unreliable
,2012,2012,Male,M,Asian or Pacific Islander,A-PI,6 years,6,0,122817,Unreliable
,2012,2012,Male,M,Asian or Pacific Islander,A-PI,7 years,7,0,123414,Unreliable
,2012,2012,Male,M,Asian or Pacific Islander,A-PI,8 years,8,0,122775,Unreliable
,2012,2012,Male,M,Asian or Pacific Islander,A-PI,9 years,9,0,121241,Unreliable
,2012,2012,Male,M,Asian or Pacific Islander,A-PI,10 years,10,0,115822,Unreliable
,2012,2012,Male,M,Asian or Pacific Islander,A-PI,11 years,11,0,119687,Unreliable
,2012,2012,Male,M,Asian or Pacific Islander,A-PI,12 years,12,0,117511,Unreliable
,2012,2012,Male,M,Asian or Pacific Islander,A-PI,13 years,13,0,113302,Unreliable
,2012,2012,Male,M,Asian or Pacific Islander,A-PI,14 years,14,0,114181,Unreliable
,2012,2012,Male,M,Asian or Pacific Islander,A-PI,15 years,15,0,115040,Unreliable
,2012,2012,Male,M,Asian or Pacific Islander,A-PI,16 years,16,0,116867,Unreliable
,2012,2012,Male,M,Asian or Pacific Islander,A-PI,17 years,17,0,117809,Unreliable
,2012,2012,Male,M,Asian or Pacific Islander,A-PI,19 years,19,0,123038,Unreliable
,2012,2012,Male,M,Asian or Pacific Islander,A-PI,21 years,21,0,140190,Unreliable
,2012,2012,Male,M,Asian or Pacific Islander,A-PI,42 years,42,0,139697,Unreliable
,2012,2012,Male,M,Asian or Pacific Islander,A-PI,45 years,45,0,115964,Unreliable
,2012,2012,Male,M,Asian or Pacific Islander,A-PI,46 years,46,0,117399,Unreliable
,2012,2012,Male,M,Asian or Pacific Islander,A-PI,47 years,47,0,120306,Unreliable
,2012,2012,Male,M,Asian or Pacific Islander,A-PI,49 years,49,0,119871,Unreliable
,2012,2012,Male,M,Asian or Pacific Islander,A-PI,50 years,50,0,110082,Unreliable
,2012,2012,Male,M,Asian or Pacific Islander,A-PI,55 years,55,0,99025,Unreliable
,2012,2012,Male,M,Asian or Pacific Islander,A-PI,56 years,56,0,97286,Unreliable
,2012,2012,Male,M,Asian or Pacific Islander,A-PI,57 years,57,0,95662,Unreliable
,2012,2012,Male,M,Asian or Pacific Islander,A-PI,58 years,58,0,89112,Unreliable
,2012,2012,Male,M,Asian or Pacific Islander,A-PI,62 years,62,0,80194,Unreliable
,2012,2012,Male,M,Asian or Pacific Islander,A-PI,64 years,64,0,69940,Unreliable
,2012,2012,Male,M,Asian or Pacific Islander,A-PI,65 years,65,0,65127,Unreliable
,2012,2012,Male,M,Asian or Pacific Islander,A-PI,66 years,66,0,56134,Unreliable
,2012,2012,Male,M,Asian or Pacific Islander,A-PI,67 years,67,0,53902,Unreliable
,2012,2012,Male,M,Asian or Pacific Islander,A-PI,68 years,68,0,50086,Unreliable
,2012,2012,Male,M,Asian or Pacific Islander,A-PI,69 years,69,0,46920,Unreliable
,2012,2012,Male,M,Asian or Pacific Islander,A-PI,70 years,70,0,44294,Unreliable
,2012,2012,Male,M,Asian or Pacific Islander,A-PI,72 years,72,0,40376,Unreliable
,2012,2012,Male,M,Asian or Pacific Islander,A-PI,74 years,74,0,34274,Unreliable
,2012,2012,Male,M,Asian or Pacific Islander,A-PI,76 years,76,0,28952,Unreliable
,2012,2012,Male,M,Asian or Pacific Islander,A-PI,77 years,77,0,26534,Unreliable
,2012,2012,Male,M,Asian or Pacific Islander,A-PI,78 years,78,0,23667,Unreliable
,2012,2012,Male,M,Asian or Pacific Islander,A-PI,79 years,79,0,21855,Unreliable
,2012,2012,Male,M,Asian or Pacific Islander,A-PI,80 years,80,0,19672,Unreliable
,2012,2012,Male,M,Asian or Pacific Islander,A-PI,81 years,81,0,17874,Unreliable
,2012,2012,Male,M,Asian or Pacific Islander,A-PI,82 years,82,0,16986,Unreliable
,2012,2012,Male,M,Asian or Pacific Islander,A-PI,83 years,83,0,14437,Unreliable
,2012,2012,Male,M,Asian or Pacific Islander,A-PI,84 years,84,0,12904,Unreliable
,2012,2012,Male,M,Asian or Pacific Islander,A-PI,85 years,85,0,Not Applicable,Not Applicable
,2012,2012,Male,M,Asian or Pacific Islander,A-PI,86 years,86,0,Not Applicable,Not Applicable
,2012,2012,Male,M,Asian or Pacific Islander,A-PI,87 years,87,0,Not Applicable,Not Applicable
,2012,2012,Male,M,Asian or Pacific Islander,A-PI,88 years,88,0,Not Applicable,Not Applicable
,2012,2012,Male,M,Asian or Pacific Islander,A-PI,89 years,89,0,Not Applicable,Not Applicable
,2012,2012,Male,M,Asian or Pacific Islander,A-PI,90 years,90,0,Not Applicable,Not Applicable
,2012,2012,Male,M,Asian or Pacific Islander,A-PI,91 years,91,0,Not Applicable,Not Applicable
,2012,2012,Male,M,Asian or Pacific Islander,A-PI,92 years,92,0,Not Applicable,Not Applicable
,2012,2012,Male,M,Asian or Pacific Islander,A-PI,93 years,93,0,Not Applicable,Not Applicable
,2012,2012,Male,M,Asian or Pacific Islander,A-PI,94 years,94,0,Not Applicable,Not Applicable
,2012,2012,Male,M,Asian or Pacific Islander,A-PI,95 years,95,0,Not Applicable,Not Applicable
,2012,2012,Male,M,Asian or Pacific Islander,A-PI,96 years,96,0,Not Applicable,Not Applicable
,2012,2012,Male,M,Asian or Pacific Islander,A-PI,97 years,97,0,Not Applicable,Not Applicable
,2012,2012,Male,M,Asian or Pacific Islander,A-PI,98 years,98,0,Not Applicable,Not Applicable
,2012,2012,Male,M,Asian or Pacific Islander,A-PI,99 years,99,0,Not Applicable,Not Applicable
,2012,2012,Male,M,Asian or Pacific Islander,A-PI,100+ years,100,0,Not Applicable,Not Applicable
,2012,2012,Male,M,Asian or Pacific Islander,A-PI,Not Stated,NS,0,Not Applicable,Not Applicable
,2012,2012,Male,M,Black or African American,2054-5,5 years,5,0,354174,Unreliable
,2012,2012,Male,M,Black or African American,2054-5,6 years,6,0,343526,Unreliable
,2012,2012,Male,M,Black or African American,2054-5,7 years,7,0,338140,Unreliable
,2012,2012,Male,M,Black or African American,2054-5,8 years,8,0,334397,Unreliable
,2012,2012,Male,M,Black or African American,2054-5,9 years,9,0,330988,Unreliable
,2012,2012,Male,M,Black or African American,2054-5,11 years,11,0,346198,Unreliable
,2012,2012,Male,M,Black or African American,2054-5,12 years,12,0,355747,Unreliable
,2012,2012,Male,M,Black or African American,2054-5,13 years,13,0,346816,Unreliable
,2012,2012,Male,M,Black or African American,2054-5,14 years,14,0,347708,Unreliable
,2012,2012,Male,M,Black or African American,2054-5,16 years,16,0,345739,Unreliable
,2012,2012,Male,M,Black or African American,2054-5,24 years,24,12,334004,Unreliable
,2012,2012,Male,M,Black or African American,2054-5,25 years,25,12,318030,Unreliable
,2012,2012,Male,M,Black or African American,2054-5,26 years,26,10,310465,Unreliable
,2012,2012,Male,M,Black or African American,2054-5,29 years,29,12,292916,Unreliable
,2012,2012,Male,M,Black or African American,2054-5,30 years,30,11,291051,Unreliable
,2012,2012,Male,M,Black or African American,2054-5,31 years,31,12,287789,Unreliable
,2012,2012,Male,M,Black or African American,2054-5,39 years,39,10,255876,Unreliable
,2012,2012,Male,M,Black or African American,2054-5,40 years,40,11,265554,Unreliable
,2012,2012,Male,M,Black or African American,2054-5,43 years,43,10,258788,Unreliable
,2012,2012,Male,M,Black or African American,2054-5,44 years,44,10,259834,Unreliable
,2012,2012,Male,M,Black or African American,2054-5,47 years,47,12,282020,Unreliable
,2012,2012,Male,M,Black or African American,2054-5,49 years,49,13,275177,Unreliable
,2012,2012,Male,M,Black or African American,2054-5,51 years,51,10,271649,Unreliable
,2012,2012,Male,M,Black or African American,2054-5,52 years,52,12,279150,Unreliable
,2012,2012,Male,M,Black or African American,2054-5,53 years,53,13,265210,Unreliable
,2012,2012,Male,M,Black or African American,2054-5,54 years,54,11,257516,Unreliable
,2012,2012,Male,M,Black or African American,2054-5,55 years,55,12,252420,Unreliable
,2012,2012,Male,M,Black or African American,2054-5,56 years,56,12,240622,Unreliable
,2012,2012,Male,M,Black or African American,2054-5,57 years,57,14,234008,Unreliable
,2012,2012,Male,M,Black or African American,2054-5,58 years,58,25,216615,11.5
,2012,2012,Male,M,Black or African American,2054-5,59 years,59,10,201531,Unreliable
,2012,2012,Male,M,Black or African American,2054-5,60 years,60,11,189372,Unreliable
,2012,2012,Male,M,Black or African American,2054-5,63 years,63,14,165460,Unreliable
,2012,2012,Male,M,Black or African American,2054-5,72 years,72,0,80101,Unreliable
,2012,2012,Male,M,Black or African American,2054-5,73 years,73,0,72331,Unreliable
,2012,2012,Male,M,Black or African American,2054-5,75 years,75,0,61466,Unreliable
,2012,2012,Male,M,Black or African American,2054-5,76 years,76,0,58361,Unreliable
,2012,2012,Male,M,Black or African American,2054-5,77 years,77,0,53956,Unreliable
,2012,2012,Male,M,Black or African American,2054-5,78 years,78,0,47542,Unreliable
,2012,2012,Male,M,Black or African American,2054-5,79 years,79,0,43941,Unreliable
,2012,2012,Male,M,Black or African American,2054-5,80 years,80,0,38914,Unreliable
,2012,2012,Male,M,Black or African American,2054-5,81 years,81,0,34582,Unreliable
,2012,2012,Male,M,Black or African American,2054-5,82 years,82,0,32788,Unreliable
,2012,2012,Male,M,Black or African American,2054-5,83 years,83,0,27857,Unreliable
,2012,2012,Male,M,Black or African American,2054-5,84 years,84,0,24746,Unreliable
,2012,2012,Male,M,Black or African American,2054-5,86 years,86,0,Not Applicable,Not Applicable
,2012,2012,Male,M,Black or African American,2054-5,87 years,87,0,Not Applicable,Not Applicable
,2012,2012,Male,M,Black or African American,2054-5,88 years,88,0,Not Applicable,Not Applicable
,2012,2012,Male,M,Black or African American,2054-5,90 years,90,0,Not Applicable,Not Applicable
,2012,2012,Male,M,Black or African American,2054-5,91 years,91,0,Not Applicable,Not Applicable
,2012,2012,Male,M,Black or African American,2054-5,92 years,92,0,Not Applicable,Not Applicable
,2012,2012,Male,M,Black or African American,2054-5,93 years,93,0,Not Applicable,Not Applicable
,2012,2012,Male,M,Black or African American,2054-5,94 years,94,0,Not Applicable,Not Applicable
,2012,2012,Male,M,Black or African American,2054-5,95 years,95,0,Not Applicable,Not Applicable
,2012,2012,Male,M,Black or African American,2054-5,96 years,96,0,Not Applicable,Not Applicable
,2012,2012,Male,M,Black or African American,2054-5,97 years,97,0,Not Applicable,Not Applicable
,2012,2012,Male,M,Black or African American,2054-5,98 years,98,0,Not Applicable,Not Applicable
,2012,2012,Male,M,Black or African American,2054-5,99 years,99,0,Not Applicable,Not Applicable
,2012,2012,Male,M,Black or African American,2054-5,100+ years,100,0,Not Applicable,Not Applicable
,2012,2012,Male,M,Black or African American,2054-5,Not Stated,NS,0,Not Applicable,Not Applicable
,2012,2012,Male,M,White,2106-3,2 years,2,0,1526160,Unreliable
,2012,2012,Male,M,White,2106-3,4 years,4,0,1579181,Unreliable
,2012,2012,Male,M,White,2106-3,7 years,7,0,1586648,Unreliable
,2012,2012,Male,M,White,2106-3,9 years,9,0,1583960,Unreliable
,2012,2012,Male,M,White,2106-3,12 years,12,0,1640712,Unreliable
,2012,2012,Male,M,White,2106-3,15 years,15,12,1619891,Unreliable
,2012,2012,Male,M,White,2106-3,16 years,16,19,1638527,Unreliable
,2012,2012,Male,M,White,2106-3,17 years,17,22,1670161,1.3
,2012,2012,Male,M,White,2106-3,18 years,18,54,1697944,3.2
,2012,2012,Male,M,White,2106-3,19 years,19,81,1723495,4.7
,2012,2012,Male,M,White,2106-3,20 years,20,100,1766462,5.7
,2012,2012,Male,M,White,2106-3,21 years,21,132,1787747,7.4
,2012,2012,Male,M,White,2106-3,22 years,22,136,1788790,7.6
,2012,2012,Male,M,White,2106-3,23 years,23,160,1725186,9.3
,2012,2012,Male,M,White,2106-3,24 years,24,144,1699802,8.5
,2012,2012,Male,M,White,2106-3,25 years,25,176,1681014,10.5
,2012,2012,Male,M,White,2106-3,26 years,26,180,1694425,10.6
,2012,2012,Male,M,White,2106-3,27 years,27,187,1709165,10.9
,2012,2012,Male,M,White,2106-3,28 years,28,165,1649830,10
,2012,2012,Male,M,White,2106-3,29 years,29,201,1677297,12
,2012,2012,Male,M,White,2106-3,30 years,30,210,1676860,12.5
,2012,2012,Male,M,White,2106-3,31 years,31,203,1662194,12.2
,2012,2012,Male,M,White,2106-3,32 years,32,210,1696907,12.4
,2012,2012,Male,M,White,2106-3,33 years,33,251,1586383,15.8
,2012,2012,Male,M,White,2106-3,34 years,34,209,1559659,13.4
,2012,2012,Male,M,White,2106-3,35 years,35,189,1540543,12.3
,2012,2012,Male,M,White,2106-3,36 years,36,204,1493841,13.7
,2012,2012,Male,M,White,2106-3,37 years,37,190,1546153,12.3
,2012,2012,Male,M,White,2106-3,38 years,38,196,1492735,13.1
,2012,2012,Male,M,White,2106-3,39 years,39,207,1510564,13.7
,2012,2012,Male,M,White,2106-3,40 years,40,181,1593206,11.4
,2012,2012,Male,M,White,2106-3,41 years,41,186,1702564,10.9
,2012,2012,Male,M,White,2106-3,42 years,42,211,1736431,12.2
,2012,2012,Male,M,White,2106-3,43 years,43,207,1651401,12.5
,2012,2012,Male,M,White,2106-3,44 years,44,191,1614617,11.8
,2012,2012,Male,M,White,2106-3,45 years,45,200,1623590,12.3
,2012,2012,Male,M,White,2106-3,46 years,46,234,1652264,14.2
,2012,2012,Male,M,White,2106-3,47 years,47,225,1759484,12.8
,2012,2012,Male,M,White,2106-3,48 years,48,218,1797036,12.1
,2012,2012,Male,M,White,2106-3,49 years,49,258,1798296,14.3
,2012,2012,Male,M,White,2106-3,50 years,50,216,1808169,11.9
,2012,2012,Male,M,White,2106-3,51 years,51,254,1836527,13.8
,2012,2012,Male,M,White,2106-3,52 years,52,246,1849586,13.3
,2012,2012,Male,M,White,2106-3,53 years,53,213,1791306,11.9
,2012,2012,Male,M,White,2106-3,54 years,54,212,1785031,11.9
,2012,2012,Male,M,White,2106-3,55 years,55,179,1766018,10.1
,2012,2012,Male,M,White,2106-3,56 years,56,203,1700291,11.9
,2012,2012,Male,M,White,2106-3,57 years,57,174,1690525,10.3
,2012,2012,Male,M,White,2106-3,58 years,58,149,1624522,9.2
,2012,2012,Male,M,White,2106-3,59 years,59,125,1568950,8
,2012,2012,Male,M,White,2106-3,60 years,60,114,1515738,7.5
,2012,2012,Male,M,White,2106-3,61 years,61,97,1463917,6.6
,2012,2012,Male,M,White,2106-3,62 years,62,70,1426941,4.9
,2012,2012,Male,M,White,2106-3,63 years,63,57,1396560,4.1
,2012,2012,Male,M,White,2106-3,64 years,64,60,1395341,4.3
,2012,2012,Male,M,White,2106-3,65 years,65,53,1478686,3.6
,2012,2012,Male,M,White,2106-3,66 years,66,36,1069764,3.4
,2012,2012,Male,M,White,2106-3,67 years,67,20,1053419,1.9
,2012,2012,Male,M,White,2106-3,68 years,68,27,1030682,2.6
,2012,2012,Male,M,White,2106-3,69 years,69,19,1063363,Unreliable
,2012,2012,Male,M,White,2106-3,70 years,70,11,916112,Unreliable
,2012,2012,Male,M,White,2106-3,73 years,73,12,740163,Unreliable
,2012,2012,Male,M,White,2106-3,84 years,84,0,354198,Unreliable
,2012,2012,Male,M,White,2106-3,88 years,88,0,Not Applicable,Not Applicable
,2012,2012,Male,M,White,2106-3,89 years,89,0,Not Applicable,Not Applicable
,2012,2012,Male,M,White,2106-3,93 years,93,0,Not Applicable,Not Applicable
,2012,2012,Male,M,White,2106-3,96 years,96,0,Not Applicable,Not Applicable
,2012,2012,Male,M,White,2106-3,97 years,97,0,Not Applicable,Not Applicable
,2012,2012,Male,M,White,2106-3,98 years,98,0,Not Applicable,Not Applicable
,2012,2012,Male,M,White,2106-3,99 years,99,0,Not Applicable,Not Applicable
,2012,2012,Male,M,White,2106-3,Not Stated,NS,0,Not Applicable,Not Applicable
,2013,2013,Female,F,American Indian or Alaska Native,1002-5,< 1 year,0,0,38574,Unreliable
,2013,2013,Female,F,American Indian or Alaska Native,1002-5,1 year,1,0,38522,Unreliable
,2013,2013,Female,F,American Indian or Alaska Native,1002-5,2 years,2,0,37785,Unreliable
,2013,2013,Female,F,American Indian or Alaska Native,1002-5,3 years,3,0,38425,Unreliable
,2013,2013,Female,F,American Indian or Alaska Native,1002-5,4 years,4,0,37962,Unreliable
,2013,2013,Female,F,American Indian or Alaska Native,1002-5,5 years,5,0,39109,Unreliable
,2013,2013,Female,F,American Indian or Alaska Native,1002-5,6 years,6,0,39292,Unreliable
,2013,2013,Female,F,American Indian or Alaska Native,1002-5,7 years,7,0,38500,Unreliable
,2013,2013,Female,F,American Indian or Alaska Native,1002-5,8 years,8,0,38504,Unreliable
,2013,2013,Female,F,American Indian or Alaska Native,1002-5,9 years,9,0,37485,Unreliable
,2013,2013,Female,F,American Indian or Alaska Native,1002-5,10 years,10,0,36820,Unreliable
,2013,2013,Female,F,American Indian or Alaska Native,1002-5,11 years,11,0,36622,Unreliable
,2013,2013,Female,F,American Indian or Alaska Native,1002-5,12 years,12,0,36968,Unreliable
,2013,2013,Female,F,American Indian or Alaska Native,1002-5,13 years,13,0,37587,Unreliable
,2013,2013,Female,F,American Indian or Alaska Native,1002-5,14 years,14,0,36814,Unreliable
,2013,2013,Female,F,American Indian or Alaska Native,1002-5,15 years,15,0,36741,Unreliable
,2013,2013,Female,F,American Indian or Alaska Native,1002-5,16 years,16,0,36393,Unreliable
,2013,2013,Female,F,American Indian or Alaska Native,1002-5,17 years,17,0,36085,Unreliable
,2013,2013,Female,F,American Indian or Alaska Native,1002-5,18 years,18,0,36840,Unreliable
,2013,2013,Female,F,American Indian or Alaska Native,1002-5,19 years,19,0,37842,Unreliable
,2013,2013,Female,F,American Indian or Alaska Native,1002-5,20 years,20,0,38502,Unreliable
,2013,2013,Female,F,American Indian or Alaska Native,1002-5,24 years,24,0,35504,Unreliable
,2013,2013,Female,F,American Indian or Alaska Native,1002-5,25 years,25,0,34551,Unreliable
,2013,2013,Female,F,American Indian or Alaska Native,1002-5,35 years,35,0,30133,Unreliable
,2013,2013,Female,F,American Indian or Alaska Native,1002-5,49 years,49,0,28578,Unreliable
,2013,2013,Female,F,American Indian or Alaska Native,1002-5,63 years,63,0,17254,Unreliable
,2013,2013,Female,F,American Indian or Alaska Native,1002-5,64 years,64,0,16128,Unreliable
,2013,2013,Female,F,American Indian or Alaska Native,1002-5,68 years,68,0,11452,Unreliable
,2013,2013,Female,F,American Indian or Alaska Native,1002-5,69 years,69,0,10726,Unreliable
,2013,2013,Female,F,American Indian or Alaska Native,1002-5,70 years,70,0,10219,Unreliable
,2013,2013,Female,F,American Indian or Alaska Native,1002-5,71 years,71,0,9045,Unreliable
,2013,2013,Female,F,American Indian or Alaska Native,1002-5,72 years,72,0,8392,Unreliable
,2013,2013,Female,F,American Indian or Alaska Native,1002-5,73 years,73,0,7972,Unreliable
,2013,2013,Female,F,American Indian or Alaska Native,1002-5,75 years,75,0,6834,Unreliable
,2013,2013,Female,F,American Indian or Alaska Native,1002-5,76 years,76,0,6115,Unreliable
,2013,2013,Female,F,American Indian or Alaska Native,1002-5,77 years,77,0,5808,Unreliable
,2013,2013,Female,F,American Indian or Alaska Native,1002-5,78 years,78,0,5471,Unreliable
,2013,2013,Female,F,American Indian or Alaska Native,1002-5,79 years,79,0,4671,Unreliable
,2013,2013,Female,F,American Indian or Alaska Native,1002-5,80 years,80,0,4452,Unreliable
,2013,2013,Female,F,American Indian or Alaska Native,1002-5,81 years,81,0,4100,Unreliable
,2013,2013,Female,F,American Indian or Alaska Native,1002-5,82 years,82,0,3704,Unreliable
,2013,2013,Female,F,American Indian or Alaska Native,1002-5,83 years,83,0,3541,Unreliable
,2013,2013,Female,F,American Indian or Alaska Native,1002-5,84 years,84,0,2854,Unreliable
,2013,2013,Female,F,American Indian or Alaska Native,1002-5,85 years,85,0,Not Applicable,Not Applicable
,2013,2013,Female,F,American Indian or Alaska Native,1002-5,86 years,86,0,Not Applicable,Not Applicable
,2013,2013,Female,F,American Indian or Alaska Native,1002-5,87 years,87,0,Not Applicable,Not Applicable
,2013,2013,Female,F,American Indian or Alaska Native,1002-5,88 years,88,0,Not Applicable,Not Applicable
,2013,2013,Female,F,American Indian or Alaska Native,1002-5,89 years,89,0,Not Applicable,Not Applicable
,2013,2013,Female,F,American Indian or Alaska Native,1002-5,90 years,90,0,Not Applicable,Not Applicable
,2013,2013,Female,F,American Indian or Alaska Native,1002-5,91 years,91,0,Not Applicable,Not Applicable
,2013,2013,Female,F,American Indian or Alaska Native,1002-5,92 years,92,0,Not Applicable,Not Applicable
,2013,2013,Female,F,American Indian or Alaska Native,1002-5,93 years,93,0,Not Applicable,Not Applicable
,2013,2013,Female,F,American Indian or Alaska Native,1002-5,94 years,94,0,Not Applicable,Not Applicable
,2013,2013,Female,F,American Indian or Alaska Native,1002-5,95 years,95,0,Not Applicable,Not Applicable
,2013,2013,Female,F,American Indian or Alaska Native,1002-5,96 years,96,0,Not Applicable,Not Applicable
,2013,2013,Female,F,American Indian or Alaska Native,1002-5,97 years,97,0,Not Applicable,Not Applicable
,2013,2013,Female,F,American Indian or Alaska Native,1002-5,98 years,98,0,Not Applicable,Not Applicable
,2013,2013,Female,F,American Indian or Alaska Native,1002-5,99 years,99,0,Not Applicable,Not Applicable
,2013,2013,Female,F,American Indian or Alaska Native,1002-5,100+ years,100,0,Not Applicable,Not Applicable
,2013,2013,Female,F,American Indian or Alaska Native,1002-5,Not Stated,NS,0,Not Applicable,Not Applicable
,2013,2013,Female,F,Asian or Pacific Islander,A-PI,< 1 year,0,0,115688,Unreliable
,2013,2013,Female,F,Asian or Pacific Islander,A-PI,1 year,1,0,118851,Unreliable
,2013,2013,Female,F,Asian or Pacific Islander,A-PI,2 years,2,0,120671,Unreliable
,2013,2013,Female,F,Asian or Pacific Islander,A-PI,3 years,3,0,120680,Unreliable
,2013,2013,Female,F,Asian or Pacific Islander,A-PI,4 years,4,0,119005,Unreliable
,2013,2013,Female,F,Asian or Pacific Islander,A-PI,5 years,5,0,123291,Unreliable
,2013,2013,Female,F,Asian or Pacific Islander,A-PI,6 years,6,0,121440,Unreliable
,2013,2013,Female,F,Asian or Pacific Islander,A-PI,7 years,7,0,120990,Unreliable
,2013,2013,Female,F,Asian or Pacific Islander,A-PI,8 years,8,0,123605,Unreliable
,2013,2013,Female,F,Asian or Pacific Islander,A-PI,9 years,9,0,123652,Unreliable
,2013,2013,Female,F,Asian or Pacific Islander,A-PI,10 years,10,0,122521,Unreliable
,2013,2013,Female,F,Asian or Pacific Islander,A-PI,11 years,11,0,116901,Unreliable
,2013,2013,Female,F,Asian or Pacific Islander,A-PI,12 years,12,0,119820,Unreliable
,2013,2013,Female,F,Asian or Pacific Islander,A-PI,13 years,13,0,117525,Unreliable
,2013,2013,Female,F,Asian or Pacific Islander,A-PI,14 years,14,0,112271,Unreliable
,2013,2013,Female,F,Asian or Pacific Islander,A-PI,15 years,15,0,113732,Unreliable
,2013,2013,Female,F,Asian or Pacific Islander,A-PI,17 years,17,0,116386,Unreliable
,2013,2013,Female,F,Asian or Pacific Islander,A-PI,18 years,18,0,117087,Unreliable
,2013,2013,Female,F,Asian or Pacific Islander,A-PI,19 years,19,0,119605,Unreliable
,2013,2013,Female,F,Asian or Pacific Islander,A-PI,21 years,21,0,130228,Unreliable
,2013,2013,Female,F,Asian or Pacific Islander,A-PI,22 years,22,0,141973,Unreliable
,2013,2013,Female,F,Asian or Pacific Islander,A-PI,23 years,23,0,149018,Unreliable
,2013,2013,Female,F,Asian or Pacific Islander,A-PI,24 years,24,0,153736,Unreliable
,2013,2013,Female,F,Asian or Pacific Islander,A-PI,28 years,28,0,163543,Unreliable
,2013,2013,Female,F,Asian or Pacific Islander,A-PI,29 years,29,0,164326,Unreliable
,2013,2013,Female,F,Asian or Pacific Islander,A-PI,31 years,31,0,170370,Unreliable
,2013,2013,Female,F,Asian or Pacific Islander,A-PI,35 years,35,0,157691,Unreliable
,2013,2013,Female,F,Asian or Pacific Islander,A-PI,37 years,37,0,157024,Unreliable
,2013,2013,Female,F,Asian or Pacific Islander,A-PI,38 years,38,0,161410,Unreliable
,2013,2013,Female,F,Asian or Pacific Islander,A-PI,40 years,40,0,160930,Unreliable
,2013,2013,Female,F,Asian or Pacific Islander,A-PI,41 years,41,0,160938,Unreliable
,2013,2013,Female,F,Asian or Pacific Islander,A-PI,42 years,42,0,157736,Unreliable
,2013,2013,Female,F,Asian or Pacific Islander,A-PI,43 years,43,0,158514,Unreliable
,2013,2013,Female,F,Asian or Pacific Islander,A-PI,44 years,44,0,148870,Unreliable
,2013,2013,Female,F,Asian or Pacific Islander,A-PI,47 years,47,0,132733,Unreliable
,2013,2013,Female,F,Asian or Pacific Islander,A-PI,50 years,50,0,135419,Unreliable
,2013,2013,Female,F,Asian or Pacific Islander,A-PI,53 years,53,0,128516,Unreliable
,2013,2013,Female,F,Asian or Pacific Islander,A-PI,56 years,56,0,116310,Unreliable
,2013,2013,Female,F,Asian or Pacific Islander,A-PI,58 years,58,0,115684,Unreliable
,2013,2013,Female,F,Asian or Pacific Islander,A-PI,60 years,60,0,103666,Unreliable
,2013,2013,Female,F,Asian or Pacific Islander,A-PI,61 years,61,0,98700,Unreliable
,2013,2013,Female,F,Asian or Pacific Islander,A-PI,62 years,62,0,95527,Unreliable
,2013,2013,Female,F,Asian or Pacific Islander,A-PI,64 years,64,0,91262,Unreliable
,2013,2013,Female,F,Asian or Pacific Islander,A-PI,65 years,65,0,86125,Unreliable
,2013,2013,Female,F,Asian or Pacific Islander,A-PI,67 years,67,0,68318,Unreliable
,2013,2013,Female,F,Asian or Pacific Islander,A-PI,68 years,68,0,66305,Unreliable
,2013,2013,Female,F,Asian or Pacific Islander,A-PI,69 years,69,0,61079,Unreliable
,2013,2013,Female,F,Asian or Pacific Islander,A-PI,70 years,70,0,56228,Unreliable
,2013,2013,Female,F,Asian or Pacific Islander,A-PI,71 years,71,0,54320,Unreliable
,2013,2013,Female,F,Asian or Pacific Islander,A-PI,72 years,72,0,50020,Unreliable
,2013,2013,Female,F,Asian or Pacific Islander,A-PI,73 years,73,0,48431,Unreliable
,2013,2013,Female,F,Asian or Pacific Islander,A-PI,74 years,74,0,43468,Unreliable
,2013,2013,Female,F,Asian or Pacific Islander,A-PI,75 years,75,0,41506,Unreliable
,2013,2013,Female,F,Asian or Pacific Islander,A-PI,76 years,76,0,38761,Unreliable
,2013,2013,Female,F,Asian or Pacific Islander,A-PI,77 years,77,0,36512,Unreliable
,2013,2013,Female,F,Asian or Pacific Islander,A-PI,78 years,78,0,34422,Unreliable
,2013,2013,Female,F,Asian or Pacific Islander,A-PI,79 years,79,0,31111,Unreliable
,2013,2013,Female,F,Asian or Pacific Islander,A-PI,80 years,80,0,30311,Unreliable
,2013,2013,Female,F,Asian or Pacific Islander,A-PI,81 years,81,0,27448,Unreliable
,2013,2013,Female,F,Asian or Pacific Islander,A-PI,82 years,82,0,25862,Unreliable
,2013,2013,Female,F,Asian or Pacific Islander,A-PI,83 years,83,0,25111,Unreliable
,2013,2013,Female,F,Asian or Pacific Islander,A-PI,84 years,84,0,21826,Unreliable
,2013,2013,Female,F,Asian or Pacific Islander,A-PI,85 years,85,0,Not Applicable,Not Applicable
,2013,2013,Female,F,Asian or Pacific Islander,A-PI,86 years,86,0,Not Applicable,Not Applicable
,2013,2013,Female,F,Asian or Pacific Islander,A-PI,87 years,87,0,Not Applicable,Not Applicable
,2013,2013,Female,F,Asian or Pacific Islander,A-PI,88 years,88,0,Not Applicable,Not Applicable
,2013,2013,Female,F,Asian or Pacific Islander,A-PI,89 years,89,0,Not Applicable,Not Applicable
,2013,2013,Female,F,Asian or Pacific Islander,A-PI,90 years,90,0,Not Applicable,Not Applicable
,2013,2013,Female,F,Asian or Pacific Islander,A-PI,91 years,91,0,Not Applicable,Not Applicable
,2013,2013,Female,F,Asian or Pacific Islander,A-PI,92 years,92,0,Not Applicable,Not Applicable
,2013,2013,Female,F,Asian or Pacific Islander,A-PI,93 years,93,0,Not Applicable,Not Applicable
,2013,2013,Female,F,Asian or Pacific Islander,A-PI,94 years,94,0,Not Applicable,Not Applicable
,2013,2013,Female,F,Asian or Pacific Islander,A-PI,95 years,95,0,Not Applicable,Not Applicable
,2013,2013,Female,F,Asian or Pacific Islander,A-PI,96 years,96,0,Not Applicable,Not Applicable
,2013,2013,Female,F,Asian or Pacific Islander,A-PI,97 years,97,0,Not Applicable,Not Applicable
,2013,2013,Female,F,Asian or Pacific Islander,A-PI,98 years,98,0,Not Applicable,Not Applicable
,2013,2013,Female,F,Asian or Pacific Islander,A-PI,99 years,99,0,Not Applicable,Not Applicable
,2013,2013,Female,F,Asian or Pacific Islander,A-PI,100+ years,100,0,Not Applicable,Not Applicable
,2013,2013,Female,F,Asian or Pacific Islander,A-PI,Not Stated,NS,0,Not Applicable,Not Applicable
,2013,2013,Female,F,Black or African American,2054-5,3 years,3,0,331951,Unreliable
,2013,2013,Female,F,Black or African American,2054-5,4 years,4,0,334416,Unreliable
,2013,2013,Female,F,Black or African American,2054-5,6 years,6,0,341993,Unreliable
,2013,2013,Female,F,Black or African American,2054-5,7 years,7,0,333852,Unreliable
,2013,2013,Female,F,Black or African American,2054-5,8 years,8,0,327058,Unreliable
,2013,2013,Female,F,Black or African American,2054-5,9 years,9,0,323911,Unreliable
,2013,2013,Female,F,Black or African American,2054-5,10 years,10,0,321066,Unreliable
,2013,2013,Female,F,Black or African American,2054-5,12 years,12,0,335246,Unreliable
,2013,2013,Female,F,Black or African American,2054-5,13 years,13,0,343811,Unreliable
,2013,2013,Female,F,Black or African American,2054-5,14 years,14,0,335340,Unreliable
,2013,2013,Female,F,Black or African American,2054-5,16 years,16,0,335936,Unreliable
,2013,2013,Female,F,Black or African American,2054-5,17 years,17,0,336347,Unreliable
,2013,2013,Female,F,Black or African American,2054-5,31 years,31,11,318702,Unreliable
,2013,2013,Female,F,Black or African American,2054-5,32 years,32,10,317106,Unreliable
,2013,2013,Female,F,Black or African American,2054-5,34 years,34,12,308573,Unreliable
,2013,2013,Female,F,Black or African American,2054-5,37 years,37,13,283377,Unreliable
,2013,2013,Female,F,Black or African American,2054-5,42 years,42,16,313473,Unreliable
,2013,2013,Female,F,Black or African American,2054-5,43 years,43,13,310435,Unreliable
,2013,2013,Female,F,Black or African American,2054-5,44 years,44,12,288473,Unreliable
,2013,2013,Female,F,Black or African American,2054-5,45 years,45,12,290132,Unreliable
,2013,2013,Female,F,Black or African American,2054-5,46 years,46,15,290414,Unreliable
,2013,2013,Female,F,Black or African American,2054-5,48 years,48,20,314193,6.4
,2013,2013,Female,F,Black or African American,2054-5,49 years,49,16,312827,Unreliable
,2013,2013,Female,F,Black or African American,2054-5,50 years,50,17,308720,Unreliable
,2013,2013,Female,F,Black or African American,2054-5,51 years,51,20,305902,6.5
,2013,2013,Female,F,Black or African American,2054-5,52 years,52,17,307325,Unreliable
,2013,2013,Female,F,Black or African American,2054-5,53 years,53,14,313640,Unreliable
,2013,2013,Female,F,Black or African American,2054-5,54 years,54,22,300134,7.3
,2013,2013,Female,F,Black or African American,2054-5,55 years,55,16,290828,Unreliable
,2013,2013,Female,F,Black or African American,2054-5,56 years,56,13,289566,Unreliable
,2013,2013,Female,F,Black or African American,2054-5,57 years,57,20,277877,7.2
,2013,2013,Female,F,Black or African American,2054-5,58 years,58,14,270420,Unreliable
,2013,2013,Female,F,Black or African American,2054-5,59 years,59,11,255492,Unreliable
,2013,2013,Female,F,Black or African American,2054-5,60 years,60,12,239668,Unreliable
,2013,2013,Female,F,Black or African American,2054-5,69 years,69,0,135930,Unreliable
,2013,2013,Female,F,Black or African American,2054-5,70 years,70,0,134215,Unreliable
,2013,2013,Female,F,Black or African American,2054-5,71 years,71,0,120083,Unreliable
,2013,2013,Female,F,Black or African American,2054-5,73 years,73,0,109430,Unreliable
,2013,2013,Female,F,Black or African American,2054-5,75 years,75,0,94886,Unreliable
,2013,2013,Female,F,Black or African American,2054-5,76 years,76,0,88117,Unreliable
,2013,2013,Female,F,Black or African American,2054-5,77 years,77,0,85634,Unreliable
,2013,2013,Female,F,Black or African American,2054-5,78 years,78,0,81201,Unreliable
,2013,2013,Female,F,Black or African American,2054-5,79 years,79,0,73259,Unreliable
,2013,2013,Female,F,Black or African American,2054-5,81 years,81,0,63725,Unreliable
,2013,2013,Female,F,Black or African American,2054-5,82 years,82,0,58556,Unreliable
,2013,2013,Female,F,Black or African American,2054-5,83 years,83,0,56907,Unreliable
,2013,2013,Female,F,Black or African American,2054-5,84 years,84,0,50726,Unreliable
,2013,2013,Female,F,Black or African American,2054-5,85 years,85,0,Not Applicable,Not Applicable
,2013,2013,Female,F,Black or African American,2054-5,86 years,86,0,Not Applicable,Not Applicable
,2013,2013,Female,F,Black or African American,2054-5,87 years,87,0,Not Applicable,Not Applicable
,2013,2013,Female,F,Black or African American,2054-5,88 years,88,0,Not Applicable,Not Applicable
,2013,2013,Female,F,Black or African American,2054-5,89 years,89,0,Not Applicable,Not Applicable
,2013,2013,Female,F,Black or African American,2054-5,90 years,90,0,Not Applicable,Not Applicable
,2013,2013,Female,F,Black or African American,2054-5,91 years,91,0,Not Applicable,Not Applicable
,2013,2013,Female,F,Black or African American,2054-5,92 years,92,0,Not Applicable,Not Applicable
,2013,2013,Female,F,Black or African American,2054-5,93 years,93,0,Not Applicable,Not Applicable
,2013,2013,Female,F,Black or African American,2054-5,94 years,94,0,Not Applicable,Not Applicable
,2013,2013,Female,F,Black or African American,2054-5,95 years,95,0,Not Applicable,Not Applicable
,2013,2013,Female,F,Black or African American,2054-5,96 years,96,0,Not Applicable,Not Applicable
,2013,2013,Female,F,Black or African American,2054-5,97 years,97,0,Not Applicable,Not Applicable
,2013,2013,Female,F,Black or African American,2054-5,98 years,98,0,Not Applicable,Not Applicable
,2013,2013,Female,F,Black or African American,2054-5,99 years,99,0,Not Applicable,Not Applicable
,2013,2013,Female,F,Black or African American,2054-5,100+ years,100,0,Not Applicable,Not Applicable
,2013,2013,Female,F,Black or African American,2054-5,Not Stated,NS,0,Not Applicable,Not Applicable
,2013,2013,Female,F,White,2106-3,3 years,3,0,1462064,Unreliable
,2013,2013,Female,F,White,2106-3,5 years,5,0,1510241,Unreliable
,2013,2013,Female,F,White,2106-3,6 years,6,0,1522585,Unreliable
,2013,2013,Female,F,White,2106-3,8 years,8,0,1513583,Unreliable
,2013,2013,Female,F,White,2106-3,9 years,9,0,1523006,Unreliable
,2013,2013,Female,F,White,2106-3,10 years,10,0,1513878,Unreliable
,2013,2013,Female,F,White,2106-3,11 years,11,0,1506622,Unreliable
,2013,2013,Female,F,White,2106-3,17 years,17,11,1554122,Unreliable
,2013,2013,Female,F,White,2106-3,18 years,18,18,1579487,Unreliable
,2013,2013,Female,F,White,2106-3,19 years,19,18,1602321,Unreliable
,2013,2013,Female,F,White,2106-3,20 years,20,31,1619704,1.9
,2013,2013,Female,F,White,2106-3,21 years,21,42,1666061,2.5
,2013,2013,Female,F,White,2106-3,22 years,22,24,1701541,1.4
,2013,2013,Female,F,White,2106-3,23 years,23,62,1702774,3.6
,2013,2013,Female,F,White,2106-3,24 years,24,51,1636626,3.1
,2013,2013,Female,F,White,2106-3,25 years,25,57,1613679,3.5
,2013,2013,Female,F,White,2106-3,26 years,26,69,1593315,4.3
,2013,2013,Female,F,White,2106-3,27 years,27,80,1608214,5
,2013,2013,Female,F,White,2106-3,28 years,28,82,1628655,5
,2013,2013,Female,F,White,2106-3,29 years,29,100,1583439,6.3
,2013,2013,Female,F,White,2106-3,30 years,30,105,1613070,6.5
,2013,2013,Female,F,White,2106-3,31 years,31,101,1617034,6.2
,2013,2013,Female,F,White,2106-3,32 years,32,132,1605367,8.2
,2013,2013,Female,F,White,2106-3,33 years,33,107,1625482,6.6
,2013,2013,Female,F,White,2106-3,34 years,34,116,1533000,7.6
,2013,2013,Female,F,White,2106-3,35 years,35,135,1511443,8.9
,2013,2013,Female,F,White,2106-3,36 years,36,122,1500048,8.1
,2013,2013,Female,F,White,2106-3,37 years,37,115,1455823,7.9
,2013,2013,Female,F,White,2106-3,38 years,38,133,1502269,8.9
,2013,2013,Female,F,White,2106-3,39 years,39,133,1461993,9.1
,2013,2013,Female,F,White,2106-3,40 years,40,154,1488926,10.3
,2013,2013,Female,F,White,2106-3,41 years,41,135,1567558,8.6
,2013,2013,Female,F,White,2106-3,42 years,42,164,1677223,9.8
,2013,2013,Female,F,White,2106-3,43 years,43,171,1699964,10.1
,2013,2013,Female,F,White,2106-3,44 years,44,160,1623710,9.9
,2013,2013,Female,F,White,2106-3,45 years,45,155,1589092,9.8
,2013,2013,Female,F,White,2106-3,46 years,46,184,1609623,11.4
,2013,2013,Female,F,White,2106-3,47 years,47,187,1637157,11.4
,2013,2013,Female,F,White,2106-3,48 years,48,188,1749328,10.7
,2013,2013,Female,F,White,2106-3,49 years,49,220,1800581,12.2
,2013,2013,Female,F,White,2106-3,50 years,50,216,1811065,11.9
,2013,2013,Female,F,White,2106-3,51 years,51,214,1825230,11.7
,2013,2013,Female,F,White,2106-3,52 years,52,250,1860570,13.4
,2013,2013,Female,F,White,2106-3,53 years,53,214,1865114,11.5
,2013,2013,Female,F,White,2106-3,54 years,54,212,1821374,11.6
,2013,2013,Female,F,White,2106-3,55 years,55,186,1824053,10.2
,2013,2013,Female,F,White,2106-3,56 years,56,198,1812933,10.9
,2013,2013,Female,F,White,2106-3,57 years,57,171,1753543,9.8
,2013,2013,Female,F,White,2106-3,58 years,58,147,1747695,8.4
,2013,2013,Female,F,White,2106-3,59 years,59,132,1695183,7.8
,2013,2013,Female,F,White,2106-3,60 years,60,115,1643415,7
,2013,2013,Female,F,White,2106-3,61 years,61,111,1587113,7
,2013,2013,Female,F,White,2106-3,62 years,62,91,1541861,5.9
,2013,2013,Female,F,White,2106-3,63 years,63,64,1502628,4.3
,2013,2013,Female,F,White,2106-3,64 years,64,65,1479650,4.4
,2013,2013,Female,F,White,2106-3,65 years,65,70,1481224,4.7
,2013,2013,Female,F,White,2106-3,66 years,66,46,1573520,2.9
,2013,2013,Female,F,White,2106-3,67 years,67,37,1146514,3.2
,2013,2013,Female,F,White,2106-3,68 years,68,27,1137967,2.4
,2013,2013,Female,F,White,2106-3,69 years,69,25,1126994,2.2
,2013,2013,Female,F,White,2106-3,70 years,70,21,1170553,1.8
,2013,2013,Female,F,White,2106-3,71 years,71,27,1018683,2.7
,2013,2013,Female,F,White,2106-3,72 years,72,18,935401,Unreliable
,2013,2013,Female,F,White,2106-3,73 years,73,18,886011,Unreliable
,2013,2013,Female,F,White,2106-3,74 years,74,11,842019,Unreliable
,2013,2013,Female,F,White,2106-3,81 years,81,11,614189,Unreliable
,2013,2013,Female,F,White,2106-3,92 years,92,0,Not Applicable,Not Applicable
,2013,2013,Female,F,White,2106-3,95 years,95,0,Not Applicable,Not Applicable
,2013,2013,Female,F,White,2106-3,99 years,99,0,Not Applicable,Not Applicable
,2013,2013,Female,F,White,2106-3,100+ years,100,0,Not Applicable,Not Applicable
,2013,2013,Female,F,White,2106-3,Not Stated,NS,0,Not Applicable,Not Applicable
,2013,2013,Male,M,American Indian or Alaska Native,1002-5,1 year,1,0,39751,Unreliable
,2013,2013,Male,M,American Indian or Alaska Native,1002-5,2 years,2,0,38826,Unreliable
,2013,2013,Male,M,American Indian or Alaska Native,1002-5,4 years,4,0,38933,Unreliable
,2013,2013,Male,M,American Indian or Alaska Native,1002-5,5 years,5,0,40260,Unreliable
,2013,2013,Male,M,American Indian or Alaska Native,1002-5,6 years,6,0,40636,Unreliable
,2013,2013,Male,M,American Indian or Alaska Native,1002-5,7 years,7,0,39815,Unreliable
,2013,2013,Male,M,American Indian or Alaska Native,1002-5,8 years,8,0,39320,Unreliable
,2013,2013,Male,M,American Indian or Alaska Native,1002-5,9 years,9,0,38238,Unreliable
,2013,2013,Male,M,American Indian or Alaska Native,1002-5,10 years,10,0,37866,Unreliable
,2013,2013,Male,M,American Indian or Alaska Native,1002-5,11 years,11,0,37654,Unreliable
,2013,2013,Male,M,American Indian or Alaska Native,1002-5,12 years,12,0,37892,Unreliable
,2013,2013,Male,M,American Indian or Alaska Native,1002-5,13 years,13,0,38973,Unreliable
,2013,2013,Male,M,American Indian or Alaska Native,1002-5,14 years,14,0,37672,Unreliable
,2013,2013,Male,M,American Indian or Alaska Native,1002-5,15 years,15,0,37658,Unreliable
,2013,2013,Male,M,American Indian or Alaska Native,1002-5,16 years,16,0,37532,Unreliable
,2013,2013,Male,M,American Indian or Alaska Native,1002-5,19 years,19,0,39333,Unreliable
,2013,2013,Male,M,American Indian or Alaska Native,1002-5,20 years,20,0,40615,Unreliable
,2013,2013,Male,M,American Indian or Alaska Native,1002-5,29 years,29,0,35256,Unreliable
,2013,2013,Male,M,American Indian or Alaska Native,1002-5,60 years,60,0,18450,Unreliable
,2013,2013,Male,M,American Indian or Alaska Native,1002-5,61 years,61,0,16878,Unreliable
,2013,2013,Male,M,American Indian or Alaska Native,1002-5,65 years,65,0,14054,Unreliable
,2013,2013,Male,M,American Indian or Alaska Native,1002-5,66 years,66,0,14125,Unreliable
,2013,2013,Male,M,American Indian or Alaska Native,1002-5,67 years,67,0,10622,Unreliable
,2013,2013,Male,M,American Indian or Alaska Native,1002-5,68 years,68,0,10165,Unreliable
,2013,2013,Male,M,American Indian or Alaska Native,1002-5,70 years,70,0,8890,Unreliable
,2013,2013,Male,M,American Indian or Alaska Native,1002-5,72 years,72,0,7248,Unreliable
,2013,2013,Male,M,American Indian or Alaska Native,1002-5,73 years,73,0,6838,Unreliable
,2013,2013,Male,M,American Indian or Alaska Native,1002-5,74 years,74,0,5903,Unreliable
,2013,2013,Male,M,American Indian or Alaska Native,1002-5,75 years,75,0,5496,Unreliable
,2013,2013,Male,M,American Indian or Alaska Native,1002-5,76 years,76,0,4878,Unreliable
,2013,2013,Male,M,American Indian or Alaska Native,1002-5,77 years,77,0,4469,Unreliable
,2013,2013,Male,M,American Indian or Alaska Native,1002-5,78 years,78,0,4108,Unreliable
,2013,2013,Male,M,American Indian or Alaska Native,1002-5,79 years,79,0,3456,Unreliable
,2013,2013,Male,M,American Indian or Alaska Native,1002-5,80 years,80,0,3191,Unreliable
,2013,2013,Male,M,American Indian or Alaska Native,1002-5,81 years,81,0,2756,Unreliable
,2013,2013,Male,M,American Indian or Alaska Native,1002-5,82 years,82,0,2414,Unreliable
,2013,2013,Male,M,American Indian or Alaska Native,1002-5,83 years,83,0,2369,Unreliable
,2013,2013,Male,M,American Indian or Alaska Native,1002-5,84 years,84,0,1944,Unreliable
,2013,2013,Male,M,American Indian or Alaska Native,1002-5,85 years,85,0,Not Applicable,Not Applicable
,2013,2013,Male,M,American Indian or Alaska Native,1002-5,86 years,86,0,Not Applicable,Not Applicable
,2013,2013,Male,M,American Indian or Alaska Native,1002-5,87 years,87,0,Not Applicable,Not Applicable
,2013,2013,Male,M,American Indian or Alaska Native,1002-5,88 years,88,0,Not Applicable,Not Applicable
,2013,2013,Male,M,American Indian or Alaska Native,1002-5,89 years,89,0,Not Applicable,Not Applicable
,2013,2013,Male,M,American Indian or Alaska Native,1002-5,90 years,90,0,Not Applicable,Not Applicable
,2013,2013,Male,M,American Indian or Alaska Native,1002-5,91 years,91,0,Not Applicable,Not Applicable
,2013,2013,Male,M,American Indian or Alaska Native,1002-5,92 years,92,0,Not Applicable,Not Applicable
,2013,2013,Male,M,American Indian or Alaska Native,1002-5,93 years,93,0,Not Applicable,Not Applicable
,2013,2013,Male,M,American Indian or Alaska Native,1002-5,94 years,94,0,Not Applicable,Not Applicable
,2013,2013,Male,M,American Indian or Alaska Native,1002-5,95 years,95,0,Not Applicable,Not Applicable
,2013,2013,Male,M,American Indian or Alaska Native,1002-5,96 years,96,0,Not Applicable,Not Applicable
,2013,2013,Male,M,American Indian or Alaska Native,1002-5,97 years,97,0,Not Applicable,Not Applicable
,2013,2013,Male,M,American Indian or Alaska Native,1002-5,98 years,98,0,Not Applicable,Not Applicable
,2013,2013,Male,M,American Indian or Alaska Native,1002-5,99 years,99,0,Not Applicable,Not Applicable
,2013,2013,Male,M,American Indian or Alaska Native,1002-5,100+ years,100,0,Not Applicable,Not Applicable
,2013,2013,Male,M,American Indian or Alaska Native,1002-5,Not Stated,NS,0,Not Applicable,Not Applicable
,2013,2013,Male,M,Asian or Pacific Islander,A-PI,< 1 year,0,0,121308,Unreliable
,2013,2013,Male,M,Asian or Pacific Islander,A-PI,1 year,1,0,124037,Unreliable
,2013,2013,Male,M,Asian or Pacific Islander,A-PI,2 years,2,0,125522,Unreliable
,2013,2013,Male,M,Asian or Pacific Islander,A-PI,3 years,3,0,124852,Unreliable
,2013,2013,Male,M,Asian or Pacific Islander,A-PI,4 years,4,0,122667,Unreliable
,2013,2013,Male,M,Asian or Pacific Islander,A-PI,5 years,5,0,127545,Unreliable
,2013,2013,Male,M,Asian or Pacific Islander,A-PI,6 years,6,0,126219,Unreliable
,2013,2013,Male,M,Asian or Pacific Islander,A-PI,7 years,7,0,124790,Unreliable
,2013,2013,Male,M,Asian or Pacific Islander,A-PI,8 years,8,0,125391,Unreliable
,2013,2013,Male,M,Asian or Pacific Islander,A-PI,9 years,9,0,124809,Unreliable
,2013,2013,Male,M,Asian or Pacific Islander,A-PI,10 years,10,0,123297,Unreliable
,2013,2013,Male,M,Asian or Pacific Islander,A-PI,11 years,11,0,117856,Unreliable
,2013,2013,Male,M,Asian or Pacific Islander,A-PI,12 years,12,0,121767,Unreliable
,2013,2013,Male,M,Asian or Pacific Islander,A-PI,13 years,13,0,119513,Unreliable
,2013,2013,Male,M,Asian or Pacific Islander,A-PI,14 years,14,0,115093,Unreliable
,2013,2013,Male,M,Asian or Pacific Islander,A-PI,15 years,15,0,116109,Unreliable
,2013,2013,Male,M,Asian or Pacific Islander,A-PI,16 years,16,0,117443,Unreliable
,2013,2013,Male,M,Asian or Pacific Islander,A-PI,17 years,17,0,119700,Unreliable
,2013,2013,Male,M,Asian or Pacific Islander,A-PI,18 years,18,0,121153,Unreliable
,2013,2013,Male,M,Asian or Pacific Islander,A-PI,32 years,32,0,147066,Unreliable
,2013,2013,Male,M,Asian or Pacific Islander,A-PI,45 years,45,0,125494,Unreliable
,2013,2013,Male,M,Asian or Pacific Islander,A-PI,47 years,47,0,118667,Unreliable
,2013,2013,Male,M,Asian or Pacific Islander,A-PI,48 years,48,0,121279,Unreliable
,2013,2013,Male,M,Asian or Pacific Islander,A-PI,56 years,56,0,99487,Unreliable
,2013,2013,Male,M,Asian or Pacific Islander,A-PI,57 years,57,0,97610,Unreliable
,2013,2013,Male,M,Asian or Pacific Islander,A-PI,59 years,59,0,89497,Unreliable
,2013,2013,Male,M,Asian or Pacific Islander,A-PI,60 years,60,0,85613,Unreliable
,2013,2013,Male,M,Asian or Pacific Islander,A-PI,62 years,62,0,76629,Unreliable
,2013,2013,Male,M,Asian or Pacific Islander,A-PI,63 years,63,0,80630,Unreliable
,2013,2013,Male,M,Asian or Pacific Islander,A-PI,64 years,64,0,74214,Unreliable
,2013,2013,Male,M,Asian or Pacific Islander,A-PI,65 years,65,0,70353,Unreliable
,2013,2013,Male,M,Asian or Pacific Islander,A-PI,69 years,69,0,50103,Unreliable
,2013,2013,Male,M,Asian or Pacific Islander,A-PI,70 years,70,0,46796,Unreliable
,2013,2013,Male,M,Asian or Pacific Islander,A-PI,71 years,71,0,44126,Unreliable
,2013,2013,Male,M,Asian or Pacific Islander,A-PI,72 years,72,0,41034,Unreliable
,2013,2013,Male,M,Asian or Pacific Islander,A-PI,73 years,73,0,40054,Unreliable
,2013,2013,Male,M,Asian or Pacific Islander,A-PI,74 years,74,0,36117,Unreliable
,2013,2013,Male,M,Asian or Pacific Islander,A-PI,75 years,75,0,33850,Unreliable
,2013,2013,Male,M,Asian or Pacific Islander,A-PI,76 years,76,0,30979,Unreliable
,2013,2013,Male,M,Asian or Pacific Islander,A-PI,77 years,77,0,28392,Unreliable
,2013,2013,Male,M,Asian or Pacific Islander,A-PI,78 years,78,0,25983,Unreliable
,2013,2013,Male,M,Asian or Pacific Islander,A-PI,79 years,79,0,23094,Unreliable
,2013,2013,Male,M,Asian or Pacific Islander,A-PI,80 years,80,0,21243,Unreliable
,2013,2013,Male,M,Asian or Pacific Islander,A-PI,81 years,81,0,19063,Unreliable
,2013,2013,Male,M,Asian or Pacific Islander,A-PI,82 years,82,0,17245,Unreliable
,2013,2013,Male,M,Asian or Pacific Islander,A-PI,83 years,83,0,16291,Unreliable
,2013,2013,Male,M,Asian or Pacific Islander,A-PI,84 years,84,0,13773,Unreliable
,2013,2013,Male,M,Asian or Pacific Islander,A-PI,85 years,85,0,Not Applicable,Not Applicable
,2013,2013,Male,M,Asian or Pacific Islander,A-PI,86 years,86,0,Not Applicable,Not Applicable
,2013,2013,Male,M,Asian or Pacific Islander,A-PI,87 years,87,0,Not Applicable,Not Applicable
,2013,2013,Male,M,Asian or Pacific Islander,A-PI,88 years,88,0,Not Applicable,Not Applicable
,2013,2013,Male,M,Asian or Pacific Islander,A-PI,89 years,89,0,Not Applicable,Not Applicable
,2013,2013,Male,M,Asian or Pacific Islander,A-PI,90 years,90,0,Not Applicable,Not Applicable
,2013,2013,Male,M,Asian or Pacific Islander,A-PI,91 years,91,0,Not Applicable,Not Applicable
,2013,2013,Male,M,Asian or Pacific Islander,A-PI,92 years,92,0,Not Applicable,Not Applicable
,2013,2013,Male,M,Asian or Pacific Islander,A-PI,93 years,93,0,Not Applicable,Not Applicable
,2013,2013,Male,M,Asian or Pacific Islander,A-PI,94 years,94,0,Not Applicable,Not Applicable
,2013,2013,Male,M,Asian or Pacific Islander,A-PI,95 years,95,0,Not Applicable,Not Applicable
,2013,2013,Male,M,Asian or Pacific Islander,A-PI,96 years,96,0,Not Applicable,Not Applicable
,2013,2013,Male,M,Asian or Pacific Islander,A-PI,97 years,97,0,Not Applicable,Not Applicable
,2013,2013,Male,M,Asian or Pacific Islander,A-PI,98 years,98,0,Not Applicable,Not Applicable
,2013,2013,Male,M,Asian or Pacific Islander,A-PI,99 years,99,0,Not Applicable,Not Applicable
,2013,2013,Male,M,Asian or Pacific Islander,A-PI,100+ years,100,0,Not Applicable,Not Applicable
,2013,2013,Male,M,Asian or Pacific Islander,A-PI,Not Stated,NS,0,Not Applicable,Not Applicable
,2013,2013,Male,M,Black or African American,2054-5,3 years,3,0,343573,Unreliable
,2013,2013,Male,M,Black or African American,2054-5,5 years,5,0,355210,Unreliable
,2013,2013,Male,M,Black or African American,2054-5,8 years,8,0,338909,Unreliable
,2013,2013,Male,M,Black or African American,2054-5,9 years,9,0,335081,Unreliable
,2013,2013,Male,M,Black or African American,2054-5,10 years,10,0,331534,Unreliable
,2013,2013,Male,M,Black or African American,2054-5,11 years,11,0,335533,Unreliable
,2013,2013,Male,M,Black or African American,2054-5,13 years,13,0,356549,Unreliable
,2013,2013,Male,M,Black or African American,2054-5,14 years,14,0,347634,Unreliable
,2013,2013,Male,M,Black or African American,2054-5,15 years,15,0,348730,Unreliable
,2013,2013,Male,M,Black or African American,2054-5,24 years,24,14,358782,Unreliable
,2013,2013,Male,M,Black or African American,2054-5,25 years,25,10,334455,Unreliable
,2013,2013,Male,M,Black or African American,2054-5,29 years,29,11,291516,Unreliable
,2013,2013,Male,M,Black or African American,2054-5,30 years,30,14,293923,Unreliable
,2013,2013,Male,M,Black or African American,2054-5,31 years,31,11,291923,Unreliable
,2013,2013,Male,M,Black or African American,2054-5,32 years,32,11,288713,Unreliable
,2013,2013,Male,M,Black or African American,2054-5,33 years,33,11,301920,Unreliable
,2013,2013,Male,M,Black or African American,2054-5,34 years,34,10,278996,Unreliable
,2013,2013,Male,M,Black or African American,2054-5,35 years,35,12,268759,Unreliable
,2013,2013,Male,M,Black or African American,2054-5,36 years,36,11,263738,Unreliable
,2013,2013,Male,M,Black or African American,2054-5,39 years,39,10,248914,Unreliable
,2013,2013,Male,M,Black or African American,2054-5,40 years,40,14,256037,Unreliable
,2013,2013,Male,M,Black or African American,2054-5,41 years,41,12,265478,Unreliable
,2013,2013,Male,M,Black or African American,2054-5,43 years,43,14,279161,Unreliable
,2013,2013,Male,M,Black or African American,2054-5,44 years,44,14,258307,Unreliable
,2013,2013,Male,M,Black or African American,2054-5,46 years,46,10,256797,Unreliable
,2013,2013,Male,M,Black or African American,2054-5,47 years,47,12,267150,Unreliable
,2013,2013,Male,M,Black or African American,2054-5,48 years,48,14,280453,Unreliable
,2013,2013,Male,M,Black or African American,2054-5,49 years,49,16,277571,Unreliable
,2013,2013,Male,M,Black or African American,2054-5,51 years,51,15,269464,Unreliable
,2013,2013,Male,M,Black or African American,2054-5,52 years,52,10,269585,Unreliable
,2013,2013,Male,M,Black or African American,2054-5,53 years,53,10,276826,Unreliable
,2013,2013,Male,M,Black or African American,2054-5,55 years,55,19,254815,Unreliable
,2013,2013,Male,M,Black or African American,2054-5,56 years,56,17,249602,Unreliable
,2013,2013,Male,M,Black or African American,2054-5,57 years,57,20,237674,8.4
,2013,2013,Male,M,Black or African American,2054-5,58 years,58,11,230881,Unreliable
,2013,2013,Male,M,Black or African American,2054-5,59 years,59,13,213393,Unreliable
,2013,2013,Male,M,Black or African American,2054-5,60 years,60,10,198237,Unreliable
,2013,2013,Male,M,Black or African American,2054-5,61 years,61,12,186131,Unreliable
,2013,2013,Male,M,Black or African American,2054-5,62 years,62,13,182397,Unreliable
,2013,2013,Male,M,Black or African American,2054-5,63 years,63,13,176762,Unreliable
,2013,2013,Male,M,Black or African American,2054-5,72 years,72,0,80452,Unreliable
,2013,2013,Male,M,Black or African American,2054-5,77 years,77,0,55456,Unreliable
,2013,2013,Male,M,Black or African American,2054-5,78 years,78,0,51052,Unreliable
,2013,2013,Male,M,Black or African American,2054-5,79 years,79,0,44726,Unreliable
,2013,2013,Male,M,Black or African American,2054-5,80 years,80,0,41150,Unreliable
,2013,2013,Male,M,Black or African American,2054-5,81 years,81,0,36225,Unreliable
,2013,2013,Male,M,Black or African American,2054-5,82 years,82,0,31992,Unreliable
,2013,2013,Male,M,Black or African American,2054-5,83 years,83,0,30132,Unreliable
,2013,2013,Male,M,Black or African American,2054-5,84 years,84,0,25398,Unreliable
,2013,2013,Male,M,Black or African American,2054-5,85 years,85,0,Not Applicable,Not Applicable
,2013,2013,Male,M,Black or African American,2054-5,86 years,86,0,Not Applicable,Not Applicable
,2013,2013,Male,M,Black or African American,2054-5,87 years,87,0,Not Applicable,Not Applicable
,2013,2013,Male,M,Black or African American,2054-5,88 years,88,0,Not Applicable,Not Applicable
,2013,2013,Male,M,Black or African American,2054-5,89 years,89,0,Not Applicable,Not Applicable
,2013,2013,Male,M,Black or African American,2054-5,90 years,90,0,Not Applicable,Not Applicable
,2013,2013,Male,M,Black or African American,2054-5,91 years,91,0,Not Applicable,Not Applicable
,2013,2013,Male,M,Black or African American,2054-5,92 years,92,0,Not Applicable,Not Applicable
,2013,2013,Male,M,Black or African American,2054-5,93 years,93,0,Not Applicable,Not Applicable
,2013,2013,Male,M,Black or African American,2054-5,94 years,94,0,Not Applicable,Not Applicable
,2013,2013,Male,M,Black or African American,2054-5,95 years,95,0,Not Applicable,Not Applicable
,2013,2013,Male,M,Black or African American,2054-5,96 years,96,0,Not Applicable,Not Applicable
,2013,2013,Male,M,Black or African American,2054-5,97 years,97,0,Not Applicable,Not Applicable
,2013,2013,Male,M,Black or African American,2054-5,98 years,98,0,Not Applicable,Not Applicable
,2013,2013,Male,M,Black or African American,2054-5,99 years,99,0,Not Applicable,Not Applicable
,2013,2013,Male,M,Black or African American,2054-5,100+ years,100,0,Not Applicable,Not Applicable
,2013,2013,Male,M,Black or African American,2054-5,Not Stated,NS,0,Not Applicable,Not Applicable
,2013,2013,Male,M,White,2106-3,4 years,4,0,1530228,Unreliable
,2013,2013,Male,M,White,2106-3,6 years,6,0,1595017,Unreliable
,2013,2013,Male,M,White,2106-3,7 years,7,0,1591304,Unreliable
,2013,2013,Male,M,White,2106-3,8 years,8,0,1588835,Unreliable
,2013,2013,Male,M,White,2106-3,10 years,10,0,1586276,Unreliable
,2013,2013,Male,M,White,2106-3,11 years,11,0,1579271,Unreliable
,2013,2013,Male,M,White,2106-3,12 years,12,0,1616328,Unreliable
,2013,2013,Male,M,White,2106-3,15 years,15,14,1619426,Unreliable
,2013,2013,Male,M,White,2106-3,17 years,17,25,1643833,1.5
,2013,2013,Male,M,White,2106-3,18 years,18,42,1676313,2.5
,2013,2013,Male,M,White,2106-3,19 years,19,62,1704406,3.6
,2013,2013,Male,M,White,2106-3,20 years,20,79,1729150,4.6
,2013,2013,Male,M,White,2106-3,21 years,21,114,1772688,6.4
,2013,2013,Male,M,White,2106-3,22 years,22,136,1795362,7.6
,2013,2013,Male,M,White,2106-3,23 years,23,165,1795713,9.2
,2013,2013,Male,M,White,2106-3,24 years,24,145,1731938,8.4
,2013,2013,Male,M,White,2106-3,25 years,25,176,1705280,10.3
,2013,2013,Male,M,White,2106-3,26 years,26,162,1686166,9.6
,2013,2013,Male,M,White,2106-3,27 years,27,186,1699635,10.9
,2013,2013,Male,M,White,2106-3,28 years,28,190,1712669,11.1
,2013,2013,Male,M,White,2106-3,29 years,29,197,1652907,11.9
,2013,2013,Male,M,White,2106-3,30 years,30,223,1679729,13.3
,2013,2013,Male,M,White,2106-3,31 years,31,224,1678718,13.3
,2013,2013,Male,M,White,2106-3,32 years,32,217,1663538,13
,2013,2013,Male,M,White,2106-3,33 years,33,206,1697697,12.1
,2013,2013,Male,M,White,2106-3,34 years,34,223,1587174,14.1
,2013,2013,Male,M,White,2106-3,35 years,35,203,1560364,13
,2013,2013,Male,M,White,2106-3,36 years,36,193,1540246,12.5
,2013,2013,Male,M,White,2106-3,37 years,37,156,1493771,10.4
,2013,2013,Male,M,White,2106-3,38 years,38,151,1545533,9.8
,2013,2013,Male,M,White,2106-3,39 years,39,181,1491635,12.1
,2013,2013,Male,M,White,2106-3,40 years,40,153,1508844,10.1
,2013,2013,Male,M,White,2106-3,41 years,41,181,1591297,11.4
,2013,2013,Male,M,White,2106-3,42 years,42,208,1700261,12.2
,2013,2013,Male,M,White,2106-3,43 years,43,166,1733041,9.6
,2013,2013,Male,M,White,2106-3,44 years,44,192,1647528,11.7
,2013,2013,Male,M,White,2106-3,45 years,45,191,1609769,11.9
,2013,2013,Male,M,White,2106-3,46 years,46,196,1617959,12.1
,2013,2013,Male,M,White,2106-3,47 years,47,233,1645919,14.2
,2013,2013,Male,M,White,2106-3,48 years,48,236,1752363,13.5
,2013,2013,Male,M,White,2106-3,49 years,49,245,1789146,13.7
,2013,2013,Male,M,White,2106-3,50 years,50,261,1789468,14.6
,2013,2013,Male,M,White,2106-3,51 years,51,233,1798616,13
,2013,2013,Male,M,White,2106-3,52 years,52,231,1826079,12.7
,2013,2013,Male,M,White,2106-3,53 years,53,213,1838220,11.6
,2013,2013,Male,M,White,2106-3,54 years,54,202,1779494,11.4
,2013,2013,Male,M,White,2106-3,55 years,55,207,1772758,11.7
,2013,2013,Male,M,White,2106-3,56 years,56,222,1753124,12.7
,2013,2013,Male,M,White,2106-3,57 years,57,175,1686936,10.4
,2013,2013,Male,M,White,2106-3,58 years,58,155,1676374,9.2
,2013,2013,Male,M,White,2106-3,59 years,59,133,1609839,8.3
,2013,2013,Male,M,White,2106-3,60 years,60,126,1553751,8.1
,2013,2013,Male,M,White,2106-3,61 years,61,96,1499940,6.4
,2013,2013,Male,M,White,2106-3,62 years,62,106,1447040,7.3
,2013,2013,Male,M,White,2106-3,63 years,63,78,1408490,5.5
,2013,2013,Male,M,White,2106-3,64 years,64,67,1378743,4.9
,2013,2013,Male,M,White,2106-3,65 years,65,42,1378499,3
,2013,2013,Male,M,White,2106-3,66 years,66,52,1460012,3.6
,2013,2013,Male,M,White,2106-3,67 years,67,21,1051082,2
,2013,2013,Male,M,White,2106-3,68 years,68,22,1033460,2.1
,2013,2013,Male,M,White,2106-3,69 years,69,17,1011558,Unreliable
,2013,2013,Male,M,White,2106-3,70 years,70,22,1043589,2.1
,2013,2013,Male,M,White,2106-3,71 years,71,14,896164,Unreliable
,2013,2013,Male,M,White,2106-3,72 years,72,11,808828,Unreliable
,2013,2013,Male,M,White,2106-3,74 years,74,13,717961,Unreliable
,2013,2013,Male,M,White,2106-3,75 years,75,12,681692,Unreliable
,2013,2013,Male,M,White,2106-3,76 years,76,11,622599,Unreliable
,2013,2013,Male,M,White,2106-3,94 years,94,0,Not Applicable,Not Applicable
,2013,2013,Male,M,White,2106-3,95 years,95,0,Not Applicable,Not Applicable
,2013,2013,Male,M,White,2106-3,97 years,97,0,Not Applicable,Not Applicable
,2013,2013,Male,M,White,2106-3,98 years,98,0,Not Applicable,Not Applicable
,2013,2013,Male,M,White,2106-3,100+ years,100,0,Not Applicable,Not Applicable
,2014,2014,Female,F,American Indian or Alaska Native,1002-5,< 1 year,0,0,38303,Unreliable
,2014,2014,Female,F,American Indian or Alaska Native,1002-5,1 year,1,0,37836,Unreliable
,2014,2014,Female,F,American Indian or Alaska Native,1002-5,2 years,2,0,38267,Unreliable
,2014,2014,Female,F,American Indian or Alaska Native,1002-5,3 years,3,0,37570,Unreliable
,2014,2014,Female,F,American Indian or Alaska Native,1002-5,4 years,4,0,38360,Unreliable
,2014,2014,Female,F,American Indian or Alaska Native,1002-5,5 years,5,0,37919,Unreliable
,2014,2014,Female,F,American Indian or Alaska Native,1002-5,6 years,6,0,39160,Unreliable
,2014,2014,Female,F,American Indian or Alaska Native,1002-5,7 years,7,0,39255,Unreliable
,2014,2014,Female,F,American Indian or Alaska Native,1002-5,8 years,8,0,38460,Unreliable
,2014,2014,Female,F,American Indian or Alaska Native,1002-5,9 years,9,0,38536,Unreliable
,2014,2014,Female,F,American Indian or Alaska Native,1002-5,10 years,10,0,37623,Unreliable
,2014,2014,Female,F,American Indian or Alaska Native,1002-5,11 years,11,0,36982,Unreliable
,2014,2014,Female,F,American Indian or Alaska Native,1002-5,12 years,12,0,36657,Unreliable
,2014,2014,Female,F,American Indian or Alaska Native,1002-5,13 years,13,0,36984,Unreliable
,2014,2014,Female,F,American Indian or Alaska Native,1002-5,14 years,14,0,37618,Unreliable
,2014,2014,Female,F,American Indian or Alaska Native,1002-5,15 years,15,0,36917,Unreliable
,2014,2014,Female,F,American Indian or Alaska Native,1002-5,16 years,16,0,36800,Unreliable
,2014,2014,Female,F,American Indian or Alaska Native,1002-5,17 years,17,0,36412,Unreliable
,2014,2014,Female,F,American Indian or Alaska Native,1002-5,18 years,18,0,36120,Unreliable
,2014,2014,Female,F,American Indian or Alaska Native,1002-5,19 years,19,0,36860,Unreliable
,2014,2014,Female,F,American Indian or Alaska Native,1002-5,20 years,20,0,37897,Unreliable
,2014,2014,Female,F,American Indian or Alaska Native,1002-5,22 years,22,0,39404,Unreliable
,2014,2014,Female,F,American Indian or Alaska Native,1002-5,27 years,27,0,33712,Unreliable
,2014,2014,Female,F,American Indian or Alaska Native,1002-5,31 years,31,0,33388,Unreliable
,2014,2014,Female,F,American Indian or Alaska Native,1002-5,47 years,47,0,26791,Unreliable
,2014,2014,Female,F,American Indian or Alaska Native,1002-5,58 years,58,0,23920,Unreliable
,2014,2014,Female,F,American Indian or Alaska Native,1002-5,63 years,63,0,17879,Unreliable
,2014,2014,Female,F,American Indian or Alaska Native,1002-5,65 years,65,0,15938,Unreliable
,2014,2014,Female,F,American Indian or Alaska Native,1002-5,66 years,66,0,15171,Unreliable
,2014,2014,Female,F,American Indian or Alaska Native,1002-5,67 years,67,0,14835,Unreliable
,2014,2014,Female,F,American Indian or Alaska Native,1002-5,69 years,69,0,11302,Unreliable
,2014,2014,Female,F,American Indian or Alaska Native,1002-5,70 years,70,0,10578,Unreliable
,2014,2014,Female,F,American Indian or Alaska Native,1002-5,72 years,72,0,8896,Unreliable
,2014,2014,Female,F,American Indian or Alaska Native,1002-5,73 years,73,0,8248,Unreliable
,2014,2014,Female,F,American Indian or Alaska Native,1002-5,74 years,74,0,7787,Unreliable
,2014,2014,Female,F,American Indian or Alaska Native,1002-5,76 years,76,0,6708,Unreliable
,2014,2014,Female,F,American Indian or Alaska Native,1002-5,77 years,77,0,5956,Unreliable
,2014,2014,Female,F,American Indian or Alaska Native,1002-5,78 years,78,0,5657,Unreliable
,2014,2014,Female,F,American Indian or Alaska Native,1002-5,79 years,79,0,5314,Unreliable
,2014,2014,Female,F,American Indian or Alaska Native,1002-5,80 years,80,0,4518,Unreliable
,2014,2014,Female,F,American Indian or Alaska Native,1002-5,81 years,81,0,4285,Unreliable
,2014,2014,Female,F,American Indian or Alaska Native,1002-5,82 years,82,0,3915,Unreliable
,2014,2014,Female,F,American Indian or Alaska Native,1002-5,83 years,83,0,3522,Unreliable
,2014,2014,Female,F,American Indian or Alaska Native,1002-5,84 years,84,0,3337,Unreliable
,2014,2014,Female,F,American Indian or Alaska Native,1002-5,85 years,85,0,Not Applicable,Not Applicable
,2014,2014,Female,F,American Indian or Alaska Native,1002-5,86 years,86,0,Not Applicable,Not Applicable
,2014,2014,Female,F,American Indian or Alaska Native,1002-5,87 years,87,0,Not Applicable,Not Applicable
,2014,2014,Female,F,American Indian or Alaska Native,1002-5,88 years,88,0,Not Applicable,Not Applicable
,2014,2014,Female,F,American Indian or Alaska Native,1002-5,89 years,89,0,Not Applicable,Not Applicable
,2014,2014,Female,F,American Indian or Alaska Native,1002-5,90 years,90,0,Not Applicable,Not Applicable
,2014,2014,Female,F,American Indian or Alaska Native,1002-5,91 years,91,0,Not Applicable,Not Applicable
,2014,2014,Female,F,American Indian or Alaska Native,1002-5,92 years,92,0,Not Applicable,Not Applicable
,2014,2014,Female,F,American Indian or Alaska Native,1002-5,93 years,93,0,Not Applicable,Not Applicable
,2014,2014,Female,F,American Indian or Alaska Native,1002-5,94 years,94,0,Not Applicable,Not Applicable
,2014,2014,Female,F,American Indian or Alaska Native,1002-5,95 years,95,0,Not Applicable,Not Applicable
,2014,2014,Female,F,American Indian or Alaska Native,1002-5,96 years,96,0,Not Applicable,Not Applicable
,2014,2014,Female,F,American Indian or Alaska Native,1002-5,97 years,97,0,Not Applicable,Not Applicable
,2014,2014,Female,F,American Indian or Alaska Native,1002-5,98 years,98,0,Not Applicable,Not Applicable
,2014,2014,Female,F,American Indian or Alaska Native,1002-5,99 years,99,0,Not Applicable,Not Applicable
,2014,2014,Female,F,American Indian or Alaska Native,1002-5,100+ years,100,0,Not Applicable,Not Applicable
,2014,2014,Female,F,American Indian or Alaska Native,1002-5,Not Stated,NS,0,Not Applicable,Not Applicable
,2014,2014,Female,F,Asian or Pacific Islander,A-PI,< 1 year,0,0,120793,Unreliable
,2014,2014,Female,F,Asian or Pacific Islander,A-PI,1 year,1,0,125058,Unreliable
,2014,2014,Female,F,Asian or Pacific Islander,A-PI,2 years,2,0,121766,Unreliable
,2014,2014,Female,F,Asian or Pacific Islander,A-PI,3 years,3,0,120256,Unreliable
,2014,2014,Female,F,Asian or Pacific Islander,A-PI,4 years,4,0,122003,Unreliable
,2014,2014,Female,F,Asian or Pacific Islander,A-PI,5 years,5,0,120821,Unreliable
,2014,2014,Female,F,Asian or Pacific Islander,A-PI,6 years,6,0,125027,Unreliable
,2014,2014,Female,F,Asian or Pacific Islander,A-PI,7 years,7,0,123249,Unreliable
,2014,2014,Female,F,Asian or Pacific Islander,A-PI,8 years,8,0,122732,Unreliable
,2014,2014,Female,F,Asian or Pacific Islander,A-PI,9 years,9,0,125744,Unreliable
,2014,2014,Female,F,Asian or Pacific Islander,A-PI,10 years,10,0,125826,Unreliable
,2014,2014,Female,F,Asian or Pacific Islander,A-PI,11 years,11,0,124878,Unreliable
,2014,2014,Female,F,Asian or Pacific Islander,A-PI,12 years,12,0,119165,Unreliable
,2014,2014,Female,F,Asian or Pacific Islander,A-PI,13 years,13,0,122275,Unreliable
,2014,2014,Female,F,Asian or Pacific Islander,A-PI,14 years,14,0,120207,Unreliable
,2014,2014,Female,F,Asian or Pacific Islander,A-PI,15 years,15,0,115309,Unreliable
,2014,2014,Female,F,Asian or Pacific Islander,A-PI,18 years,18,0,123201,Unreliable
,2014,2014,Female,F,Asian or Pacific Islander,A-PI,19 years,19,0,125722,Unreliable
,2014,2014,Female,F,Asian or Pacific Islander,A-PI,20 years,20,0,129488,Unreliable
,2014,2014,Female,F,Asian or Pacific Islander,A-PI,22 years,22,0,142001,Unreliable
,2014,2014,Female,F,Asian or Pacific Islander,A-PI,24 years,24,0,161462,Unreliable
,2014,2014,Female,F,Asian or Pacific Islander,A-PI,26 years,26,0,164559,Unreliable
,2014,2014,Female,F,Asian or Pacific Islander,A-PI,27 years,27,0,163719,Unreliable
,2014,2014,Female,F,Asian or Pacific Islander,A-PI,28 years,28,0,166654,Unreliable
,2014,2014,Female,F,Asian or Pacific Islander,A-PI,32 years,32,0,176190,Unreliable
,2014,2014,Female,F,Asian or Pacific Islander,A-PI,34 years,34,0,174628,Unreliable
,2014,2014,Female,F,Asian or Pacific Islander,A-PI,42 years,42,0,164409,Unreliable
,2014,2014,Female,F,Asian or Pacific Islander,A-PI,46 years,46,0,145326,Unreliable
,2014,2014,Female,F,Asian or Pacific Islander,A-PI,58 years,58,0,117763,Unreliable
,2014,2014,Female,F,Asian or Pacific Islander,A-PI,60 years,60,0,109905,Unreliable
,2014,2014,Female,F,Asian or Pacific Islander,A-PI,62 years,62,0,100287,Unreliable
,2014,2014,Female,F,Asian or Pacific Islander,A-PI,65 years,65,0,92293,Unreliable
,2014,2014,Female,F,Asian or Pacific Islander,A-PI,67 years,67,0,81599,Unreliable
,2014,2014,Female,F,Asian or Pacific Islander,A-PI,68 years,68,0,69292,Unreliable
,2014,2014,Female,F,Asian or Pacific Islander,A-PI,69 years,69,0,67102,Unreliable
,2014,2014,Female,F,Asian or Pacific Islander,A-PI,71 years,71,0,56693,Unreliable
,2014,2014,Female,F,Asian or Pacific Islander,A-PI,74 years,74,0,48778,Unreliable
,2014,2014,Female,F,Asian or Pacific Islander,A-PI,75 years,75,0,43712,Unreliable
,2014,2014,Female,F,Asian or Pacific Islander,A-PI,76 years,76,0,41552,Unreliable
,2014,2014,Female,F,Asian or Pacific Islander,A-PI,77 years,77,0,38634,Unreliable
,2014,2014,Female,F,Asian or Pacific Islander,A-PI,78 years,78,0,36250,Unreliable
,2014,2014,Female,F,Asian or Pacific Islander,A-PI,79 years,79,0,34061,Unreliable
,2014,2014,Female,F,Asian or Pacific Islander,A-PI,80 years,80,0,30785,Unreliable
,2014,2014,Female,F,Asian or Pacific Islander,A-PI,81 years,81,0,29907,Unreliable
,2014,2014,Female,F,Asian or Pacific Islander,A-PI,82 years,82,0,26978,Unreliable
,2014,2014,Female,F,Asian or Pacific Islander,A-PI,83 years,83,0,25241,Unreliable
,2014,2014,Female,F,Asian or Pacific Islander,A-PI,84 years,84,0,24328,Unreliable
,2014,2014,Female,F,Asian or Pacific Islander,A-PI,86 years,86,0,Not Applicable,Not Applicable
,2014,2014,Female,F,Asian or Pacific Islander,A-PI,87 years,87,0,Not Applicable,Not Applicable
,2014,2014,Female,F,Asian or Pacific Islander,A-PI,88 years,88,0,Not Applicable,Not Applicable
,2014,2014,Female,F,Asian or Pacific Islander,A-PI,89 years,89,0,Not Applicable,Not Applicable
,2014,2014,Female,F,Asian or Pacific Islander,A-PI,90 years,90,0,Not Applicable,Not Applicable
,2014,2014,Female,F,Asian or Pacific Islander,A-PI,91 years,91,0,Not Applicable,Not Applicable
,2014,2014,Female,F,Asian or Pacific Islander,A-PI,92 years,92,0,Not Applicable,Not Applicable
,2014,2014,Female,F,Asian or Pacific Islander,A-PI,93 years,93,0,Not Applicable,Not Applicable
,2014,2014,Female,F,Asian or Pacific Islander,A-PI,94 years,94,0,Not Applicable,Not Applicable
,2014,2014,Female,F,Asian or Pacific Islander,A-PI,95 years,95,0,Not Applicable,Not Applicable
,2014,2014,Female,F,Asian or Pacific Islander,A-PI,96 years,96,0,Not Applicable,Not Applicable
,2014,2014,Female,F,Asian or Pacific Islander,A-PI,97 years,97,0,Not Applicable,Not Applicable
,2014,2014,Female,F,Asian or Pacific Islander,A-PI,98 years,98,0,Not Applicable,Not Applicable
,2014,2014,Female,F,Asian or Pacific Islander,A-PI,99 years,99,0,Not Applicable,Not Applicable
,2014,2014,Female,F,Asian or Pacific Islander,A-PI,100+ years,100,0,Not Applicable,Not Applicable
,2014,2014,Female,F,Asian or Pacific Islander,A-PI,Not Stated,NS,0,Not Applicable,Not Applicable
,2014,2014,Female,F,Black or African American,2054-5,7 years,7,0,343445,Unreliable
,2014,2014,Female,F,Black or African American,2054-5,8 years,8,0,335442,Unreliable
,2014,2014,Female,F,Black or African American,2054-5,9 years,9,0,328559,Unreliable
,2014,2014,Female,F,Black or African American,2054-5,11 years,11,0,322861,Unreliable
,2014,2014,Female,F,Black or African American,2054-5,12 years,12,0,327334,Unreliable
,2014,2014,Female,F,Black or African American,2054-5,13 years,13,0,337302,Unreliable
,2014,2014,Female,F,Black or African American,2054-5,14 years,14,0,345988,Unreliable
,2014,2014,Female,F,Black or African American,2054-5,16 years,16,0,338817,Unreliable
,2014,2014,Female,F,Black or African American,2054-5,17 years,17,0,338753,Unreliable
,2014,2014,Female,F,Black or African American,2054-5,19 years,19,0,354795,Unreliable
,2014,2014,Female,F,Black or African American,2054-5,31 years,31,10,320159,Unreliable
,2014,2014,Female,F,Black or African American,2054-5,33 years,33,14,319665,Unreliable
,2014,2014,Female,F,Black or African American,2054-5,34 years,34,10,331256,Unreliable
,2014,2014,Female,F,Black or African American,2054-5,36 years,36,16,299739,Unreliable
,2014,2014,Female,F,Black or African American,2054-5,38 years,38,14,285066,Unreliable
,2014,2014,Female,F,Black or African American,2054-5,39 years,39,17,291795,Unreliable
,2014,2014,Female,F,Black or African American,2054-5,40 years,40,10,282844,Unreliable
,2014,2014,Female,F,Black or African American,2054-5,41 years,41,12,291307,Unreliable
,2014,2014,Female,F,Black or African American,2054-5,42 years,42,20,300544,6.7
,2014,2014,Female,F,Black or African American,2054-5,43 years,43,10,314221,Unreliable
,2014,2014,Female,F,Black or African American,2054-5,44 years,44,19,311137,Unreliable
,2014,2014,Female,F,Black or African American,2054-5,45 years,45,12,288932,Unreliable
,2014,2014,Female,F,Black or African American,2054-5,46 years,46,13,290421,Unreliable
,2014,2014,Female,F,Black or African American,2054-5,47 years,47,13,290503,Unreliable
,2014,2014,Female,F,Black or African American,2054-5,48 years,48,17,299958,Unreliable
,2014,2014,Female,F,Black or African American,2054-5,49 years,49,28,314062,8.9
,2014,2014,Female,F,Black or African American,2054-5,50 years,50,16,312511,Unreliable
,2014,2014,Female,F,Black or African American,2054-5,51 years,51,21,308328,6.8
,2014,2014,Female,F,Black or African American,2054-5,52 years,52,22,305277,7.2
,2014,2014,Female,F,Black or African American,2054-5,53 years,53,19,306388,Unreliable
,2014,2014,Female,F,Black or African American,2054-5,54 years,54,16,312394,Unreliable
,2014,2014,Female,F,Black or African American,2054-5,55 years,55,21,298824,7
,2014,2014,Female,F,Black or African American,2054-5,56 years,56,22,289533,7.6
,2014,2014,Female,F,Black or African American,2054-5,57 years,57,11,288085,Unreliable
,2014,2014,Female,F,Black or African American,2054-5,58 years,58,15,276163,Unreliable
,2014,2014,Female,F,Black or African American,2054-5,59 years,59,15,268623,Unreliable
,2014,2014,Female,F,Black or African American,2054-5,62 years,62,18,225761,Unreliable
,2014,2014,Female,F,Black or African American,2054-5,71 years,71,0,131879,Unreliable
,2014,2014,Female,F,Black or African American,2054-5,72 years,72,0,117741,Unreliable
,2014,2014,Female,F,Black or African American,2054-5,74 years,74,0,106974,Unreliable
,2014,2014,Female,F,Black or African American,2054-5,76 years,76,0,92361,Unreliable
,2014,2014,Female,F,Black or African American,2054-5,77 years,77,0,85472,Unreliable
,2014,2014,Female,F,Black or African American,2054-5,79 years,79,0,78180,Unreliable
,2014,2014,Female,F,Black or African American,2054-5,80 years,80,0,70225,Unreliable
,2014,2014,Female,F,Black or African American,2054-5,81 years,81,0,66300,Unreliable
,2014,2014,Female,F,Black or African American,2054-5,82 years,82,0,60524,Unreliable
,2014,2014,Female,F,Black or African American,2054-5,83 years,83,0,55311,Unreliable
,2014,2014,Female,F,Black or African American,2054-5,84 years,84,0,53377,Unreliable
,2014,2014,Female,F,Black or African American,2054-5,85 years,85,0,Not Applicable,Not Applicable
,2014,2014,Female,F,Black or African American,2054-5,86 years,86,0,Not Applicable,Not Applicable
,2014,2014,Female,F,Black or African American,2054-5,87 years,87,0,Not Applicable,Not Applicable
,2014,2014,Female,F,Black or African American,2054-5,88 years,88,0,Not Applicable,Not Applicable
,2014,2014,Female,F,Black or African American,2054-5,90 years,90,0,Not Applicable,Not Applicable
,2014,2014,Female,F,Black or African American,2054-5,91 years,91,0,Not Applicable,Not Applicable
,2014,2014,Female,F,Black or African American,2054-5,92 years,92,0,Not Applicable,Not Applicable
,2014,2014,Female,F,Black or African American,2054-5,93 years,93,0,Not Applicable,Not Applicable
,2014,2014,Female,F,Black or African American,2054-5,94 years,94,0,Not Applicable,Not Applicable
,2014,2014,Female,F,Black or African American,2054-5,95 years,95,0,Not Applicable,Not Applicable
,2014,2014,Female,F,Black or African American,2054-5,96 years,96,0,Not Applicable,Not Applicable
,2014,2014,Female,F,Black or African American,2054-5,97 years,97,0,Not Applicable,Not Applicable
,2014,2014,Female,F,Black or African American,2054-5,98 years,98,0,Not Applicable,Not Applicable
,2014,2014,Female,F,Black or African American,2054-5,99 years,99,0,Not Applicable,Not Applicable
,2014,2014,Female,F,Black or African American,2054-5,100+ years,100,0,Not Applicable,Not Applicable
,2014,2014,Female,F,Black or African American,2054-5,Not Stated,NS,0,Not Applicable,Not Applicable
,2014,2014,Female,F,White,2106-3,3 years,3,0,1465205,Unreliable
,2014,2014,Female,F,White,2106-3,4 years,4,0,1466350,Unreliable
,2014,2014,Female,F,White,2106-3,5 years,5,0,1466764,Unreliable
,2014,2014,Female,F,White,2106-3,6 years,6,0,1513520,Unreliable
,2014,2014,Female,F,White,2106-3,8 years,8,0,1517768,Unreliable
,2014,2014,Female,F,White,2106-3,9 years,9,0,1516721,Unreliable
,2014,2014,Female,F,White,2106-3,10 years,10,0,1526253,Unreliable
,2014,2014,Female,F,White,2106-3,17 years,17,14,1550981,Unreliable
,2014,2014,Female,F,White,2106-3,18 years,18,13,1561752,Unreliable
,2014,2014,Female,F,White,2106-3,19 years,19,24,1588227,1.5
,2014,2014,Female,F,White,2106-3,20 years,20,38,1611303,2.4
,2014,2014,Female,F,White,2106-3,21 years,21,45,1628835,2.8
,2014,2014,Female,F,White,2106-3,22 years,22,53,1675418,3.2
,2014,2014,Female,F,White,2106-3,23 years,23,55,1711065,3.2
,2014,2014,Female,F,White,2106-3,24 years,24,76,1712598,4.4
,2014,2014,Female,F,White,2106-3,25 years,25,83,1646456,5
,2014,2014,Female,F,White,2106-3,26 years,26,92,1623086,5.7
,2014,2014,Female,F,White,2106-3,27 years,27,88,1602365,5.5
,2014,2014,Female,F,White,2106-3,28 years,28,115,1616633,7.1
,2014,2014,Female,F,White,2106-3,29 years,29,119,1636478,7.3
,2014,2014,Female,F,White,2106-3,30 years,30,93,1590873,5.8
,2014,2014,Female,F,White,2106-3,31 years,31,119,1620462,7.3
,2014,2014,Female,F,White,2106-3,32 years,32,115,1624337,7.1
,2014,2014,Female,F,White,2106-3,33 years,33,159,1611952,9.9
,2014,2014,Female,F,White,2106-3,34 years,34,122,1631669,7.5
,2014,2014,Female,F,White,2106-3,35 years,35,145,1538959,9.4
,2014,2014,Female,F,White,2106-3,36 years,36,141,1517350,9.3
,2014,2014,Female,F,White,2106-3,37 years,37,153,1505618,10.2
,2014,2014,Female,F,White,2106-3,38 years,38,149,1461259,10.2
,2014,2014,Female,F,White,2106-3,39 years,39,157,1507333,10.4
,2014,2014,Female,F,White,2106-3,40 years,40,155,1466843,10.6
,2014,2014,Female,F,White,2106-3,41 years,41,169,1493326,11.3
,2014,2014,Female,F,White,2106-3,42 years,42,170,1571326,10.8
,2014,2014,Female,F,White,2106-3,43 years,43,184,1679898,11
,2014,2014,Female,F,White,2106-3,44 years,44,178,1702153,10.5
,2014,2014,Female,F,White,2106-3,45 years,45,178,1625619,10.9
,2014,2014,Female,F,White,2106-3,46 years,46,192,1590930,12.1
,2014,2014,Female,F,White,2106-3,47 years,47,208,1611071,12.9
,2014,2014,Female,F,White,2106-3,48 years,48,224,1637988,13.7
,2014,2014,Female,F,White,2106-3,49 years,49,222,1748919,12.7
,2014,2014,Female,F,White,2106-3,50 years,50,230,1799090,12.8
,2014,2014,Female,F,White,2106-3,51 years,51,260,1808800,14.4
,2014,2014,Female,F,White,2106-3,52 years,52,263,1821999,14.4
,2014,2014,Female,F,White,2106-3,53 years,53,197,1856468,10.6
,2014,2014,Female,F,White,2106-3,54 years,54,208,1860677,11.2
,2014,2014,Female,F,White,2106-3,55 years,55,227,1816047,12.5
,2014,2014,Female,F,White,2106-3,56 years,56,244,1817562,13.4
,2014,2014,Female,F,White,2106-3,57 years,57,168,1805604,9.3
,2014,2014,Female,F,White,2106-3,58 years,58,179,1745952,10.3
,2014,2014,Female,F,White,2106-3,59 years,59,160,1739696,9.2
,2014,2014,Female,F,White,2106-3,60 years,60,153,1686555,9.1
,2014,2014,Female,F,White,2106-3,61 years,61,104,1634553,6.4
,2014,2014,Female,F,White,2106-3,62 years,62,81,1577678,5.1
,2014,2014,Female,F,White,2106-3,63 years,63,77,1532299,5
,2014,2014,Female,F,White,2106-3,64 years,64,68,1492981,4.6
,2014,2014,Female,F,White,2106-3,65 years,65,66,1467784,4.5
,2014,2014,Female,F,White,2106-3,66 years,66,67,1466534,4.6
,2014,2014,Female,F,White,2106-3,67 years,67,57,1556153,3.7
,2014,2014,Female,F,White,2106-3,68 years,68,37,1135190,3.3
,2014,2014,Female,F,White,2106-3,69 years,69,37,1125528,3.3
,2014,2014,Female,F,White,2106-3,70 years,70,22,1111187,2
,2014,2014,Female,F,White,2106-3,71 years,71,29,1151755,2.5
,2014,2014,Female,F,White,2106-3,72 years,72,25,1001933,2.5
,2014,2014,Female,F,White,2106-3,73 years,73,20,919324,2.2
,2014,2014,Female,F,White,2106-3,74 years,74,13,869395,Unreliable
,2014,2014,Female,F,White,2106-3,75 years,75,12,824475,Unreliable
,2014,2014,Female,F,White,2106-3,76 years,76,16,795649,Unreliable
,2014,2014,Female,F,White,2106-3,93 years,93,0,Not Applicable,Not Applicable
,2014,2014,Female,F,White,2106-3,97 years,97,0,Not Applicable,Not Applicable
,2014,2014,Female,F,White,2106-3,100+ years,100,0,Not Applicable,Not Applicable
,2014,2014,Female,F,White,2106-3,Not Stated,NS,0,Not Applicable,Not Applicable
,2014,2014,Male,M,American Indian or Alaska Native,1002-5,< 1 year,0,0,39631,Unreliable
,2014,2014,Male,M,American Indian or Alaska Native,1002-5,2 years,2,0,39590,Unreliable
,2014,2014,Male,M,American Indian or Alaska Native,1002-5,3 years,3,0,38549,Unreliable
,2014,2014,Male,M,American Indian or Alaska Native,1002-5,4 years,4,0,39008,Unreliable
,2014,2014,Male,M,American Indian or Alaska Native,1002-5,5 years,5,0,38987,Unreliable
,2014,2014,Male,M,American Indian or Alaska Native,1002-5,6 years,6,0,40218,Unreliable
,2014,2014,Male,M,American Indian or Alaska Native,1002-5,7 years,7,0,40682,Unreliable
,2014,2014,Male,M,American Indian or Alaska Native,1002-5,8 years,8,0,39811,Unreliable
,2014,2014,Male,M,American Indian or Alaska Native,1002-5,9 years,9,0,39231,Unreliable
,2014,2014,Male,M,American Indian or Alaska Native,1002-5,10 years,10,0,38218,Unreliable
,2014,2014,Male,M,American Indian or Alaska Native,1002-5,11 years,11,0,37775,Unreliable
,2014,2014,Male,M,American Indian or Alaska Native,1002-5,13 years,13,0,37861,Unreliable
,2014,2014,Male,M,American Indian or Alaska Native,1002-5,14 years,14,0,39005,Unreliable
,2014,2014,Male,M,American Indian or Alaska Native,1002-5,15 years,15,0,37696,Unreliable
,2014,2014,Male,M,American Indian or Alaska Native,1002-5,16 years,16,0,37722,Unreliable
,2014,2014,Male,M,American Indian or Alaska Native,1002-5,17 years,17,0,37603,Unreliable
,2014,2014,Male,M,American Indian or Alaska Native,1002-5,22 years,22,0,42310,Unreliable
,2014,2014,Male,M,American Indian or Alaska Native,1002-5,35 years,35,0,32321,Unreliable
,2014,2014,Male,M,American Indian or Alaska Native,1002-5,62 years,62,0,16633,Unreliable
,2014,2014,Male,M,American Indian or Alaska Native,1002-5,65 years,65,0,14672,Unreliable
,2014,2014,Male,M,American Indian or Alaska Native,1002-5,66 years,66,0,13745,Unreliable
,2014,2014,Male,M,American Indian or Alaska Native,1002-5,67 years,67,0,13826,Unreliable
,2014,2014,Male,M,American Indian or Alaska Native,1002-5,68 years,68,0,10387,Unreliable
,2014,2014,Male,M,American Indian or Alaska Native,1002-5,70 years,70,0,9189,Unreliable
,2014,2014,Male,M,American Indian or Alaska Native,1002-5,71 years,71,0,8637,Unreliable
,2014,2014,Male,M,American Indian or Alaska Native,1002-5,72 years,72,0,7757,Unreliable
,2014,2014,Male,M,American Indian or Alaska Native,1002-5,73 years,73,0,7033,Unreliable
,2014,2014,Male,M,American Indian or Alaska Native,1002-5,74 years,74,0,6636,Unreliable
,2014,2014,Male,M,American Indian or Alaska Native,1002-5,75 years,75,0,5722,Unreliable
,2014,2014,Male,M,American Indian or Alaska Native,1002-5,76 years,76,0,5319,Unreliable
,2014,2014,Male,M,American Indian or Alaska Native,1002-5,77 years,77,0,4700,Unreliable
,2014,2014,Male,M,American Indian or Alaska Native,1002-5,79 years,79,0,3916,Unreliable
,2014,2014,Male,M,American Indian or Alaska Native,1002-5,80 years,80,0,3279,Unreliable
,2014,2014,Male,M,American Indian or Alaska Native,1002-5,81 years,81,0,3022,Unreliable
,2014,2014,Male,M,American Indian or Alaska Native,1002-5,82 years,82,0,2602,Unreliable
,2014,2014,Male,M,American Indian or Alaska Native,1002-5,83 years,83,0,2259,Unreliable
,2014,2014,Male,M,American Indian or Alaska Native,1002-5,84 years,84,0,2207,Unreliable
,2014,2014,Male,M,American Indian or Alaska Native,1002-5,85 years,85,0,Not Applicable,Not Applicable
,2014,2014,Male,M,American Indian or Alaska Native,1002-5,86 years,86,0,Not Applicable,Not Applicable
,2014,2014,Male,M,American Indian or Alaska Native,1002-5,87 years,87,0,Not Applicable,Not Applicable
,2014,2014,Male,M,American Indian or Alaska Native,1002-5,88 years,88,0,Not Applicable,Not Applicable
,2014,2014,Male,M,American Indian or Alaska Native,1002-5,89 years,89,0,Not Applicable,Not Applicable
,2014,2014,Male,M,American Indian or Alaska Native,1002-5,90 years,90,0,Not Applicable,Not Applicable
,2014,2014,Male,M,American Indian or Alaska Native,1002-5,91 years,91,0,Not Applicable,Not Applicable
,2014,2014,Male,M,American Indian or Alaska Native,1002-5,92 years,92,0,Not Applicable,Not Applicable
,2014,2014,Male,M,American Indian or Alaska Native,1002-5,93 years,93,0,Not Applicable,Not Applicable
,2014,2014,Male,M,American Indian or Alaska Native,1002-5,94 years,94,0,Not Applicable,Not Applicable
,2014,2014,Male,M,American Indian or Alaska Native,1002-5,95 years,95,0,Not Applicable,Not Applicable
,2014,2014,Male,M,American Indian or Alaska Native,1002-5,96 years,96,0,Not Applicable,Not Applicable
,2014,2014,Male,M,American Indian or Alaska Native,1002-5,97 years,97,0,Not Applicable,Not Applicable
,2014,2014,Male,M,American Indian or Alaska Native,1002-5,98 years,98,0,Not Applicable,Not Applicable
,2014,2014,Male,M,American Indian or Alaska Native,1002-5,99 years,99,0,Not Applicable,Not Applicable
,2014,2014,Male,M,American Indian or Alaska Native,1002-5,100+ years,100,0,Not Applicable,Not Applicable
,2014,2014,Male,M,American Indian or Alaska Native,1002-5,Not Stated,NS,0,Not Applicable,Not Applicable
,2014,2014,Male,M,Asian or Pacific Islander,A-PI,< 1 year,0,0,126730,Unreliable
,2014,2014,Male,M,Asian or Pacific Islander,A-PI,1 year,1,0,131285,Unreliable
,2014,2014,Male,M,Asian or Pacific Islander,A-PI,2 years,2,0,126352,Unreliable
,2014,2014,Male,M,Asian or Pacific Islander,A-PI,3 years,3,0,125331,Unreliable
,2014,2014,Male,M,Asian or Pacific Islander,A-PI,4 years,4,0,126733,Unreliable
,2014,2014,Male,M,Asian or Pacific Islander,A-PI,5 years,5,0,124992,Unreliable
,2014,2014,Male,M,Asian or Pacific Islander,A-PI,6 years,6,0,129666,Unreliable
,2014,2014,Male,M,Asian or Pacific Islander,A-PI,7 years,7,0,128184,Unreliable
,2014,2014,Male,M,Asian or Pacific Islander,A-PI,8 years,8,0,126703,Unreliable
,2014,2014,Male,M,Asian or Pacific Islander,A-PI,9 years,9,0,127395,Unreliable
,2014,2014,Male,M,Asian or Pacific Islander,A-PI,10 years,10,0,126954,Unreliable
,2014,2014,Male,M,Asian or Pacific Islander,A-PI,11 years,11,0,125821,Unreliable
,2014,2014,Male,M,Asian or Pacific Islander,A-PI,12 years,12,0,120601,Unreliable
,2014,2014,Male,M,Asian or Pacific Islander,A-PI,13 years,13,0,124534,Unreliable
,2014,2014,Male,M,Asian or Pacific Islander,A-PI,14 years,14,0,122273,Unreliable
,2014,2014,Male,M,Asian or Pacific Islander,A-PI,15 years,15,0,118064,Unreliable
,2014,2014,Male,M,Asian or Pacific Islander,A-PI,16 years,16,0,119794,Unreliable
,2014,2014,Male,M,Asian or Pacific Islander,A-PI,17 years,17,0,122475,Unreliable
,2014,2014,Male,M,Asian or Pacific Islander,A-PI,18 years,18,0,126831,Unreliable
,2014,2014,Male,M,Asian or Pacific Islander,A-PI,33 years,33,0,152151,Unreliable
,2014,2014,Male,M,Asian or Pacific Islander,A-PI,35 years,35,0,147167,Unreliable
,2014,2014,Male,M,Asian or Pacific Islander,A-PI,39 years,39,0,149564,Unreliable
,2014,2014,Male,M,Asian or Pacific Islander,A-PI,42 years,42,0,145128,Unreliable
,2014,2014,Male,M,Asian or Pacific Islander,A-PI,46 years,46,0,127952,Unreliable
,2014,2014,Male,M,Asian or Pacific Islander,A-PI,47 years,47,0,119285,Unreliable
,2014,2014,Male,M,Asian or Pacific Islander,A-PI,49 years,49,0,123125,Unreliable
,2014,2014,Male,M,Asian or Pacific Islander,A-PI,52 years,52,0,112286,Unreliable
,2014,2014,Male,M,Asian or Pacific Islander,A-PI,58 years,58,0,98971,Unreliable
,2014,2014,Male,M,Asian or Pacific Islander,A-PI,60 years,60,0,90580,Unreliable
,2014,2014,Male,M,Asian or Pacific Islander,A-PI,61 years,61,0,86656,Unreliable
,2014,2014,Male,M,Asian or Pacific Islander,A-PI,62 years,62,0,81483,Unreliable
,2014,2014,Male,M,Asian or Pacific Islander,A-PI,63 years,63,0,77499,Unreliable
,2014,2014,Male,M,Asian or Pacific Islander,A-PI,64 years,64,0,81312,Unreliable
,2014,2014,Male,M,Asian or Pacific Islander,A-PI,65 years,65,0,74655,Unreliable
,2014,2014,Male,M,Asian or Pacific Islander,A-PI,67 years,67,0,65781,Unreliable
,2014,2014,Male,M,Asian or Pacific Islander,A-PI,69 years,69,0,54570,Unreliable
,2014,2014,Male,M,Asian or Pacific Islander,A-PI,70 years,70,0,50531,Unreliable
,2014,2014,Male,M,Asian or Pacific Islander,A-PI,71 years,71,0,47038,Unreliable
,2014,2014,Male,M,Asian or Pacific Islander,A-PI,72 years,72,0,44180,Unreliable
,2014,2014,Male,M,Asian or Pacific Islander,A-PI,73 years,73,0,40975,Unreliable
,2014,2014,Male,M,Asian or Pacific Islander,A-PI,74 years,74,0,39982,Unreliable
,2014,2014,Male,M,Asian or Pacific Islander,A-PI,75 years,75,0,36031,Unreliable
,2014,2014,Male,M,Asian or Pacific Islander,A-PI,76 years,76,0,33592,Unreliable
,2014,2014,Male,M,Asian or Pacific Islander,A-PI,77 years,77,0,30639,Unreliable
,2014,2014,Male,M,Asian or Pacific Islander,A-PI,78 years,78,0,27957,Unreliable
,2014,2014,Male,M,Asian or Pacific Islander,A-PI,79 years,79,0,25525,Unreliable
,2014,2014,Male,M,Asian or Pacific Islander,A-PI,81 years,81,0,20829,Unreliable
,2014,2014,Male,M,Asian or Pacific Islander,A-PI,82 years,82,0,18565,Unreliable
,2014,2014,Male,M,Asian or Pacific Islander,A-PI,83 years,83,0,16697,Unreliable
,2014,2014,Male,M,Asian or Pacific Islander,A-PI,84 years,84,0,15625,Unreliable
,2014,2014,Male,M,Asian or Pacific Islander,A-PI,85 years,85,0,Not Applicable,Not Applicable
,2014,2014,Male,M,Asian or Pacific Islander,A-PI,86 years,86,0,Not Applicable,Not Applicable
,2014,2014,Male,M,Asian or Pacific Islander,A-PI,87 years,87,0,Not Applicable,Not Applicable
,2014,2014,Male,M,Asian or Pacific Islander,A-PI,88 years,88,0,Not Applicable,Not Applicable
,2014,2014,Male,M,Asian or Pacific Islander,A-PI,89 years,89,0,Not Applicable,Not Applicable
,2014,2014,Male,M,Asian or Pacific Islander,A-PI,90 years,90,0,Not Applicable,Not Applicable
,2014,2014,Male,M,Asian or Pacific Islander,A-PI,91 years,91,0,Not Applicable,Not Applicable
,2014,2014,Male,M,Asian or Pacific Islander,A-PI,92 years,92,0,Not Applicable,Not Applicable
,2014,2014,Male,M,Asian or Pacific Islander,A-PI,93 years,93,0,Not Applicable,Not Applicable
,2014,2014,Male,M,Asian or Pacific Islander,A-PI,94 years,94,0,Not Applicable,Not Applicable
,2014,2014,Male,M,Asian or Pacific Islander,A-PI,95 years,95,0,Not Applicable,Not Applicable
,2014,2014,Male,M,Asian or Pacific Islander,A-PI,96 years,96,0,Not Applicable,Not Applicable
,2014,2014,Male,M,Asian or Pacific Islander,A-PI,97 years,97,0,Not Applicable,Not Applicable
,2014,2014,Male,M,Asian or Pacific Islander,A-PI,98 years,98,0,Not Applicable,Not Applicable
,2014,2014,Male,M,Asian or Pacific Islander,A-PI,99 years,99,0,Not Applicable,Not Applicable
,2014,2014,Male,M,Asian or Pacific Islander,A-PI,100+ years,100,0,Not Applicable,Not Applicable
,2014,2014,Male,M,Asian or Pacific Islander,A-PI,Not Stated,NS,0,Not Applicable,Not Applicable
,2014,2014,Male,M,Black or African American,2054-5,5 years,5,0,346417,Unreliable
,2014,2014,Male,M,Black or African American,2054-5,6 years,6,0,356548,Unreliable
,2014,2014,Male,M,Black or African American,2054-5,7 years,7,0,356110,Unreliable
,2014,2014,Male,M,Black or African American,2054-5,8 years,8,0,345360,Unreliable
,2014,2014,Male,M,Black or African American,2054-5,9 years,9,0,340110,Unreliable
,2014,2014,Male,M,Black or African American,2054-5,10 years,10,0,336395,Unreliable
,2014,2014,Male,M,Black or African American,2054-5,11 years,11,0,332998,Unreliable
,2014,2014,Male,M,Black or African American,2054-5,12 years,12,0,337241,Unreliable
,2014,2014,Male,M,Black or African American,2054-5,13 years,13,0,348735,Unreliable
,2014,2014,Male,M,Black or African American,2054-5,17 years,17,0,349578,Unreliable
,2014,2014,Male,M,Black or African American,2054-5,23 years,23,12,399526,Unreliable
,2014,2014,Male,M,Black or African American,2054-5,24 years,24,18,388909,Unreliable
,2014,2014,Male,M,Black or African American,2054-5,25 years,25,16,360987,Unreliable
,2014,2014,Male,M,Black or African American,2054-5,26 years,26,10,336875,Unreliable
,2014,2014,Male,M,Black or African American,2054-5,27 years,27,20,321201,6.2
,2014,2014,Male,M,Black or African American,2054-5,29 years,29,12,310101,Unreliable
,2014,2014,Male,M,Black or African American,2054-5,30 years,30,16,294089,Unreliable
,2014,2014,Male,M,Black or African American,2054-5,31 years,31,20,296264,6.8
,2014,2014,Male,M,Black or African American,2054-5,32 years,32,10,294370,Unreliable
,2014,2014,Male,M,Black or African American,2054-5,33 years,33,15,291084,Unreliable
,2014,2014,Male,M,Black or African American,2054-5,34 years,34,12,303757,Unreliable
,2014,2014,Male,M,Black or African American,2054-5,35 years,35,17,280488,Unreliable
,2014,2014,Male,M,Black or African American,2054-5,36 years,36,14,270096,Unreliable
,2014,2014,Male,M,Black or African American,2054-5,37 years,37,14,264908,Unreliable
,2014,2014,Male,M,Black or African American,2054-5,38 years,38,11,254545,Unreliable
,2014,2014,Male,M,Black or African American,2054-5,39 years,39,22,261006,8.4
,2014,2014,Male,M,Black or African American,2054-5,40 years,40,14,250338,Unreliable
,2014,2014,Male,M,Black or African American,2054-5,41 years,41,18,257166,Unreliable
,2014,2014,Male,M,Black or African American,2054-5,42 years,42,12,266410,Unreliable
,2014,2014,Male,M,Black or African American,2054-5,43 years,43,18,276580,Unreliable
,2014,2014,Male,M,Black or African American,2054-5,44 years,44,20,279574,7.2
,2014,2014,Male,M,Black or African American,2054-5,45 years,45,16,258434,Unreliable
,2014,2014,Male,M,Black or African American,2054-5,46 years,46,18,259127,Unreliable
,2014,2014,Male,M,Black or African American,2054-5,47 years,47,22,256702,8.6
,2014,2014,Male,M,Black or African American,2054-5,48 years,48,21,266713,7.9
,2014,2014,Male,M,Black or African American,2054-5,49 years,49,24,279913,8.6
,2014,2014,Male,M,Black or African American,2054-5,50 years,50,22,276851,7.9
,2014,2014,Male,M,Black or African American,2054-5,51 years,51,17,272357,Unreliable
,2014,2014,Male,M,Black or African American,2054-5,52 years,52,28,268144,10.4
,2014,2014,Male,M,Black or African American,2054-5,53 years,53,14,267836,Unreliable
,2014,2014,Male,M,Black or African American,2054-5,54 years,54,26,274870,9.5
,2014,2014,Male,M,Black or African American,2054-5,55 years,55,17,260391,Unreliable
,2014,2014,Male,M,Black or African American,2054-5,56 years,56,19,252155,Unreliable
,2014,2014,Male,M,Black or African American,2054-5,57 years,57,22,246658,8.9
,2014,2014,Male,M,Black or African American,2054-5,58 years,58,26,234713,11.1
,2014,2014,Male,M,Black or African American,2054-5,59 years,59,19,227841,Unreliable
,2014,2014,Male,M,Black or African American,2054-5,60 years,60,26,210386,12.4
,2014,2014,Male,M,Black or African American,2054-5,61 years,61,17,195256,Unreliable
,2014,2014,Male,M,Black or African American,2054-5,62 years,62,16,182931,Unreliable
,2014,2014,Male,M,Black or African American,2054-5,63 years,63,14,178794,Unreliable
,2014,2014,Male,M,Black or African American,2054-5,69 years,69,0,107981,Unreliable
,2014,2014,Male,M,Black or African American,2054-5,72 years,72,0,85246,Unreliable
,2014,2014,Male,M,Black or African American,2054-5,73 years,73,0,77727,Unreliable
,2014,2014,Male,M,Black or African American,2054-5,75 years,75,0,66737,Unreliable
,2014,2014,Male,M,Black or African American,2054-5,76 years,76,0,61692,Unreliable
,2014,2014,Male,M,Black or African American,2054-5,78 years,78,0,52627,Unreliable
,2014,2014,Male,M,Black or African American,2054-5,79 years,79,0,48182,Unreliable
,2014,2014,Male,M,Black or African American,2054-5,80 years,80,0,42004,Unreliable
,2014,2014,Male,M,Black or African American,2054-5,81 years,81,0,38371,Unreliable
,2014,2014,Male,M,Black or African American,2054-5,82 years,82,0,33607,Unreliable
,2014,2014,Male,M,Black or African American,2054-5,83 years,83,0,29518,Unreliable
,2014,2014,Male,M,Black or African American,2054-5,84 years,84,0,27583,Unreliable
,2014,2014,Male,M,Black or African American,2054-5,85 years,85,0,Not Applicable,Not Applicable
,2014,2014,Male,M,Black or African American,2054-5,86 years,86,0,Not Applicable,Not Applicable
,2014,2014,Male,M,Black or African American,2054-5,87 years,87,0,Not Applicable,Not Applicable
,2014,2014,Male,M,Black or African American,2054-5,88 years,88,0,Not Applicable,Not Applicable
,2014,2014,Male,M,Black or African American,2054-5,89 years,89,0,Not Applicable,Not Applicable
,2014,2014,Male,M,Black or African American,2054-5,90 years,90,0,Not Applicable,Not Applicable
,2014,2014,Male,M,Black or African American,2054-5,91 years,91,0,Not Applicable,Not Applicable
,2014,2014,Male,M,Black or African American,2054-5,93 years,93,0,Not Applicable,Not Applicable
,2014,2014,Male,M,Black or African American,2054-5,94 years,94,0,Not Applicable,Not Applicable
,2014,2014,Male,M,Black or African American,2054-5,95 years,95,0,Not Applicable,Not Applicable
,2014,2014,Male,M,Black or African American,2054-5,96 years,96,0,Not Applicable,Not Applicable
,2014,2014,Male,M,Black or African American,2054-5,97 years,97,0,Not Applicable,Not Applicable
,2014,2014,Male,M,Black or African American,2054-5,98 years,98,0,Not Applicable,Not Applicable
,2014,2014,Male,M,Black or African American,2054-5,99 years,99,0,Not Applicable,Not Applicable
,2014,2014,Male,M,Black or African American,2054-5,100+ years,100,0,Not Applicable,Not Applicable
,2014,2014,Male,M,Black or African American,2054-5,Not Stated,NS,0,Not Applicable,Not Applicable
,2014,2014,Male,M,White,2106-3,5 years,5,0,1533071,Unreliable
,2014,2014,Male,M,White,2106-3,6 years,6,0,1583896,Unreliable
,2014,2014,Male,M,White,2106-3,7 years,7,0,1597264,Unreliable
,2014,2014,Male,M,White,2106-3,8 years,8,0,1593248,Unreliable
,2014,2014,Male,M,White,2106-3,10 years,10,0,1598307,Unreliable
,2014,2014,Male,M,White,2106-3,12 years,12,0,1579836,Unreliable
,2014,2014,Male,M,White,2106-3,16 years,16,11,1622615,Unreliable
,2014,2014,Male,M,White,2106-3,17 years,17,15,1629153,Unreliable
,2014,2014,Male,M,White,2106-3,18 years,18,50,1650468,3
,2014,2014,Male,M,White,2106-3,19 years,19,79,1683999,4.7
,2014,2014,Male,M,White,2106-3,20 years,20,89,1711466,5.2
,2014,2014,Male,M,White,2106-3,21 years,21,127,1736166,7.3
,2014,2014,Male,M,White,2106-3,22 years,22,155,1778458,8.7
,2014,2014,Male,M,White,2106-3,23 years,23,182,1800065,10.1
,2014,2014,Male,M,White,2106-3,24 years,24,198,1798493,11
,2014,2014,Male,M,White,2106-3,25 years,25,201,1732880,11.6
,2014,2014,Male,M,White,2106-3,26 years,26,237,1705596,13.9
,2014,2014,Male,M,White,2106-3,27 years,27,234,1686202,13.9
,2014,2014,Male,M,White,2106-3,28 years,28,223,1699018,13.1
,2014,2014,Male,M,White,2106-3,29 years,29,243,1711892,14.2
,2014,2014,Male,M,White,2106-3,30 years,30,242,1652432,14.6
,2014,2014,Male,M,White,2106-3,31 years,31,278,1679120,16.6
,2014,2014,Male,M,White,2106-3,32 years,32,257,1678168,15.3
,2014,2014,Male,M,White,2106-3,33 years,33,281,1663411,16.9
,2014,2014,Male,M,White,2106-3,34 years,34,277,1697817,16.3
,2014,2014,Male,M,White,2106-3,35 years,35,261,1587350,16.4
,2014,2014,Male,M,White,2106-3,36 years,36,243,1560413,15.6
,2014,2014,Male,M,White,2106-3,37 years,37,231,1540051,15
,2014,2014,Male,M,White,2106-3,38 years,38,194,1493533,13
,2014,2014,Male,M,White,2106-3,39 years,39,224,1545242,14.5
,2014,2014,Male,M,White,2106-3,40 years,40,173,1491256,11.6
,2014,2014,Male,M,White,2106-3,41 years,41,206,1508326,13.7
,2014,2014,Male,M,White,2106-3,42 years,42,219,1590536,13.8
,2014,2014,Male,M,White,2106-3,43 years,43,208,1698803,12.2
,2014,2014,Male,M,White,2106-3,44 years,44,240,1731384,13.9
,2014,2014,Male,M,White,2106-3,45 years,45,227,1645962,13.8
,2014,2014,Male,M,White,2106-3,46 years,46,222,1608109,13.8
,2014,2014,Male,M,White,2106-3,47 years,47,254,1616559,15.7
,2014,2014,Male,M,White,2106-3,48 years,48,237,1643522,14.4
,2014,2014,Male,M,White,2106-3,49 years,49,247,1748498,14.1
,2014,2014,Male,M,White,2106-3,50 years,50,244,1783827,13.7
,2014,2014,Male,M,White,2106-3,51 years,51,247,1783196,13.9
,2014,2014,Male,M,White,2106-3,52 years,52,231,1790806,12.9
,2014,2014,Male,M,White,2106-3,53 years,53,273,1816753,15
,2014,2014,Male,M,White,2106-3,54 years,54,242,1827756,13.2
,2014,2014,Male,M,White,2106-3,55 years,55,245,1768053,13.9
,2014,2014,Male,M,White,2106-3,56 years,56,260,1759887,14.8
,2014,2014,Male,M,White,2106-3,57 years,57,205,1739156,11.8
,2014,2014,Male,M,White,2106-3,58 years,58,178,1672326,10.6
,2014,2014,Male,M,White,2106-3,59 years,59,178,1660588,10.7
,2014,2014,Male,M,White,2106-3,60 years,60,132,1593560,8.3
,2014,2014,Male,M,White,2106-3,61 years,61,119,1536931,7.7
,2014,2014,Male,M,White,2106-3,62 years,62,112,1482457,7.6
,2014,2014,Male,M,White,2106-3,63 years,63,74,1429360,5.2
,2014,2014,Male,M,White,2106-3,64 years,64,75,1391427,5.4
,2014,2014,Male,M,White,2106-3,65 years,65,59,1359683,4.3
,2014,2014,Male,M,White,2106-3,66 years,66,62,1355511,4.6
,2014,2014,Male,M,White,2106-3,67 years,67,33,1433668,2.3
,2014,2014,Male,M,White,2106-3,68 years,68,24,1033779,2.3
,2014,2014,Male,M,White,2106-3,69 years,69,11,1015092,Unreliable
,2014,2014,Male,M,White,2106-3,70 years,70,17,989681,Unreliable
,2014,2014,Male,M,White,2106-3,71 years,71,33,1017830,3.2
,2014,2014,Male,M,White,2106-3,72 years,72,16,873713,Unreliable
,2014,2014,Male,M,White,2106-3,73 years,73,12,787273,Unreliable
,2014,2014,Male,M,White,2106-3,82 years,82,0,422202,Unreliable
,2014,2014,Male,M,White,2106-3,86 years,86,0,Not Applicable,Not Applicable
,2014,2014,Male,M,White,2106-3,94 years,94,0,Not Applicable,Not Applicable
,2014,2014,Male,M,White,2106-3,95 years,95,0,Not Applicable,Not Applicable
,2014,2014,Male,M,White,2106-3,96 years,96,0,Not Applicable,Not Applicable
,2014,2014,Male,M,White,2106-3,97 years,97,0,Not Applicable,Not Applicable
,2014,2014,Male,M,White,2106-3,98 years,98,0,Not Applicable,Not Applicable
,2014,2014,Male,M,White,2106-3,99 years,99,0,Not Applicable,Not Applicable
,2014,2014,Male,M,White,2106-3,100+ years,100,0,Not Applicable,Not Applicable
,2015,2015,Female,F,American Indian or Alaska Native,1002-5,< 1 year,0,0,38745,Unreliable
,2015,2015,Female,F,American Indian or Alaska Native,1002-5,1 year,1,0,38258,Unreliable
,2015,2015,Female,F,American Indian or Alaska Native,1002-5,2 years,2,0,37506,Unreliable
,2015,2015,Female,F,American Indian or Alaska Native,1002-5,3 years,3,0,37994,Unreliable
,2015,2015,Female,F,American Indian or Alaska Native,1002-5,4 years,4,0,37309,Unreliable
,2015,2015,Female,F,American Indian or Alaska Native,1002-5,5 years,5,0,38298,Unreliable
,2015,2015,Female,F,American Indian or Alaska Native,1002-5,6 years,6,0,37955,Unreliable
,2015,2015,Female,F,American Indian or Alaska Native,1002-5,7 years,7,0,39143,Unreliable
,2015,2015,Female,F,American Indian or Alaska Native,1002-5,8 years,8,0,39265,Unreliable
,2015,2015,Female,F,American Indian or Alaska Native,1002-5,9 years,9,0,38539,Unreliable
,2015,2015,Female,F,American Indian or Alaska Native,1002-5,10 years,10,0,38522,Unreliable
,2015,2015,Female,F,American Indian or Alaska Native,1002-5,11 years,11,0,37652,Unreliable
,2015,2015,Female,F,American Indian or Alaska Native,1002-5,12 years,12,0,36979,Unreliable
,2015,2015,Female,F,American Indian or Alaska Native,1002-5,13 years,13,0,36627,Unreliable
,2015,2015,Female,F,American Indian or Alaska Native,1002-5,14 years,14,0,37035,Unreliable
,2015,2015,Female,F,American Indian or Alaska Native,1002-5,15 years,15,0,37656,Unreliable
,2015,2015,Female,F,American Indian or Alaska Native,1002-5,16 years,16,0,36903,Unreliable
,2015,2015,Female,F,American Indian or Alaska Native,1002-5,17 years,17,0,36897,Unreliable
,2015,2015,Female,F,American Indian or Alaska Native,1002-5,18 years,18,0,36442,Unreliable
,2015,2015,Female,F,American Indian or Alaska Native,1002-5,19 years,19,0,36130,Unreliable
,2015,2015,Female,F,American Indian or Alaska Native,1002-5,20 years,20,0,36857,Unreliable
,2015,2015,Female,F,American Indian or Alaska Native,1002-5,22 years,22,0,38587,Unreliable
,2015,2015,Female,F,American Indian or Alaska Native,1002-5,23 years,23,0,39413,Unreliable
,2015,2015,Female,F,American Indian or Alaska Native,1002-5,29 years,29,0,33540,Unreliable
,2015,2015,Female,F,American Indian or Alaska Native,1002-5,40 years,40,0,29051,Unreliable
,2015,2015,Female,F,American Indian or Alaska Native,1002-5,54 years,54,0,27718,Unreliable
,2015,2015,Female,F,American Indian or Alaska Native,1002-5,61 years,61,0,21040,Unreliable
,2015,2015,Female,F,American Indian or Alaska Native,1002-5,62 years,62,0,19668,Unreliable
,2015,2015,Female,F,American Indian or Alaska Native,1002-5,64 years,64,0,17675,Unreliable
,2015,2015,Female,F,American Indian or Alaska Native,1002-5,65 years,65,0,16901,Unreliable
,2015,2015,Female,F,American Indian or Alaska Native,1002-5,66 years,66,0,15782,Unreliable
,2015,2015,Female,F,American Indian or Alaska Native,1002-5,67 years,67,0,15012,Unreliable
,2015,2015,Female,F,American Indian or Alaska Native,1002-5,68 years,68,0,14653,Unreliable
,2015,2015,Female,F,American Indian or Alaska Native,1002-5,69 years,69,0,11530,Unreliable
,2015,2015,Female,F,American Indian or Alaska Native,1002-5,70 years,70,0,11106,Unreliable
,2015,2015,Female,F,American Indian or Alaska Native,1002-5,71 years,71,0,10403,Unreliable
,2015,2015,Female,F,American Indian or Alaska Native,1002-5,72 years,72,0,9864,Unreliable
,2015,2015,Female,F,American Indian or Alaska Native,1002-5,73 years,73,0,8717,Unreliable
,2015,2015,Female,F,American Indian or Alaska Native,1002-5,75 years,75,0,7642,Unreliable
,2015,2015,Female,F,American Indian or Alaska Native,1002-5,76 years,76,0,6834,Unreliable
,2015,2015,Female,F,American Indian or Alaska Native,1002-5,77 years,77,0,6520,Unreliable
,2015,2015,Female,F,American Indian or Alaska Native,1002-5,78 years,78,0,5787,Unreliable
,2015,2015,Female,F,American Indian or Alaska Native,1002-5,79 years,79,0,5455,Unreliable
,2015,2015,Female,F,American Indian or Alaska Native,1002-5,80 years,80,0,5121,Unreliable
,2015,2015,Female,F,American Indian or Alaska Native,1002-5,81 years,81,0,4328,Unreliable
,2015,2015,Female,F,American Indian or Alaska Native,1002-5,82 years,82,0,4097,Unreliable
,2015,2015,Female,F,American Indian or Alaska Native,1002-5,83 years,83,0,3717,Unreliable
,2015,2015,Female,F,American Indian or Alaska Native,1002-5,84 years,84,0,3342,Unreliable
,2015,2015,Female,F,American Indian or Alaska Native,1002-5,85 years,85,0,Not Applicable,Not Applicable
,2015,2015,Female,F,American Indian or Alaska Native,1002-5,86 years,86,0,Not Applicable,Not Applicable
,2015,2015,Female,F,American Indian or Alaska Native,1002-5,87 years,87,0,Not Applicable,Not Applicable
,2015,2015,Female,F,American Indian or Alaska Native,1002-5,88 years,88,0,Not Applicable,Not Applicable
,2015,2015,Female,F,American Indian or Alaska Native,1002-5,89 years,89,0,Not Applicable,Not Applicable
,2015,2015,Female,F,American Indian or Alaska Native,1002-5,90 years,90,0,Not Applicable,Not Applicable
,2015,2015,Female,F,American Indian or Alaska Native,1002-5,91 years,91,0,Not Applicable,Not Applicable
,2015,2015,Female,F,American Indian or Alaska Native,1002-5,92 years,92,0,Not Applicable,Not Applicable
,2015,2015,Female,F,American Indian or Alaska Native,1002-5,93 years,93,0,Not Applicable,Not Applicable
,2015,2015,Female,F,American Indian or Alaska Native,1002-5,94 years,94,0,Not Applicable,Not Applicable
,2015,2015,Female,F,American Indian or Alaska Native,1002-5,95 years,95,0,Not Applicable,Not Applicable
,2015,2015,Female,F,American Indian or Alaska Native,1002-5,96 years,96,0,Not Applicable,Not Applicable
,2015,2015,Female,F,American Indian or Alaska Native,1002-5,97 years,97,0,Not Applicable,Not Applicable
,2015,2015,Female,F,American Indian or Alaska Native,1002-5,98 years,98,0,Not Applicable,Not Applicable
,2015,2015,Female,F,American Indian or Alaska Native,1002-5,99 years,99,0,Not Applicable,Not Applicable
,2015,2015,Female,F,American Indian or Alaska Native,1002-5,100+ years,100,0,Not Applicable,Not Applicable
,2015,2015,Female,F,American Indian or Alaska Native,1002-5,Not Stated,NS,0,Not Applicable,Not Applicable
,2015,2015,Female,F,Asian or Pacific Islander,A-PI,< 1 year,0,0,118402,Unreliable
,2015,2015,Female,F,Asian or Pacific Islander,A-PI,1 year,1,0,120567,Unreliable
,2015,2015,Female,F,Asian or Pacific Islander,A-PI,2 years,2,0,126877,Unreliable
,2015,2015,Female,F,Asian or Pacific Islander,A-PI,3 years,3,0,123822,Unreliable
,2015,2015,Female,F,Asian or Pacific Islander,A-PI,4 years,4,0,121835,Unreliable
,2015,2015,Female,F,Asian or Pacific Islander,A-PI,5 years,5,0,124360,Unreliable
,2015,2015,Female,F,Asian or Pacific Islander,A-PI,6 years,6,0,123504,Unreliable
,2015,2015,Female,F,Asian or Pacific Islander,A-PI,8 years,8,0,126072,Unreliable
,2015,2015,Female,F,Asian or Pacific Islander,A-PI,9 years,9,0,125548,Unreliable
,2015,2015,Female,F,Asian or Pacific Islander,A-PI,10 years,10,0,128252,Unreliable
,2015,2015,Female,F,Asian or Pacific Islander,A-PI,11 years,11,0,128553,Unreliable
,2015,2015,Female,F,Asian or Pacific Islander,A-PI,12 years,12,0,127501,Unreliable
,2015,2015,Female,F,Asian or Pacific Islander,A-PI,13 years,13,0,121912,Unreliable
,2015,2015,Female,F,Asian or Pacific Islander,A-PI,14 years,14,0,125127,Unreliable
,2015,2015,Female,F,Asian or Pacific Islander,A-PI,15 years,15,0,123246,Unreliable
,2015,2015,Female,F,Asian or Pacific Islander,A-PI,16 years,16,0,118805,Unreliable
,2015,2015,Female,F,Asian or Pacific Islander,A-PI,17 years,17,0,122160,Unreliable
,2015,2015,Female,F,Asian or Pacific Islander,A-PI,18 years,18,0,126423,Unreliable
,2015,2015,Female,F,Asian or Pacific Islander,A-PI,21 years,21,0,138051,Unreliable
,2015,2015,Female,F,Asian or Pacific Islander,A-PI,22 years,22,0,143349,Unreliable
,2015,2015,Female,F,Asian or Pacific Islander,A-PI,24 years,24,0,166317,Unreliable
,2015,2015,Female,F,Asian or Pacific Islander,A-PI,25 years,25,0,173127,Unreliable
,2015,2015,Female,F,Asian or Pacific Islander,A-PI,26 years,26,0,176802,Unreliable
,2015,2015,Female,F,Asian or Pacific Islander,A-PI,27 years,27,0,174618,Unreliable
,2015,2015,Female,F,Asian or Pacific Islander,A-PI,29 years,29,0,175255,Unreliable
,2015,2015,Female,F,Asian or Pacific Islander,A-PI,31 years,31,0,178785,Unreliable
,2015,2015,Female,F,Asian or Pacific Islander,A-PI,36 years,36,0,170915,Unreliable
,2015,2015,Female,F,Asian or Pacific Islander,A-PI,38 years,38,0,166901,Unreliable
,2015,2015,Female,F,Asian or Pacific Islander,A-PI,41 years,41,0,166343,Unreliable
,2015,2015,Female,F,Asian or Pacific Islander,A-PI,46 years,46,0,154171,Unreliable
,2015,2015,Female,F,Asian or Pacific Islander,A-PI,48 years,48,0,136453,Unreliable
,2015,2015,Female,F,Asian or Pacific Islander,A-PI,49 years,49,0,137367,Unreliable
,2015,2015,Female,F,Asian or Pacific Islander,A-PI,50 years,50,0,139592,Unreliable
,2015,2015,Female,F,Asian or Pacific Islander,A-PI,51 years,51,0,141632,Unreliable
,2015,2015,Female,F,Asian or Pacific Islander,A-PI,53 years,53,0,128639,Unreliable
,2015,2015,Female,F,Asian or Pacific Islander,A-PI,55 years,55,0,132707,Unreliable
,2015,2015,Female,F,Asian or Pacific Islander,A-PI,56 years,56,0,123932,Unreliable
,2015,2015,Female,F,Asian or Pacific Islander,A-PI,60 years,60,0,118886,Unreliable
,2015,2015,Female,F,Asian or Pacific Islander,A-PI,61 years,61,0,111263,Unreliable
,2015,2015,Female,F,Asian or Pacific Islander,A-PI,62 years,62,0,106487,Unreliable
,2015,2015,Female,F,Asian or Pacific Islander,A-PI,63 years,63,0,101202,Unreliable
,2015,2015,Female,F,Asian or Pacific Islander,A-PI,64 years,64,0,97777,Unreliable
,2015,2015,Female,F,Asian or Pacific Islander,A-PI,66 years,66,0,93026,Unreliable
,2015,2015,Female,F,Asian or Pacific Islander,A-PI,67 years,67,0,87717,Unreliable
,2015,2015,Female,F,Asian or Pacific Islander,A-PI,69 years,69,0,69720,Unreliable
,2015,2015,Female,F,Asian or Pacific Islander,A-PI,70 years,70,0,67461,Unreliable
,2015,2015,Female,F,Asian or Pacific Islander,A-PI,71 years,71,0,61947,Unreliable
,2015,2015,Female,F,Asian or Pacific Islander,A-PI,72 years,72,0,56906,Unreliable
,2015,2015,Female,F,Asian or Pacific Islander,A-PI,73 years,73,0,54851,Unreliable
,2015,2015,Female,F,Asian or Pacific Islander,A-PI,74 years,74,0,50523,Unreliable
,2015,2015,Female,F,Asian or Pacific Islander,A-PI,75 years,75,0,48615,Unreliable
,2015,2015,Female,F,Asian or Pacific Islander,A-PI,76 years,76,0,43454,Unreliable
,2015,2015,Female,F,Asian or Pacific Islander,A-PI,78 years,78,0,38261,Unreliable
,2015,2015,Female,F,Asian or Pacific Islander,A-PI,79 years,79,0,35751,Unreliable
,2015,2015,Female,F,Asian or Pacific Islander,A-PI,80 years,80,0,33446,Unreliable
,2015,2015,Female,F,Asian or Pacific Islander,A-PI,81 years,81,0,30047,Unreliable
,2015,2015,Female,F,Asian or Pacific Islander,A-PI,82 years,82,0,29054,Unreliable
,2015,2015,Female,F,Asian or Pacific Islander,A-PI,83 years,83,0,26136,Unreliable
,2015,2015,Female,F,Asian or Pacific Islander,A-PI,85 years,85,0,Not Applicable,Not Applicable
,2015,2015,Female,F,Asian or Pacific Islander,A-PI,86 years,86,0,Not Applicable,Not Applicable
,2015,2015,Female,F,Asian or Pacific Islander,A-PI,87 years,87,0,Not Applicable,Not Applicable
,2015,2015,Female,F,Asian or Pacific Islander,A-PI,88 years,88,0,Not Applicable,Not Applicable
,2015,2015,Female,F,Asian or Pacific Islander,A-PI,89 years,89,0,Not Applicable,Not Applicable
,2015,2015,Female,F,Asian or Pacific Islander,A-PI,90 years,90,0,Not Applicable,Not Applicable
,2015,2015,Female,F,Asian or Pacific Islander,A-PI,91 years,91,0,Not Applicable,Not Applicable
,2015,2015,Female,F,Asian or Pacific Islander,A-PI,92 years,92,0,Not Applicable,Not Applicable
,2015,2015,Female,F,Asian or Pacific Islander,A-PI,93 years,93,0,Not Applicable,Not Applicable
,2015,2015,Female,F,Asian or Pacific Islander,A-PI,94 years,94,0,Not Applicable,Not Applicable
,2015,2015,Female,F,Asian or Pacific Islander,A-PI,95 years,95,0,Not Applicable,Not Applicable
,2015,2015,Female,F,Asian or Pacific Islander,A-PI,96 years,96,0,Not Applicable,Not Applicable
,2015,2015,Female,F,Asian or Pacific Islander,A-PI,97 years,97,0,Not Applicable,Not Applicable
,2015,2015,Female,F,Asian or Pacific Islander,A-PI,98 years,98,0,Not Applicable,Not Applicable
,2015,2015,Female,F,Asian or Pacific Islander,A-PI,99 years,99,0,Not Applicable,Not Applicable
,2015,2015,Female,F,Asian or Pacific Islander,A-PI,100+ years,100,0,Not Applicable,Not Applicable
,2015,2015,Female,F,Asian or Pacific Islander,A-PI,Not Stated,NS,0,Not Applicable,Not Applicable
,2015,2015,Female,F,Black or African American,2054-5,3 years,3,0,332081,Unreliable
,2015,2015,Female,F,Black or African American,2054-5,5 years,5,0,334136,Unreliable
,2015,2015,Female,F,Black or African American,2054-5,6 years,6,0,336998,Unreliable
,2015,2015,Female,F,Black or African American,2054-5,8 years,8,0,344596,Unreliable
,2015,2015,Female,F,Black or African American,2054-5,9 years,9,0,336667,Unreliable
,2015,2015,Female,F,Black or African American,2054-5,10 years,10,0,330148,Unreliable
,2015,2015,Female,F,Black or African American,2054-5,11 years,11,0,327390,Unreliable
,2015,2015,Female,F,Black or African American,2054-5,12 years,12,0,324626,Unreliable
,2015,2015,Female,F,Black or African American,2054-5,13 years,13,0,329000,Unreliable
,2015,2015,Female,F,Black or African American,2054-5,14 years,14,0,338883,Unreliable
,2015,2015,Female,F,Black or African American,2054-5,28 years,28,13,334424,Unreliable
,2015,2015,Female,F,Black or African American,2054-5,29 years,29,13,329787,Unreliable
,2015,2015,Female,F,Black or African American,2054-5,32 years,32,13,321951,Unreliable
,2015,2015,Female,F,Black or African American,2054-5,33 years,33,16,322764,Unreliable
,2015,2015,Female,F,Black or African American,2054-5,34 years,34,12,320961,Unreliable
,2015,2015,Female,F,Black or African American,2054-5,35 years,35,13,332372,Unreliable
,2015,2015,Female,F,Black or African American,2054-5,36 years,36,13,311746,Unreliable
,2015,2015,Female,F,Black or African American,2054-5,37 years,37,17,300852,Unreliable
,2015,2015,Female,F,Black or African American,2054-5,38 years,38,12,298082,Unreliable
,2015,2015,Female,F,Black or African American,2054-5,40 years,40,13,292797,Unreliable
,2015,2015,Female,F,Black or African American,2054-5,41 years,41,14,283596,Unreliable
,2015,2015,Female,F,Black or African American,2054-5,42 years,42,17,291833,Unreliable
,2015,2015,Female,F,Black or African American,2054-5,43 years,43,20,301013,6.6
,2015,2015,Female,F,Black or African American,2054-5,44 years,44,18,314548,Unreliable
,2015,2015,Female,F,Black or African American,2054-5,45 years,45,21,311269,6.7
,2015,2015,Female,F,Black or African American,2054-5,46 years,46,12,288931,Unreliable
,2015,2015,Female,F,Black or African American,2054-5,47 years,47,17,290135,Unreliable
,2015,2015,Female,F,Black or African American,2054-5,48 years,48,19,290120,Unreliable
,2015,2015,Female,F,Black or African American,2054-5,49 years,49,24,299552,8
,2015,2015,Female,F,Black or African American,2054-5,50 years,50,21,313485,6.7
,2015,2015,Female,F,Black or African American,2054-5,51 years,51,23,311878,7.4
,2015,2015,Female,F,Black or African American,2054-5,52 years,52,19,307492,Unreliable
,2015,2015,Female,F,Black or African American,2054-5,53 years,53,31,304064,10.2
,2015,2015,Female,F,Black or African American,2054-5,54 years,54,22,304791,7.2
,2015,2015,Female,F,Black or African American,2054-5,55 years,55,21,310812,6.8
,2015,2015,Female,F,Black or African American,2054-5,56 years,56,20,297266,6.7
,2015,2015,Female,F,Black or African American,2054-5,57 years,57,20,287975,6.9
,2015,2015,Female,F,Black or African American,2054-5,58 years,58,21,286261,7.3
,2015,2015,Female,F,Black or African American,2054-5,59 years,59,11,274313,Unreliable
,2015,2015,Female,F,Black or African American,2054-5,60 years,60,13,266607,Unreliable
,2015,2015,Female,F,Black or African American,2054-5,62 years,62,17,235406,Unreliable
,2015,2015,Female,F,Black or African American,2054-5,63 years,63,10,223337,Unreliable
,2015,2015,Female,F,Black or African American,2054-5,70 years,70,0,141019,Unreliable
,2015,2015,Female,F,Black or African American,2054-5,72 years,72,0,129249,Unreliable
,2015,2015,Female,F,Black or African American,2054-5,73 years,73,0,115174,Unreliable
,2015,2015,Female,F,Black or African American,2054-5,74 years,74,0,108456,Unreliable
,2015,2015,Female,F,Black or African American,2054-5,76 years,76,0,93362,Unreliable
,2015,2015,Female,F,Black or African American,2054-5,77 years,77,0,89476,Unreliable
,2015,2015,Female,F,Black or African American,2054-5,78 years,78,0,82497,Unreliable
,2015,2015,Female,F,Black or African American,2054-5,80 years,80,0,74799,Unreliable
,2015,2015,Female,F,Black or African American,2054-5,81 years,81,0,66882,Unreliable
,2015,2015,Female,F,Black or African American,2054-5,82 years,82,0,62882,Unreliable
,2015,2015,Female,F,Black or African American,2054-5,83 years,83,0,57104,Unreliable
,2015,2015,Female,F,Black or African American,2054-5,84 years,84,0,51819,Unreliable
,2015,2015,Female,F,Black or African American,2054-5,85 years,85,0,Not Applicable,Not Applicable
,2015,2015,Female,F,Black or African American,2054-5,86 years,86,0,Not Applicable,Not Applicable
,2015,2015,Female,F,Black or African American,2054-5,87 years,87,0,Not Applicable,Not Applicable
,2015,2015,Female,F,Black or African American,2054-5,88 years,88,0,Not Applicable,Not Applicable
,2015,2015,Female,F,Black or African American,2054-5,89 years,89,0,Not Applicable,Not Applicable
,2015,2015,Female,F,Black or African American,2054-5,90 years,90,0,Not Applicable,Not Applicable
,2015,2015,Female,F,Black or African American,2054-5,92 years,92,0,Not Applicable,Not Applicable
,2015,2015,Female,F,Black or African American,2054-5,93 years,93,0,Not Applicable,Not Applicable
,2015,2015,Female,F,Black or African American,2054-5,94 years,94,0,Not Applicable,Not Applicable
,2015,2015,Female,F,Black or African American,2054-5,95 years,95,0,Not Applicable,Not Applicable
,2015,2015,Female,F,Black or African American,2054-5,96 years,96,0,Not Applicable,Not Applicable
,2015,2015,Female,F,Black or African American,2054-5,97 years,97,0,Not Applicable,Not Applicable
,2015,2015,Female,F,Black or African American,2054-5,99 years,99,0,Not Applicable,Not Applicable
,2015,2015,Female,F,Black or African American,2054-5,100+ years,100,0,Not Applicable,Not Applicable
,2015,2015,Female,F,Black or African American,2054-5,Not Stated,NS,0,Not Applicable,Not Applicable
,2015,2015,Female,F,White,2106-3,5 years,5,0,1470516,Unreliable
,2015,2015,Female,F,White,2106-3,7 years,7,0,1516798,Unreliable
,2015,2015,Female,F,White,2106-3,8 years,8,0,1529129,Unreliable
,2015,2015,Female,F,White,2106-3,9 years,9,0,1521132,Unreliable
,2015,2015,Female,F,White,2106-3,12 years,12,0,1521135,Unreliable
,2015,2015,Female,F,White,2106-3,17 years,17,13,1548978,Unreliable
,2015,2015,Female,F,White,2106-3,18 years,18,21,1557803,1.3
,2015,2015,Female,F,White,2106-3,19 years,19,31,1569103,2
,2015,2015,Female,F,White,2106-3,20 years,20,56,1595350,3.5
,2015,2015,Female,F,White,2106-3,21 years,21,49,1618067,3
,2015,2015,Female,F,White,2106-3,22 years,22,88,1635539,5.4
,2015,2015,Female,F,White,2106-3,23 years,23,86,1682009,5.1
,2015,2015,Female,F,White,2106-3,24 years,24,91,1718000,5.3
,2015,2015,Female,F,White,2106-3,25 years,25,102,1719522,5.9
,2015,2015,Female,F,White,2106-3,26 years,26,117,1652926,7.1
,2015,2015,Female,F,White,2106-3,27 years,27,109,1629250,6.7
,2015,2015,Female,F,White,2106-3,28 years,28,116,1608704,7.2
,2015,2015,Female,F,White,2106-3,29 years,29,148,1622997,9.1
,2015,2015,Female,F,White,2106-3,30 years,30,135,1642687,8.2
,2015,2015,Female,F,White,2106-3,31 years,31,142,1596830,8.9
,2015,2015,Female,F,White,2106-3,32 years,32,170,1625725,10.5
,2015,2015,Female,F,White,2106-3,33 years,33,167,1628767,10.3
,2015,2015,Female,F,White,2106-3,34 years,34,168,1616204,10.4
,2015,2015,Female,F,White,2106-3,35 years,35,183,1635561,11.2
,2015,2015,Female,F,White,2106-3,36 years,36,189,1542465,12.3
,2015,2015,Female,F,White,2106-3,37 years,37,183,1520494,12
,2015,2015,Female,F,White,2106-3,38 years,38,157,1508560,10.4
,2015,2015,Female,F,White,2106-3,39 years,39,161,1463926,11
,2015,2015,Female,F,White,2106-3,40 years,40,163,1509338,10.8
,2015,2015,Female,F,White,2106-3,41 years,41,176,1468349,12
,2015,2015,Female,F,White,2106-3,42 years,42,200,1494395,13.4
,2015,2015,Female,F,White,2106-3,43 years,43,180,1571842,11.5
,2015,2015,Female,F,White,2106-3,44 years,44,192,1679991,11.4
,2015,2015,Female,F,White,2106-3,45 years,45,225,1701949,13.2
,2015,2015,Female,F,White,2106-3,46 years,46,194,1625104,11.9
,2015,2015,Female,F,White,2106-3,47 years,47,183,1589868,11.5
,2015,2015,Female,F,White,2106-3,48 years,48,220,1609343,13.7
,2015,2015,Female,F,White,2106-3,49 years,49,198,1635709,12.1
,2015,2015,Female,F,White,2106-3,50 years,50,239,1745778,13.7
,2015,2015,Female,F,White,2106-3,51 years,51,273,1794984,15.2
,2015,2015,Female,F,White,2106-3,52 years,52,270,1803907,15
,2015,2015,Female,F,White,2106-3,53 years,53,246,1816525,13.5
,2015,2015,Female,F,White,2106-3,54 years,54,240,1850212,13
,2015,2015,Female,F,White,2106-3,55 years,55,256,1853588,13.8
,2015,2015,Female,F,White,2106-3,56 years,56,251,1808531,13.9
,2015,2015,Female,F,White,2106-3,57 years,57,198,1809602,10.9
,2015,2015,Female,F,White,2106-3,58 years,58,198,1797270,11
,2015,2015,Female,F,White,2106-3,59 years,59,173,1737389,10
,2015,2015,Female,F,White,2106-3,60 years,60,125,1730742,7.2
,2015,2015,Female,F,White,2106-3,61 years,61,120,1677033,7.2
,2015,2015,Female,F,White,2106-3,62 years,62,107,1624460,6.6
,2015,2015,Female,F,White,2106-3,63 years,63,98,1566945,6.3
,2015,2015,Female,F,White,2106-3,64 years,64,87,1520804,5.7
,2015,2015,Female,F,White,2106-3,65 years,65,76,1480558,5.1
,2015,2015,Female,F,White,2106-3,66 years,66,55,1453836,3.8
,2015,2015,Female,F,White,2106-3,67 years,67,57,1451156,3.9
,2015,2015,Female,F,White,2106-3,68 years,68,46,1538601,3
,2015,2015,Female,F,White,2106-3,69 years,69,29,1120961,2.6
,2015,2015,Female,F,White,2106-3,70 years,70,14,1110232,Unreliable
,2015,2015,Female,F,White,2106-3,71 years,71,15,1094432,Unreliable
,2015,2015,Female,F,White,2106-3,72 years,72,22,1132935,1.9
,2015,2015,Female,F,White,2106-3,73 years,73,11,983669,Unreliable
,2015,2015,Female,F,White,2106-3,74 years,74,12,900573,Unreliable
,2015,2015,Female,F,White,2106-3,75 years,75,13,849718,Unreliable
,2015,2015,Female,F,White,2106-3,77 years,77,13,773332,Unreliable
,2015,2015,Female,F,White,2106-3,96 years,96,0,Not Applicable,Not Applicable
,2015,2015,Female,F,White,2106-3,97 years,97,0,Not Applicable,Not Applicable
,2015,2015,Female,F,White,2106-3,100+ years,100,0,Not Applicable,Not Applicable
,2015,2015,Male,M,American Indian or Alaska Native,1002-5,< 1 year,0,0,40300,Unreliable
,2015,2015,Male,M,American Indian or Alaska Native,1002-5,1 year,1,0,39745,Unreliable
,2015,2015,Male,M,American Indian or Alaska Native,1002-5,3 years,3,0,39308,Unreliable
,2015,2015,Male,M,American Indian or Alaska Native,1002-5,4 years,4,0,38280,Unreliable
,2015,2015,Male,M,American Indian or Alaska Native,1002-5,5 years,5,0,38973,Unreliable
,2015,2015,Male,M,American Indian or Alaska Native,1002-5,6 years,6,0,38982,Unreliable
,2015,2015,Male,M,American Indian or Alaska Native,1002-5,7 years,7,0,40270,Unreliable
,2015,2015,Male,M,American Indian or Alaska Native,1002-5,8 years,8,0,40680,Unreliable
,2015,2015,Male,M,American Indian or Alaska Native,1002-5,9 years,9,0,39809,Unreliable
,2015,2015,Male,M,American Indian or Alaska Native,1002-5,10 years,10,0,39280,Unreliable
,2015,2015,Male,M,American Indian or Alaska Native,1002-5,11 years,11,0,38201,Unreliable
,2015,2015,Male,M,American Indian or Alaska Native,1002-5,12 years,12,0,37749,Unreliable
,2015,2015,Male,M,American Indian or Alaska Native,1002-5,13 years,13,0,37597,Unreliable
,2015,2015,Male,M,American Indian or Alaska Native,1002-5,14 years,14,0,37879,Unreliable
,2015,2015,Male,M,American Indian or Alaska Native,1002-5,15 years,15,0,39004,Unreliable
,2015,2015,Male,M,American Indian or Alaska Native,1002-5,16 years,16,0,37810,Unreliable
,2015,2015,Male,M,American Indian or Alaska Native,1002-5,17 years,17,0,37823,Unreliable
,2015,2015,Male,M,American Indian or Alaska Native,1002-5,20 years,20,0,38603,Unreliable
,2015,2015,Male,M,American Indian or Alaska Native,1002-5,22 years,22,0,40735,Unreliable
,2015,2015,Male,M,American Indian or Alaska Native,1002-5,55 years,55,0,26481,Unreliable
,2015,2015,Male,M,American Indian or Alaska Native,1002-5,66 years,66,0,14422,Unreliable
,2015,2015,Male,M,American Indian or Alaska Native,1002-5,68 years,68,0,13517,Unreliable
,2015,2015,Male,M,American Indian or Alaska Native,1002-5,69 years,69,0,10193,Unreliable
,2015,2015,Male,M,American Indian or Alaska Native,1002-5,70 years,70,0,9711,Unreliable
,2015,2015,Male,M,American Indian or Alaska Native,1002-5,72 years,72,0,8393,Unreliable
,2015,2015,Male,M,American Indian or Alaska Native,1002-5,73 years,73,0,7515,Unreliable
,2015,2015,Male,M,American Indian or Alaska Native,1002-5,74 years,74,0,6821,Unreliable
,2015,2015,Male,M,American Indian or Alaska Native,1002-5,75 years,75,0,6414,Unreliable
,2015,2015,Male,M,American Indian or Alaska Native,1002-5,76 years,76,0,5510,Unreliable
,2015,2015,Male,M,American Indian or Alaska Native,1002-5,77 years,77,0,5102,Unreliable
,2015,2015,Male,M,American Indian or Alaska Native,1002-5,78 years,78,0,4516,Unreliable
,2015,2015,Male,M,American Indian or Alaska Native,1002-5,79 years,79,0,4101,Unreliable
,2015,2015,Male,M,American Indian or Alaska Native,1002-5,80 years,80,0,3744,Unreliable
,2015,2015,Male,M,American Indian or Alaska Native,1002-5,81 years,81,0,3094,Unreliable
,2015,2015,Male,M,American Indian or Alaska Native,1002-5,82 years,82,0,2818,Unreliable
,2015,2015,Male,M,American Indian or Alaska Native,1002-5,83 years,83,0,2422,Unreliable
,2015,2015,Male,M,American Indian or Alaska Native,1002-5,84 years,84,0,2102,Unreliable
,2015,2015,Male,M,American Indian or Alaska Native,1002-5,85 years,85,0,Not Applicable,Not Applicable
,2015,2015,Male,M,American Indian or Alaska Native,1002-5,86 years,86,0,Not Applicable,Not Applicable
,2015,2015,Male,M,American Indian or Alaska Native,1002-5,87 years,87,0,Not Applicable,Not Applicable
,2015,2015,Male,M,American Indian or Alaska Native,1002-5,88 years,88,0,Not Applicable,Not Applicable
,2015,2015,Male,M,American Indian or Alaska Native,1002-5,89 years,89,0,Not Applicable,Not Applicable
,2015,2015,Male,M,American Indian or Alaska Native,1002-5,90 years,90,0,Not Applicable,Not Applicable
,2015,2015,Male,M,American Indian or Alaska Native,1002-5,91 years,91,0,Not Applicable,Not Applicable
,2015,2015,Male,M,American Indian or Alaska Native,1002-5,92 years,92,0,Not Applicable,Not Applicable
,2015,2015,Male,M,American Indian or Alaska Native,1002-5,93 years,93,0,Not Applicable,Not Applicable
,2015,2015,Male,M,American Indian or Alaska Native,1002-5,94 years,94,0,Not Applicable,Not Applicable
,2015,2015,Male,M,American Indian or Alaska Native,1002-5,95 years,95,0,Not Applicable,Not Applicable
,2015,2015,Male,M,American Indian or Alaska Native,1002-5,96 years,96,0,Not Applicable,Not Applicable
,2015,2015,Male,M,American Indian or Alaska Native,1002-5,97 years,97,0,Not Applicable,Not Applicable
,2015,2015,Male,M,American Indian or Alaska Native,1002-5,98 years,98,0,Not Applicable,Not Applicable
,2015,2015,Male,M,American Indian or Alaska Native,1002-5,99 years,99,0,Not Applicable,Not Applicable
,2015,2015,Male,M,American Indian or Alaska Native,1002-5,100+ years,100,0,Not Applicable,Not Applicable
,2015,2015,Male,M,American Indian or Alaska Native,1002-5,Not Stated,NS,0,Not Applicable,Not Applicable
,2015,2015,Male,M,Asian or Pacific Islander,A-PI,< 1 year,0,0,124482,Unreliable
,2015,2015,Male,M,Asian or Pacific Islander,A-PI,1 year,1,0,126905,Unreliable
,2015,2015,Male,M,Asian or Pacific Islander,A-PI,2 years,2,0,133389,Unreliable
,2015,2015,Male,M,Asian or Pacific Islander,A-PI,3 years,3,0,129092,Unreliable
,2015,2015,Male,M,Asian or Pacific Islander,A-PI,4 years,4,0,127558,Unreliable
,2015,2015,Male,M,Asian or Pacific Islander,A-PI,5 years,5,0,129471,Unreliable
,2015,2015,Male,M,Asian or Pacific Islander,A-PI,6 years,6,0,127926,Unreliable
,2015,2015,Male,M,Asian or Pacific Islander,A-PI,7 years,7,0,132522,Unreliable
,2015,2015,Male,M,Asian or Pacific Islander,A-PI,8 years,8,0,130822,Unreliable
,2015,2015,Male,M,Asian or Pacific Islander,A-PI,9 years,9,0,129091,Unreliable
,2015,2015,Male,M,Asian or Pacific Islander,A-PI,10 years,10,0,129821,Unreliable
,2015,2015,Male,M,Asian or Pacific Islander,A-PI,11 years,11,0,129408,Unreliable
,2015,2015,Male,M,Asian or Pacific Islander,A-PI,12 years,12,0,128376,Unreliable
,2015,2015,Male,M,Asian or Pacific Islander,A-PI,13 years,13,0,123208,Unreliable
,2015,2015,Male,M,Asian or Pacific Islander,A-PI,16 years,16,0,121872,Unreliable
,2015,2015,Male,M,Asian or Pacific Islander,A-PI,17 years,17,0,124795,Unreliable
,2015,2015,Male,M,Asian or Pacific Islander,A-PI,20 years,20,0,138094,Unreliable
,2015,2015,Male,M,Asian or Pacific Islander,A-PI,48 years,48,0,120665,Unreliable
,2015,2015,Male,M,Asian or Pacific Islander,A-PI,54 years,54,0,109849,Unreliable
,2015,2015,Male,M,Asian or Pacific Islander,A-PI,57 years,57,0,106007,Unreliable
,2015,2015,Male,M,Asian or Pacific Islander,A-PI,59 years,59,0,99702,Unreliable
,2015,2015,Male,M,Asian or Pacific Islander,A-PI,63 years,63,0,82163,Unreliable
,2015,2015,Male,M,Asian or Pacific Islander,A-PI,64 years,64,0,77959,Unreliable
,2015,2015,Male,M,Asian or Pacific Islander,A-PI,67 years,67,0,71003,Unreliable
,2015,2015,Male,M,Asian or Pacific Islander,A-PI,68 years,68,0,65981,Unreliable
,2015,2015,Male,M,Asian or Pacific Islander,A-PI,69 years,69,0,56745,Unreliable
,2015,2015,Male,M,Asian or Pacific Islander,A-PI,70 years,70,0,54334,Unreliable
,2015,2015,Male,M,Asian or Pacific Islander,A-PI,71 years,71,0,50230,Unreliable
,2015,2015,Male,M,Asian or Pacific Islander,A-PI,72 years,72,0,46837,Unreliable
,2015,2015,Male,M,Asian or Pacific Islander,A-PI,73 years,73,0,43950,Unreliable
,2015,2015,Male,M,Asian or Pacific Islander,A-PI,74 years,74,0,40726,Unreliable
,2015,2015,Male,M,Asian or Pacific Islander,A-PI,75 years,75,0,39618,Unreliable
,2015,2015,Male,M,Asian or Pacific Islander,A-PI,76 years,76,0,35575,Unreliable
,2015,2015,Male,M,Asian or Pacific Islander,A-PI,78 years,78,0,30126,Unreliable
,2015,2015,Male,M,Asian or Pacific Islander,A-PI,80 years,80,0,24974,Unreliable
,2015,2015,Male,M,Asian or Pacific Islander,A-PI,81 years,81,0,21995,Unreliable
,2015,2015,Male,M,Asian or Pacific Islander,A-PI,82 years,82,0,20003,Unreliable
,2015,2015,Male,M,Asian or Pacific Islander,A-PI,84 years,84,0,15880,Unreliable
,2015,2015,Male,M,Asian or Pacific Islander,A-PI,85 years,85,0,Not Applicable,Not Applicable
,2015,2015,Male,M,Asian or Pacific Islander,A-PI,86 years,86,0,Not Applicable,Not Applicable
,2015,2015,Male,M,Asian or Pacific Islander,A-PI,88 years,88,0,Not Applicable,Not Applicable
,2015,2015,Male,M,Asian or Pacific Islander,A-PI,89 years,89,0,Not Applicable,Not Applicable
,2015,2015,Male,M,Asian or Pacific Islander,A-PI,90 years,90,0,Not Applicable,Not Applicable
,2015,2015,Male,M,Asian or Pacific Islander,A-PI,91 years,91,0,Not Applicable,Not Applicable
,2015,2015,Male,M,Asian or Pacific Islander,A-PI,92 years,92,0,Not Applicable,Not Applicable
,2015,2015,Male,M,Asian or Pacific Islander,A-PI,93 years,93,0,Not Applicable,Not Applicable
,2015,2015,Male,M,Asian or Pacific Islander,A-PI,94 years,94,0,Not Applicable,Not Applicable
,2015,2015,Male,M,Asian or Pacific Islander,A-PI,95 years,95,0,Not Applicable,Not Applicable
,2015,2015,Male,M,Asian or Pacific Islander,A-PI,96 years,96,0,Not Applicable,Not Applicable
,2015,2015,Male,M,Asian or Pacific Islander,A-PI,97 years,97,0,Not Applicable,Not Applicable
,2015,2015,Male,M,Asian or Pacific Islander,A-PI,98 years,98,0,Not Applicable,Not Applicable
,2015,2015,Male,M,Asian or Pacific Islander,A-PI,99 years,99,0,Not Applicable,Not Applicable
,2015,2015,Male,M,Asian or Pacific Islander,A-PI,100+ years,100,0,Not Applicable,Not Applicable
,2015,2015,Male,M,Asian or Pacific Islander,A-PI,Not Stated,NS,0,Not Applicable,Not Applicable
,2015,2015,Male,M,Black or African American,2054-5,3 years,3,0,344760,Unreliable
,2015,2015,Male,M,Black or African American,2054-5,4 years,4,0,346434,Unreliable
,2015,2015,Male,M,Black or African American,2054-5,6 years,6,0,347503,Unreliable
,2015,2015,Male,M,Black or African American,2054-5,7 years,7,0,357485,Unreliable
,2015,2015,Male,M,Black or African American,2054-5,9 years,9,0,346483,Unreliable
,2015,2015,Male,M,Black or African American,2054-5,10 years,10,0,341149,Unreliable
,2015,2015,Male,M,Black or African American,2054-5,11 years,11,0,337604,Unreliable
,2015,2015,Male,M,Black or African American,2054-5,13 years,13,0,338617,Unreliable
,2015,2015,Male,M,Black or African American,2054-5,14 years,14,0,350405,Unreliable
,2015,2015,Male,M,Black or African American,2054-5,19 years,19,10,352330,Unreliable
,2015,2015,Male,M,Black or African American,2054-5,20 years,20,17,370683,Unreliable
,2015,2015,Male,M,Black or African American,2054-5,21 years,21,13,386209,Unreliable
,2015,2015,Male,M,Black or African American,2054-5,23 years,23,16,402143,Unreliable
,2015,2015,Male,M,Black or African American,2054-5,24 years,24,18,401613,Unreliable
,2015,2015,Male,M,Black or African American,2054-5,25 years,25,17,390933,Unreliable
,2015,2015,Male,M,Black or African American,2054-5,26 years,26,20,362823,5.5
,2015,2015,Male,M,Black or African American,2054-5,27 years,27,16,338685,Unreliable
,2015,2015,Male,M,Black or African American,2054-5,28 years,28,18,322994,Unreliable
,2015,2015,Male,M,Black or African American,2054-5,29 years,29,26,315220,8.2
,2015,2015,Male,M,Black or African American,2054-5,30 years,30,26,312066,8.3
,2015,2015,Male,M,Black or African American,2054-5,31 years,31,19,295870,Unreliable
,2015,2015,Male,M,Black or African American,2054-5,32 years,32,19,298165,Unreliable
,2015,2015,Male,M,Black or African American,2054-5,33 years,33,19,295837,Unreliable
,2015,2015,Male,M,Black or African American,2054-5,34 years,34,25,292192,8.6
,2015,2015,Male,M,Black or African American,2054-5,35 years,35,23,304600,7.6
,2015,2015,Male,M,Black or African American,2054-5,36 years,36,13,281276,Unreliable
,2015,2015,Male,M,Black or African American,2054-5,37 years,37,24,270822,8.9
,2015,2015,Male,M,Black or African American,2054-5,38 years,38,24,265738,9
,2015,2015,Male,M,Black or African American,2054-5,39 years,39,22,255470,8.6
,2015,2015,Male,M,Black or African American,2054-5,40 years,40,17,261867,Unreliable
,2015,2015,Male,M,Black or African American,2054-5,41 years,41,22,250870,8.8
,2015,2015,Male,M,Black or African American,2054-5,42 years,42,25,257510,9.7
,2015,2015,Male,M,Black or African American,2054-5,43 years,43,23,266423,8.6
,2015,2015,Male,M,Black or African American,2054-5,44 years,44,29,276168,10.5
,2015,2015,Male,M,Black or African American,2054-5,45 years,45,27,278815,9.7
,2015,2015,Male,M,Black or African American,2054-5,46 years,46,32,257693,12.4
,2015,2015,Male,M,Black or African American,2054-5,47 years,47,26,258352,10.1
,2015,2015,Male,M,Black or African American,2054-5,48 years,48,19,255881,Unreliable
,2015,2015,Male,M,Black or African American,2054-5,49 years,49,29,265871,10.9
,2015,2015,Male,M,Black or African American,2054-5,50 years,50,36,278873,12.9
,2015,2015,Male,M,Black or African American,2054-5,51 years,51,21,275500,7.6
,2015,2015,Male,M,Black or African American,2054-5,52 years,52,22,270764,8.1
,2015,2015,Male,M,Black or African American,2054-5,53 years,53,25,266395,9.4
,2015,2015,Male,M,Black or African American,2054-5,54 years,54,26,265761,9.8
,2015,2015,Male,M,Black or African American,2054-5,55 years,55,33,272260,12.1
,2015,2015,Male,M,Black or African American,2054-5,56 years,56,30,257534,11.6
,2015,2015,Male,M,Black or African American,2054-5,57 years,57,26,249170,10.4
,2015,2015,Male,M,Black or African American,2054-5,58 years,58,25,243461,10.3
,2015,2015,Male,M,Black or African American,2054-5,59 years,59,22,231336,9.5
,2015,2015,Male,M,Black or African American,2054-5,60 years,60,33,224327,14.7
,2015,2015,Male,M,Black or African American,2054-5,61 years,61,20,206837,9.7
,2015,2015,Male,M,Black or African American,2054-5,62 years,62,26,191708,13.6
,2015,2015,Male,M,Black or African American,2054-5,63 years,63,17,179218,Unreliable
,2015,2015,Male,M,Black or African American,2054-5,64 years,64,19,174948,Unreliable
,2015,2015,Male,M,Black or African American,2054-5,65 years,65,17,169041,Unreliable
,2015,2015,Male,M,Black or African American,2054-5,66 years,66,17,154878,Unreliable
,2015,2015,Male,M,Black or African American,2054-5,68 years,68,11,136353,Unreliable
,2015,2015,Male,M,Black or African American,2054-5,69 years,69,0,107512,Unreliable
,2015,2015,Male,M,Black or African American,2054-5,78 years,78,0,52832,Unreliable
,2015,2015,Male,M,Black or African American,2054-5,80 years,80,0,45046,Unreliable
,2015,2015,Male,M,Black or African American,2054-5,81 years,81,0,39029,Unreliable
,2015,2015,Male,M,Black or African American,2054-5,83 years,83,0,30874,Unreliable
,2015,2015,Male,M,Black or African American,2054-5,84 years,84,0,26910,Unreliable
,2015,2015,Male,M,Black or African American,2054-5,85 years,85,0,Not Applicable,Not Applicable
,2015,2015,Male,M,Black or African American,2054-5,86 years,86,0,Not Applicable,Not Applicable
,2015,2015,Male,M,Black or African American,2054-5,87 years,87,0,Not Applicable,Not Applicable
,2015,2015,Male,M,Black or African American,2054-5,88 years,88,0,Not Applicable,Not Applicable
,2015,2015,Male,M,Black or African American,2054-5,89 years,89,0,Not Applicable,Not Applicable
,2015,2015,Male,M,Black or African American,2054-5,90 years,90,0,Not Applicable,Not Applicable
,2015,2015,Male,M,Black or African American,2054-5,91 years,91,0,Not Applicable,Not Applicable
,2015,2015,Male,M,Black or African American,2054-5,92 years,92,0,Not Applicable,Not Applicable
,2015,2015,Male,M,Black or African American,2054-5,93 years,93,0,Not Applicable,Not Applicable
,2015,2015,Male,M,Black or African American,2054-5,94 years,94,0,Not Applicable,Not Applicable
,2015,2015,Male,M,Black or African American,2054-5,95 years,95,0,Not Applicable,Not Applicable
,2015,2015,Male,M,Black or African American,2054-5,96 years,96,0,Not Applicable,Not Applicable
,2015,2015,Male,M,Black or African American,2054-5,97 years,97,0,Not Applicable,Not Applicable
,2015,2015,Male,M,Black or African American,2054-5,98 years,98,0,Not Applicable,Not Applicable
,2015,2015,Male,M,Black or African American,2054-5,99 years,99,0,Not Applicable,Not Applicable
,2015,2015,Male,M,Black or African American,2054-5,100+ years,100,0,Not Applicable,Not Applicable
,2015,2015,Male,M,Black or African American,2054-5,Not Stated,NS,0,Not Applicable,Not Applicable
,2015,2015,Male,M,White,2106-3,5 years,5,0,1536657,Unreliable
,2015,2015,Male,M,White,2106-3,7 years,7,0,1586841,Unreliable
,2015,2015,Male,M,White,2106-3,12 years,12,0,1590295,Unreliable
,2015,2015,Male,M,White,2106-3,16 years,16,15,1628161,Unreliable
,2015,2015,Male,M,White,2106-3,17 years,17,18,1629565,Unreliable
,2015,2015,Male,M,White,2106-3,18 years,18,59,1637511,3.6
,2015,2015,Male,M,White,2106-3,19 years,19,95,1659731,5.7
,2015,2015,Male,M,White,2106-3,20 years,20,113,1692993,6.7
,2015,2015,Male,M,White,2106-3,21 years,21,150,1720461,8.7
,2015,2015,Male,M,White,2106-3,22 years,22,187,1744309,10.7
,2015,2015,Male,M,White,2106-3,23 years,23,202,1784925,11.3
,2015,2015,Male,M,White,2106-3,24 years,24,261,1805631,14.5
,2015,2015,Male,M,White,2106-3,25 years,25,331,1803527,18.4
,2015,2015,Male,M,White,2106-3,26 years,26,311,1738023,17.9
,2015,2015,Male,M,White,2106-3,27 years,27,334,1710781,19.5
,2015,2015,Male,M,White,2106-3,28 years,28,297,1691427,17.6
,2015,2015,Male,M,White,2106-3,29 years,29,348,1704471,20.4
,2015,2015,Male,M,White,2106-3,30 years,30,348,1716483,20.3
,2015,2015,Male,M,White,2106-3,31 years,31,335,1656941,20.2
,2015,2015,Male,M,White,2106-3,32 years,32,379,1682944,22.5
,2015,2015,Male,M,White,2106-3,33 years,33,394,1681209,23.4
,2015,2015,Male,M,White,2106-3,34 years,34,370,1665821,22.2
,2015,2015,Male,M,White,2106-3,35 years,35,343,1699847,20.2
,2015,2015,Male,M,White,2106-3,36 years,36,330,1588916,20.8
,2015,2015,Male,M,White,2106-3,37 years,37,307,1561638,19.7
,2015,2015,Male,M,White,2106-3,38 years,38,291,1540955,18.9
,2015,2015,Male,M,White,2106-3,39 years,39,265,1494066,17.7
,2015,2015,Male,M,White,2106-3,40 years,40,257,1545346,16.6
,2015,2015,Male,M,White,2106-3,41 years,41,256,1491176,17.2
,2015,2015,Male,M,White,2106-3,42 years,42,269,1507874,17.8
,2015,2015,Male,M,White,2106-3,43 years,43,262,1589197,16.5
,2015,2015,Male,M,White,2106-3,44 years,44,298,1696662,17.6
,2015,2015,Male,M,White,2106-3,45 years,45,267,1728408,15.4
,2015,2015,Male,M,White,2106-3,46 years,46,299,1642365,18.2
,2015,2015,Male,M,White,2106-3,47 years,47,256,1604071,16
,2015,2015,Male,M,White,2106-3,48 years,48,252,1611870,15.6
,2015,2015,Male,M,White,2106-3,49 years,49,297,1638120,18.1
,2015,2015,Male,M,White,2106-3,50 years,50,277,1741730,15.9
,2015,2015,Male,M,White,2106-3,51 years,51,277,1775697,15.6
,2015,2015,Male,M,White,2106-3,52 years,52,252,1773736,14.2
,2015,2015,Male,M,White,2106-3,53 years,53,282,1780064,15.8
,2015,2015,Male,M,White,2106-3,54 years,54,269,1804816,14.9
,2015,2015,Male,M,White,2106-3,55 years,55,272,1815091,15
,2015,2015,Male,M,White,2106-3,56 years,56,284,1754901,16.2
,2015,2015,Male,M,White,2106-3,57 years,57,235,1745870,13.5
,2015,2015,Male,M,White,2106-3,58 years,58,217,1723914,12.6
,2015,2015,Male,M,White,2106-3,59 years,59,181,1656247,10.9
,2015,2015,Male,M,White,2106-3,60 years,60,173,1643652,10.5
,2015,2015,Male,M,White,2106-3,61 years,61,147,1576201,9.3
,2015,2015,Male,M,White,2106-3,62 years,62,149,1518871,9.8
,2015,2015,Male,M,White,2106-3,63 years,63,98,1463714,6.7
,2015,2015,Male,M,White,2106-3,64 years,64,84,1410289,6
,2015,2015,Male,M,White,2106-3,65 years,65,91,1371836,6.6
,2015,2015,Male,M,White,2106-3,66 years,66,65,1339085,4.9
,2015,2015,Male,M,White,2106-3,67 years,67,57,1333069,4.3
,2015,2015,Male,M,White,2106-3,68 years,68,47,1408078,3.3
,2015,2015,Male,M,White,2106-3,69 years,69,26,1013576,2.6
,2015,2015,Male,M,White,2106-3,70 years,70,23,993765,2.3
,2015,2015,Male,M,White,2106-3,71 years,71,21,967262,2.2
,2015,2015,Male,M,White,2106-3,72 years,72,18,992804,Unreliable
,2015,2015,Male,M,White,2106-3,73 years,73,12,849978,Unreliable
,2015,2015,Male,M,White,2106-3,74 years,74,11,763828,Unreliable
,2015,2015,Male,M,White,2106-3,92 years,92,0,Not Applicable,Not Applicable
,2015,2015,Male,M,White,2106-3,96 years,96,0,Not Applicable,Not Applicable
,2015,2015,Male,M,White,2106-3,97 years,97,0,Not Applicable,Not Applicable
,2015,2015,Male,M,White,2106-3,98 years,98,0,Not Applicable,Not Applicable
,2015,2015,Male,M,White,2106-3,99 years,99,0,Not Applicable,Not Applicable
,2015,2015,Male,M,White,2106-3,100+ years,100,0,Not Applicable,Not Applicable
,2015,2015,Male,M,White,2106-3,Not Stated,NS,0,Not Applicable,Not Applicable
,2016,2016,Female,F,American Indian or Alaska Native,1002-5,< 1 year,0,0,38168,Unreliable
,2016,2016,Female,F,American Indian or Alaska Native,1002-5,1 year,1,0,38374,Unreliable
,2016,2016,Female,F,American Indian or Alaska Native,1002-5,2 years,2,0,37907,Unreliable
,2016,2016,Female,F,American Indian or Alaska Native,1002-5,3 years,3,0,37610,Unreliable
,2016,2016,Female,F,American Indian or Alaska Native,1002-5,4 years,4,0,38061,Unreliable
,2016,2016,Female,F,American Indian or Alaska Native,1002-5,5 years,5,0,37274,Unreliable
,2016,2016,Female,F,American Indian or Alaska Native,1002-5,6 years,6,0,38258,Unreliable
,2016,2016,Female,F,American Indian or Alaska Native,1002-5,7 years,7,0,37888,Unreliable
,2016,2016,Female,F,American Indian or Alaska Native,1002-5,8 years,8,0,39101,Unreliable
,2016,2016,Female,F,American Indian or Alaska Native,1002-5,9 years,9,0,39236,Unreliable
,2016,2016,Female,F,American Indian or Alaska Native,1002-5,10 years,10,0,38537,Unreliable
,2016,2016,Female,F,American Indian or Alaska Native,1002-5,11 years,11,0,38559,Unreliable
,2016,2016,Female,F,American Indian or Alaska Native,1002-5,12 years,12,0,37657,Unreliable
,2016,2016,Female,F,American Indian or Alaska Native,1002-5,13 years,13,0,36932,Unreliable
,2016,2016,Female,F,American Indian or Alaska Native,1002-5,14 years,14,0,36600,Unreliable
,2016,2016,Female,F,American Indian or Alaska Native,1002-5,15 years,15,0,36954,Unreliable
,2016,2016,Female,F,American Indian or Alaska Native,1002-5,16 years,16,0,37634,Unreliable
,2016,2016,Female,F,American Indian or Alaska Native,1002-5,20 years,20,0,36269,Unreliable
,2016,2016,Female,F,American Indian or Alaska Native,1002-5,21 years,21,0,36974,Unreliable
,2016,2016,Female,F,American Indian or Alaska Native,1002-5,58 years,58,0,25131,Unreliable
,2016,2016,Female,F,American Indian or Alaska Native,1002-5,60 years,60,0,23551,Unreliable
,2016,2016,Female,F,American Indian or Alaska Native,1002-5,64 years,64,0,18235,Unreliable
,2016,2016,Female,F,American Indian or Alaska Native,1002-5,68 years,68,0,14749,Unreliable
,2016,2016,Female,F,American Indian or Alaska Native,1002-5,69 years,69,0,14436,Unreliable
,2016,2016,Female,F,American Indian or Alaska Native,1002-5,70 years,70,0,11362,Unreliable
,2016,2016,Female,F,American Indian or Alaska Native,1002-5,71 years,71,0,10944,Unreliable
,2016,2016,Female,F,American Indian or Alaska Native,1002-5,72 years,72,0,10242,Unreliable
,2016,2016,Female,F,American Indian or Alaska Native,1002-5,73 years,73,0,9704,Unreliable
,2016,2016,Female,F,American Indian or Alaska Native,1002-5,74 years,74,0,8558,Unreliable
,2016,2016,Female,F,American Indian or Alaska Native,1002-5,76 years,76,0,7440,Unreliable
,2016,2016,Female,F,American Indian or Alaska Native,1002-5,77 years,77,0,6661,Unreliable
,2016,2016,Female,F,American Indian or Alaska Native,1002-5,79 years,79,0,5593,Unreliable
,2016,2016,Female,F,American Indian or Alaska Native,1002-5,80 years,80,0,5276,Unreliable
,2016,2016,Female,F,American Indian or Alaska Native,1002-5,81 years,81,0,4902,Unreliable
,2016,2016,Female,F,American Indian or Alaska Native,1002-5,82 years,82,0,4146,Unreliable
,2016,2016,Female,F,American Indian or Alaska Native,1002-5,84 years,84,0,3525,Unreliable
,2016,2016,Female,F,American Indian or Alaska Native,1002-5,85 years,85,0,Not Applicable,Not Applicable
,2016,2016,Female,F,American Indian or Alaska Native,1002-5,86 years,86,0,Not Applicable,Not Applicable
,2016,2016,Female,F,American Indian or Alaska Native,1002-5,87 years,87,0,Not Applicable,Not Applicable
,2016,2016,Female,F,American Indian or Alaska Native,1002-5,88 years,88,0,Not Applicable,Not Applicable
,2016,2016,Female,F,American Indian or Alaska Native,1002-5,89 years,89,0,Not Applicable,Not Applicable
,2016,2016,Female,F,American Indian or Alaska Native,1002-5,90 years,90,0,Not Applicable,Not Applicable
,2016,2016,Female,F,American Indian or Alaska Native,1002-5,91 years,91,0,Not Applicable,Not Applicable
,2016,2016,Female,F,American Indian or Alaska Native,1002-5,92 years,92,0,Not Applicable,Not Applicable
,2016,2016,Female,F,American Indian or Alaska Native,1002-5,93 years,93,0,Not Applicable,Not Applicable
,2016,2016,Female,F,American Indian or Alaska Native,1002-5,94 years,94,0,Not Applicable,Not Applicable
,2016,2016,Female,F,American Indian or Alaska Native,1002-5,95 years,95,0,Not Applicable,Not Applicable
,2016,2016,Female,F,American Indian or Alaska Native,1002-5,96 years,96,0,Not Applicable,Not Applicable
,2016,2016,Female,F,American Indian or Alaska Native,1002-5,97 years,97,0,Not Applicable,Not Applicable
,2016,2016,Female,F,American Indian or Alaska Native,1002-5,98 years,98,0,Not Applicable,Not Applicable
,2016,2016,Female,F,American Indian or Alaska Native,1002-5,99 years,99,0,Not Applicable,Not Applicable
,2016,2016,Female,F,American Indian or Alaska Native,1002-5,100+ years,100,0,Not Applicable,Not Applicable
,2016,2016,Female,F,American Indian or Alaska Native,1002-5,Not Stated,NS,0,Not Applicable,Not Applicable
,2016,2016,Female,F,Asian or Pacific Islander,A-PI,< 1 year,0,0,122126,Unreliable
,2016,2016,Female,F,Asian or Pacific Islander,A-PI,1 year,1,0,126103,Unreliable
,2016,2016,Female,F,Asian or Pacific Islander,A-PI,2 years,2,0,125098,Unreliable
,2016,2016,Female,F,Asian or Pacific Islander,A-PI,3 years,3,0,127642,Unreliable
,2016,2016,Female,F,Asian or Pacific Islander,A-PI,4 years,4,0,123933,Unreliable
,2016,2016,Female,F,Asian or Pacific Islander,A-PI,5 years,5,0,121735,Unreliable
,2016,2016,Female,F,Asian or Pacific Islander,A-PI,6 years,6,0,125647,Unreliable
,2016,2016,Female,F,Asian or Pacific Islander,A-PI,7 years,7,0,125367,Unreliable
,2016,2016,Female,F,Asian or Pacific Islander,A-PI,8 years,8,0,129487,Unreliable
,2016,2016,Female,F,Asian or Pacific Islander,A-PI,9 years,9,0,127451,Unreliable
,2016,2016,Female,F,Asian or Pacific Islander,A-PI,10 years,10,0,126626,Unreliable
,2016,2016,Female,F,Asian or Pacific Islander,A-PI,11 years,11,0,129570,Unreliable
,2016,2016,Female,F,Asian or Pacific Islander,A-PI,12 years,12,0,129851,Unreliable
,2016,2016,Female,F,Asian or Pacific Islander,A-PI,13 years,13,0,128859,Unreliable
,2016,2016,Female,F,Asian or Pacific Islander,A-PI,15 years,15,0,126959,Unreliable
,2016,2016,Female,F,Asian or Pacific Islander,A-PI,16 years,16,0,125730,Unreliable
,2016,2016,Female,F,Asian or Pacific Islander,A-PI,17 years,17,0,122488,Unreliable
,2016,2016,Female,F,Asian or Pacific Islander,A-PI,19 years,19,0,132261,Unreliable
,2016,2016,Female,F,Asian or Pacific Islander,A-PI,20 years,20,0,136682,Unreliable
,2016,2016,Female,F,Asian or Pacific Islander,A-PI,22 years,22,0,145615,Unreliable
,2016,2016,Female,F,Asian or Pacific Islander,A-PI,30 years,30,0,178601,Unreliable
,2016,2016,Female,F,Asian or Pacific Islander,A-PI,34 years,34,0,182948,Unreliable
,2016,2016,Female,F,Asian or Pacific Islander,A-PI,37 years,37,0,171793,Unreliable
,2016,2016,Female,F,Asian or Pacific Islander,A-PI,43 years,43,0,167030,Unreliable
,2016,2016,Female,F,Asian or Pacific Islander,A-PI,44 years,44,0,166492,Unreliable
,2016,2016,Female,F,Asian or Pacific Islander,A-PI,45 years,45,0,163100,Unreliable
,2016,2016,Female,F,Asian or Pacific Islander,A-PI,50 years,50,0,136768,Unreliable
,2016,2016,Female,F,Asian or Pacific Islander,A-PI,53 years,53,0,139252,Unreliable
,2016,2016,Female,F,Asian or Pacific Islander,A-PI,54 years,54,0,128335,Unreliable
,2016,2016,Female,F,Asian or Pacific Islander,A-PI,56 years,56,0,132221,Unreliable
,2016,2016,Female,F,Asian or Pacific Islander,A-PI,61 years,61,0,118154,Unreliable
,2016,2016,Female,F,Asian or Pacific Islander,A-PI,62 years,62,0,110623,Unreliable
,2016,2016,Female,F,Asian or Pacific Islander,A-PI,65 years,65,0,97152,Unreliable
,2016,2016,Female,F,Asian or Pacific Islander,A-PI,68 years,68,0,86958,Unreliable
,2016,2016,Female,F,Asian or Pacific Islander,A-PI,70 years,70,0,68880,Unreliable
,2016,2016,Female,F,Asian or Pacific Islander,A-PI,71 years,71,0,66573,Unreliable
,2016,2016,Female,F,Asian or Pacific Islander,A-PI,72 years,72,0,60985,Unreliable
,2016,2016,Female,F,Asian or Pacific Islander,A-PI,73 years,73,0,55783,Unreliable
,2016,2016,Female,F,Asian or Pacific Islander,A-PI,76 years,76,0,47468,Unreliable
,2016,2016,Female,F,Asian or Pacific Islander,A-PI,77 years,77,0,42417,Unreliable
,2016,2016,Female,F,Asian or Pacific Islander,A-PI,78 years,78,0,40172,Unreliable
,2016,2016,Female,F,Asian or Pacific Islander,A-PI,79 years,79,0,37134,Unreliable
,2016,2016,Female,F,Asian or Pacific Islander,A-PI,80 years,80,0,34675,Unreliable
,2016,2016,Female,F,Asian or Pacific Islander,A-PI,81 years,81,0,32389,Unreliable
,2016,2016,Female,F,Asian or Pacific Islander,A-PI,82 years,82,0,29016,Unreliable
,2016,2016,Female,F,Asian or Pacific Islander,A-PI,83 years,83,0,27932,Unreliable
,2016,2016,Female,F,Asian or Pacific Islander,A-PI,85 years,85,0,Not Applicable,Not Applicable
,2016,2016,Female,F,Asian or Pacific Islander,A-PI,86 years,86,0,Not Applicable,Not Applicable
,2016,2016,Female,F,Asian or Pacific Islander,A-PI,87 years,87,0,Not Applicable,Not Applicable
,2016,2016,Female,F,Asian or Pacific Islander,A-PI,88 years,88,0,Not Applicable,Not Applicable
,2016,2016,Female,F,Asian or Pacific Islander,A-PI,89 years,89,0,Not Applicable,Not Applicable
,2016,2016,Female,F,Asian or Pacific Islander,A-PI,90 years,90,0,Not Applicable,Not Applicable
,2016,2016,Female,F,Asian or Pacific Islander,A-PI,91 years,91,0,Not Applicable,Not Applicable
,2016,2016,Female,F,Asian or Pacific Islander,A-PI,92 years,92,0,Not Applicable,Not Applicable
,2016,2016,Female,F,Asian or Pacific Islander,A-PI,93 years,93,0,Not Applicable,Not Applicable
,2016,2016,Female,F,Asian or Pacific Islander,A-PI,94 years,94,0,Not Applicable,Not Applicable
,2016,2016,Female,F,Asian or Pacific Islander,A-PI,95 years,95,0,Not Applicable,Not Applicable
,2016,2016,Female,F,Asian or Pacific Islander,A-PI,96 years,96,0,Not Applicable,Not Applicable
,2016,2016,Female,F,Asian or Pacific Islander,A-PI,97 years,97,0,Not Applicable,Not Applicable
,2016,2016,Female,F,Asian or Pacific Islander,A-PI,98 years,98,0,Not Applicable,Not Applicable
,2016,2016,Female,F,Asian or Pacific Islander,A-PI,99 years,99,0,Not Applicable,Not Applicable
,2016,2016,Female,F,Asian or Pacific Islander,A-PI,100+ years,100,0,Not Applicable,Not Applicable
,2016,2016,Female,F,Asian or Pacific Islander,A-PI,Not Stated,NS,0,Not Applicable,Not Applicable
,2016,2016,Female,F,Black or African American,2054-5,6 years,6,0,335137,Unreliable
,2016,2016,Female,F,Black or African American,2054-5,7 years,7,0,338008,Unreliable
,2016,2016,Female,F,Black or African American,2054-5,9 years,9,0,345692,Unreliable
,2016,2016,Female,F,Black or African American,2054-5,10 years,10,0,337733,Unreliable
,2016,2016,Female,F,Black or African American,2054-5,11 years,11,0,331018,Unreliable
,2016,2016,Female,F,Black or African American,2054-5,14 years,14,0,329660,Unreliable
,2016,2016,Female,F,Black or African American,2054-5,15 years,15,0,339738,Unreliable
,2016,2016,Female,F,Black or African American,2054-5,16 years,16,0,348783,Unreliable
,2016,2016,Female,F,Black or African American,2054-5,21 years,21,11,358041,Unreliable
,2016,2016,Female,F,Black or African American,2054-5,22 years,22,16,373614,Unreliable
,2016,2016,Female,F,Black or African American,2054-5,23 years,23,11,381188,Unreliable
,2016,2016,Female,F,Black or African American,2054-5,24 years,24,11,390706,Unreliable
,2016,2016,Female,F,Black or African American,2054-5,25 years,25,20,397705,5
,2016,2016,Female,F,Black or African American,2054-5,26 years,26,19,392761,Unreliable
,2016,2016,Female,F,Black or African American,2054-5,27 years,27,21,369347,5.7
,2016,2016,Female,F,Black or African American,2054-5,28 years,28,21,347381,6
,2016,2016,Female,F,Black or African American,2054-5,29 years,29,16,335220,Unreliable
,2016,2016,Female,F,Black or African American,2054-5,30 years,30,21,330691,6.4
,2016,2016,Female,F,Black or African American,2054-5,31 years,31,24,330329,7.3
,2016,2016,Female,F,Black or African American,2054-5,32 years,32,18,317627,Unreliable
,2016,2016,Female,F,Black or African American,2054-5,33 years,33,22,322580,6.8
,2016,2016,Female,F,Black or African American,2054-5,34 years,34,20,323281,6.2
,2016,2016,Female,F,Black or African American,2054-5,35 years,35,30,321339,9.3
,2016,2016,Female,F,Black or African American,2054-5,36 years,36,28,332646,8.4
,2016,2016,Female,F,Black or African American,2054-5,37 years,37,31,311995,9.9
,2016,2016,Female,F,Black or African American,2054-5,38 years,38,24,300915,8
,2016,2016,Female,F,Black or African American,2054-5,39 years,39,25,297922,8.4
,2016,2016,Female,F,Black or African American,2054-5,40 years,40,13,285775,Unreliable
,2016,2016,Female,F,Black or African American,2054-5,41 years,41,19,292201,Unreliable
,2016,2016,Female,F,Black or African American,2054-5,42 years,42,24,283118,8.5
,2016,2016,Female,F,Black or African American,2054-5,43 years,43,22,291447,7.5
,2016,2016,Female,F,Black or African American,2054-5,44 years,44,27,300490,9
,2016,2016,Female,F,Black or African American,2054-5,45 years,45,32,313708,10.2
,2016,2016,Female,F,Black or African American,2054-5,46 years,46,28,310318,9
,2016,2016,Female,F,Black or African American,2054-5,47 years,47,20,288152,6.9
,2016,2016,Female,F,Black or African American,2054-5,48 years,48,30,289374,10.4
,2016,2016,Female,F,Black or African American,2054-5,49 years,49,35,289250,12.1
,2016,2016,Female,F,Black or African American,2054-5,50 years,50,31,298333,10.4
,2016,2016,Female,F,Black or African American,2054-5,51 years,51,37,311949,11.9
,2016,2016,Female,F,Black or African American,2054-5,52 years,52,31,309927,10
,2016,2016,Female,F,Black or African American,2054-5,53 years,53,31,305419,10.1
,2016,2016,Female,F,Black or African American,2054-5,54 years,54,34,302051,11.3
,2016,2016,Female,F,Black or African American,2054-5,55 years,55,32,302865,10.6
,2016,2016,Female,F,Black or African American,2054-5,56 years,56,26,308687,8.4
,2016,2016,Female,F,Black or African American,2054-5,57 years,57,33,294912,11.2
,2016,2016,Female,F,Black or African American,2054-5,58 years,58,25,285414,8.8
,2016,2016,Female,F,Black or African American,2054-5,59 years,59,23,283767,8.1
,2016,2016,Female,F,Black or African American,2054-5,60 years,60,24,271763,8.8
,2016,2016,Female,F,Black or African American,2054-5,61 years,61,23,263808,8.7
,2016,2016,Female,F,Black or African American,2054-5,62 years,62,17,248730,Unreliable
,2016,2016,Female,F,Black or African American,2054-5,63 years,63,24,232529,10.3
,2016,2016,Female,F,Black or African American,2054-5,64 years,64,12,220370,Unreliable
,2016,2016,Female,F,Black or African American,2054-5,65 years,65,10,217698,Unreliable
,2016,2016,Female,F,Black or African American,2054-5,73 years,73,0,126290,Unreliable
,2016,2016,Female,F,Black or African American,2054-5,75 years,75,0,105491,Unreliable
,2016,2016,Female,F,Black or African American,2054-5,80 years,80,0,76137,Unreliable
,2016,2016,Female,F,Black or African American,2054-5,81 years,81,0,71238,Unreliable
,2016,2016,Female,F,Black or African American,2054-5,83 years,83,0,59271,Unreliable
,2016,2016,Female,F,Black or African American,2054-5,84 years,84,0,53468,Unreliable
,2016,2016,Female,F,Black or African American,2054-5,85 years,85,0,Not Applicable,Not Applicable
,2016,2016,Female,F,Black or African American,2054-5,86 years,86,0,Not Applicable,Not Applicable
,2016,2016,Female,F,Black or African American,2054-5,88 years,88,0,Not Applicable,Not Applicable
,2016,2016,Female,F,Black or African American,2054-5,89 years,89,0,Not Applicable,Not Applicable
,2016,2016,Female,F,Black or African American,2054-5,90 years,90,0,Not Applicable,Not Applicable
,2016,2016,Female,F,Black or African American,2054-5,91 years,91,0,Not Applicable,Not Applicable
,2016,2016,Female,F,Black or African American,2054-5,92 years,92,0,Not Applicable,Not Applicable
,2016,2016,Female,F,Black or African American,2054-5,93 years,93,0,Not Applicable,Not Applicable
,2016,2016,Female,F,Black or African American,2054-5,94 years,94,0,Not Applicable,Not Applicable
,2016,2016,Female,F,Black or African American,2054-5,95 years,95,0,Not Applicable,Not Applicable
,2016,2016,Female,F,Black or African American,2054-5,96 years,96,0,Not Applicable,Not Applicable
,2016,2016,Female,F,Black or African American,2054-5,97 years,97,0,Not Applicable,Not Applicable
,2016,2016,Female,F,Black or African American,2054-5,98 years,98,0,Not Applicable,Not Applicable
,2016,2016,Female,F,Black or African American,2054-5,99 years,99,0,Not Applicable,Not Applicable
,2016,2016,Female,F,Black or African American,2054-5,100+ years,100,0,Not Applicable,Not Applicable
,2016,2016,Female,F,Black or African American,2054-5,Not Stated,NS,0,Not Applicable,Not Applicable
,2016,2016,Female,F,White,2106-3,3 years,3,0,1448242,Unreliable
,2016,2016,Female,F,White,2106-3,4 years,4,0,1455048,Unreliable
,2016,2016,Female,F,White,2106-3,5 years,5,0,1476779,Unreliable
,2016,2016,Female,F,White,2106-3,6 years,6,0,1474199,Unreliable
,2016,2016,Female,F,White,2106-3,8 years,8,0,1520043,Unreliable
,2016,2016,Female,F,White,2106-3,10 years,10,0,1524522,Unreliable
,2016,2016,Female,F,White,2106-3,11 years,11,0,1523584,Unreliable
,2016,2016,Female,F,White,2106-3,16 years,16,10,1571936,Unreliable
,2016,2016,Female,F,White,2106-3,17 years,17,23,1554291,1.5
,2016,2016,Female,F,White,2106-3,18 years,18,29,1553870,1.9
,2016,2016,Female,F,White,2106-3,19 years,19,53,1562658,3.4
,2016,2016,Female,F,White,2106-3,20 years,20,77,1573150,4.9
,2016,2016,Female,F,White,2106-3,21 years,21,82,1598829,5.1
,2016,2016,Female,F,White,2106-3,22 years,22,115,1621649,7.1
,2016,2016,Female,F,White,2106-3,23 years,23,112,1638943,6.8
,2016,2016,Female,F,White,2106-3,24 years,24,131,1686102,7.8
,2016,2016,Female,F,White,2106-3,25 years,25,173,1722232,10
,2016,2016,Female,F,White,2106-3,26 years,26,198,1723288,11.5
,2016,2016,Female,F,White,2106-3,27 years,27,198,1656214,12
,2016,2016,Female,F,White,2106-3,28 years,28,215,1632146,13.2
,2016,2016,Female,F,White,2106-3,29 years,29,199,1610916,12.4
,2016,2016,Female,F,White,2106-3,30 years,30,220,1624667,13.5
,2016,2016,Female,F,White,2106-3,31 years,31,208,1643959,12.7
,2016,2016,Female,F,White,2106-3,32 years,32,242,1597822,15.1
,2016,2016,Female,F,White,2106-3,33 years,33,230,1625970,14.1
,2016,2016,Female,F,White,2106-3,34 years,34,231,1628275,14.2
,2016,2016,Female,F,White,2106-3,35 years,35,265,1615079,16.4
,2016,2016,Female,F,White,2106-3,36 years,36,247,1634011,15.1
,2016,2016,Female,F,White,2106-3,37 years,37,214,1540428,13.9
,2016,2016,Female,F,White,2106-3,38 years,38,227,1518304,15
,2016,2016,Female,F,White,2106-3,39 years,39,226,1506139,15
,2016,2016,Female,F,White,2106-3,40 years,40,195,1461000,13.3
,2016,2016,Female,F,White,2106-3,41 years,41,197,1506111,13.1
,2016,2016,Female,F,White,2106-3,42 years,42,196,1464969,13.4
,2016,2016,Female,F,White,2106-3,43 years,43,207,1490689,13.9
,2016,2016,Female,F,White,2106-3,44 years,44,251,1567887,16
,2016,2016,Female,F,White,2106-3,45 years,45,245,1675698,14.6
,2016,2016,Female,F,White,2106-3,46 years,46,249,1697043,14.7
,2016,2016,Female,F,White,2106-3,47 years,47,243,1619766,15
,2016,2016,Female,F,White,2106-3,48 years,48,251,1584187,15.8
,2016,2016,Female,F,White,2106-3,49 years,49,239,1603336,14.9
,2016,2016,Female,F,White,2106-3,50 years,50,231,1629390,14.2
,2016,2016,Female,F,White,2106-3,51 years,51,284,1738797,16.3
,2016,2016,Female,F,White,2106-3,52 years,52,285,1787081,15.9
,2016,2016,Female,F,White,2106-3,53 years,53,274,1795332,15.3
,2016,2016,Female,F,White,2106-3,54 years,54,268,1807324,14.8
,2016,2016,Female,F,White,2106-3,55 years,55,280,1840363,15.2
,2016,2016,Female,F,White,2106-3,56 years,56,268,1843171,14.5
,2016,2016,Female,F,White,2106-3,57 years,57,232,1797847,12.9
,2016,2016,Female,F,White,2106-3,58 years,58,233,1798658,13
,2016,2016,Female,F,White,2106-3,59 years,59,206,1785837,11.5
,2016,2016,Female,F,White,2106-3,60 years,60,156,1725573,9
,2016,2016,Female,F,White,2106-3,61 years,61,138,1718194,8
,2016,2016,Female,F,White,2106-3,62 years,62,145,1664012,8.7
,2016,2016,Female,F,White,2106-3,63 years,63,131,1611103,8.1
,2016,2016,Female,F,White,2106-3,64 years,64,92,1553428,5.9
,2016,2016,Female,F,White,2106-3,65 years,65,91,1507382,6
,2016,2016,Female,F,White,2106-3,66 years,66,57,1466690,3.9
,2016,2016,Female,F,White,2106-3,67 years,67,62,1438510,4.3
,2016,2016,Female,F,White,2106-3,68 years,68,42,1433716,2.9
,2016,2016,Female,F,White,2106-3,69 years,69,43,1518380,2.8
,2016,2016,Female,F,White,2106-3,70 years,70,26,1105337,2.4
,2016,2016,Female,F,White,2106-3,71 years,71,27,1094174,2.5
,2016,2016,Female,F,White,2106-3,72 years,72,27,1076954,2.5
,2016,2016,Female,F,White,2106-3,73 years,73,16,1112935,Unreliable
,2016,2016,Female,F,White,2106-3,74 years,74,23,964330,2.4
,2016,2016,Female,F,White,2106-3,96 years,96,0,Not Applicable,Not Applicable
,2016,2016,Female,F,White,2106-3,98 years,98,0,Not Applicable,Not Applicable
,2016,2016,Female,F,White,2106-3,99 years,99,0,Not Applicable,Not Applicable
,2016,2016,Female,F,White,2106-3,100+ years,100,0,Not Applicable,Not Applicable
,2016,2016,Male,M,American Indian or Alaska Native,1002-5,< 1 year,0,0,39291,Unreliable
,2016,2016,Male,M,American Indian or Alaska Native,1002-5,1 year,1,0,38965,Unreliable
,2016,2016,Male,M,American Indian or Alaska Native,1002-5,2 years,2,0,39212,Unreliable
,2016,2016,Male,M,American Indian or Alaska Native,1002-5,3 years,3,0,38833,Unreliable
,2016,2016,Male,M,American Indian or Alaska Native,1002-5,4 years,4,0,39385,Unreliable
,2016,2016,Male,M,American Indian or Alaska Native,1002-5,5 years,5,0,38427,Unreliable
,2016,2016,Male,M,American Indian or Alaska Native,1002-5,6 years,6,0,39046,Unreliable
,2016,2016,Male,M,American Indian or Alaska Native,1002-5,7 years,7,0,39057,Unreliable
,2016,2016,Male,M,American Indian or Alaska Native,1002-5,8 years,8,0,40272,Unreliable
,2016,2016,Male,M,American Indian or Alaska Native,1002-5,9 years,9,0,40690,Unreliable
,2016,2016,Male,M,American Indian or Alaska Native,1002-5,10 years,10,0,39816,Unreliable
,2016,2016,Male,M,American Indian or Alaska Native,1002-5,11 years,11,0,39252,Unreliable
,2016,2016,Male,M,American Indian or Alaska Native,1002-5,12 years,12,0,38199,Unreliable
,2016,2016,Male,M,American Indian or Alaska Native,1002-5,13 years,13,0,37821,Unreliable
,2016,2016,Male,M,American Indian or Alaska Native,1002-5,14 years,14,0,37615,Unreliable
,2016,2016,Male,M,American Indian or Alaska Native,1002-5,15 years,15,0,37869,Unreliable
,2016,2016,Male,M,American Indian or Alaska Native,1002-5,16 years,16,0,39097,Unreliable
,2016,2016,Male,M,American Indian or Alaska Native,1002-5,19 years,19,0,37778,Unreliable
,2016,2016,Male,M,American Indian or Alaska Native,1002-5,31 years,31,11,35963,Unreliable
,2016,2016,Male,M,American Indian or Alaska Native,1002-5,60 years,60,0,21408,Unreliable
,2016,2016,Male,M,American Indian or Alaska Native,1002-5,67 years,67,0,14093,Unreliable
,2016,2016,Male,M,American Indian or Alaska Native,1002-5,69 years,69,0,13233,Unreliable
,2016,2016,Male,M,American Indian or Alaska Native,1002-5,70 years,70,0,9949,Unreliable
,2016,2016,Male,M,American Indian or Alaska Native,1002-5,71 years,71,0,9453,Unreliable
,2016,2016,Male,M,American Indian or Alaska Native,1002-5,72 years,72,0,8735,Unreliable
,2016,2016,Male,M,American Indian or Alaska Native,1002-5,73 years,73,0,8154,Unreliable
,2016,2016,Male,M,American Indian or Alaska Native,1002-5,74 years,74,0,7275,Unreliable
,2016,2016,Male,M,American Indian or Alaska Native,1002-5,75 years,75,0,6598,Unreliable
,2016,2016,Male,M,American Indian or Alaska Native,1002-5,76 years,76,0,6198,Unreliable
,2016,2016,Male,M,American Indian or Alaska Native,1002-5,77 years,77,0,5284,Unreliable
,2016,2016,Male,M,American Indian or Alaska Native,1002-5,78 years,78,0,4888,Unreliable
,2016,2016,Male,M,American Indian or Alaska Native,1002-5,79 years,79,0,4304,Unreliable
,2016,2016,Male,M,American Indian or Alaska Native,1002-5,80 years,80,0,3886,Unreliable
,2016,2016,Male,M,American Indian or Alaska Native,1002-5,81 years,81,0,3514,Unreliable
,2016,2016,Male,M,American Indian or Alaska Native,1002-5,82 years,82,0,2899,Unreliable
,2016,2016,Male,M,American Indian or Alaska Native,1002-5,83 years,83,0,2642,Unreliable
,2016,2016,Male,M,American Indian or Alaska Native,1002-5,84 years,84,0,2246,Unreliable
,2016,2016,Male,M,American Indian or Alaska Native,1002-5,85 years,85,0,Not Applicable,Not Applicable
,2016,2016,Male,M,American Indian or Alaska Native,1002-5,86 years,86,0,Not Applicable,Not Applicable
,2016,2016,Male,M,American Indian or Alaska Native,1002-5,87 years,87,0,Not Applicable,Not Applicable
,2016,2016,Male,M,American Indian or Alaska Native,1002-5,88 years,88,0,Not Applicable,Not Applicable
,2016,2016,Male,M,American Indian or Alaska Native,1002-5,89 years,89,0,Not Applicable,Not Applicable
,2016,2016,Male,M,American Indian or Alaska Native,1002-5,90 years,90,0,Not Applicable,Not Applicable
,2016,2016,Male,M,American Indian or Alaska Native,1002-5,91 years,91,0,Not Applicable,Not Applicable
,2016,2016,Male,M,American Indian or Alaska Native,1002-5,92 years,92,0,Not Applicable,Not Applicable
,2016,2016,Male,M,American Indian or Alaska Native,1002-5,93 years,93,0,Not Applicable,Not Applicable
,2016,2016,Male,M,American Indian or Alaska Native,1002-5,94 years,94,0,Not Applicable,Not Applicable
,2016,2016,Male,M,American Indian or Alaska Native,1002-5,95 years,95,0,Not Applicable,Not Applicable
,2016,2016,Male,M,American Indian or Alaska Native,1002-5,96 years,96,0,Not Applicable,Not Applicable
,2016,2016,Male,M,American Indian or Alaska Native,1002-5,97 years,97,0,Not Applicable,Not Applicable
,2016,2016,Male,M,American Indian or Alaska Native,1002-5,98 years,98,0,Not Applicable,Not Applicable
,2016,2016,Male,M,American Indian or Alaska Native,1002-5,99 years,99,0,Not Applicable,Not Applicable
,2016,2016,Male,M,American Indian or Alaska Native,1002-5,100+ years,100,0,Not Applicable,Not Applicable
,2016,2016,Male,M,American Indian or Alaska Native,1002-5,Not Stated,NS,0,Not Applicable,Not Applicable
,2016,2016,Male,M,Asian or Pacific Islander,A-PI,< 1 year,0,0,128228,Unreliable
,2016,2016,Male,M,Asian or Pacific Islander,A-PI,1 year,1,0,132870,Unreliable
,2016,2016,Male,M,Asian or Pacific Islander,A-PI,2 years,2,0,131381,Unreliable
,2016,2016,Male,M,Asian or Pacific Islander,A-PI,3 years,3,0,134405,Unreliable
,2016,2016,Male,M,Asian or Pacific Islander,A-PI,4 years,4,0,129467,Unreliable
,2016,2016,Male,M,Asian or Pacific Islander,A-PI,5 years,5,0,127664,Unreliable
,2016,2016,Male,M,Asian or Pacific Islander,A-PI,6 years,6,0,130757,Unreliable
,2016,2016,Male,M,Asian or Pacific Islander,A-PI,7 years,7,0,129515,Unreliable
,2016,2016,Male,M,Asian or Pacific Islander,A-PI,8 years,8,0,133966,Unreliable
,2016,2016,Male,M,Asian or Pacific Islander,A-PI,9 years,9,0,132140,Unreliable
,2016,2016,Male,M,Asian or Pacific Islander,A-PI,10 years,10,0,130485,Unreliable
,2016,2016,Male,M,Asian or Pacific Islander,A-PI,11 years,11,0,130995,Unreliable
,2016,2016,Male,M,Asian or Pacific Islander,A-PI,12 years,12,0,130720,Unreliable
,2016,2016,Male,M,Asian or Pacific Islander,A-PI,13 years,13,0,129703,Unreliable
,2016,2016,Male,M,Asian or Pacific Islander,A-PI,14 years,14,0,124687,Unreliable
,2016,2016,Male,M,Asian or Pacific Islander,A-PI,15 years,15,0,129121,Unreliable
,2016,2016,Male,M,Asian or Pacific Islander,A-PI,18 years,18,0,130428,Unreliable
,2016,2016,Male,M,Asian or Pacific Islander,A-PI,23 years,23,10,157092,Unreliable
,2016,2016,Male,M,Asian or Pacific Islander,A-PI,25 years,25,12,173942,Unreliable
,2016,2016,Male,M,Asian or Pacific Islander,A-PI,30 years,30,10,168571,Unreliable
,2016,2016,Male,M,Asian or Pacific Islander,A-PI,33 years,33,11,166532,Unreliable
,2016,2016,Male,M,Asian or Pacific Islander,A-PI,49 years,49,0,119458,Unreliable
,2016,2016,Male,M,Asian or Pacific Islander,A-PI,50 years,50,0,120768,Unreliable
,2016,2016,Male,M,Asian or Pacific Islander,A-PI,52 years,52,0,122281,Unreliable
,2016,2016,Male,M,Asian or Pacific Islander,A-PI,57 years,57,0,105055,Unreliable
,2016,2016,Male,M,Asian or Pacific Islander,A-PI,60 years,60,0,98689,Unreliable
,2016,2016,Male,M,Asian or Pacific Islander,A-PI,62 years,62,0,90396,Unreliable
,2016,2016,Male,M,Asian or Pacific Islander,A-PI,64 years,64,0,80767,Unreliable
,2016,2016,Male,M,Asian or Pacific Islander,A-PI,67 years,67,0,73730,Unreliable
,2016,2016,Male,M,Asian or Pacific Islander,A-PI,69 years,69,0,64812,Unreliable
,2016,2016,Male,M,Asian or Pacific Islander,A-PI,70 years,70,0,55765,Unreliable
,2016,2016,Male,M,Asian or Pacific Islander,A-PI,71 years,71,0,53285,Unreliable
,2016,2016,Male,M,Asian or Pacific Islander,A-PI,72 years,72,0,49194,Unreliable
,2016,2016,Male,M,Asian or Pacific Islander,A-PI,73 years,73,0,45755,Unreliable
,2016,2016,Male,M,Asian or Pacific Islander,A-PI,74 years,74,0,42893,Unreliable
,2016,2016,Male,M,Asian or Pacific Islander,A-PI,75 years,75,0,39679,Unreliable
,2016,2016,Male,M,Asian or Pacific Islander,A-PI,76 years,76,0,38470,Unreliable
,2016,2016,Male,M,Asian or Pacific Islander,A-PI,77 years,77,0,34477,Unreliable
,2016,2016,Male,M,Asian or Pacific Islander,A-PI,79 years,79,0,29043,Unreliable
,2016,2016,Male,M,Asian or Pacific Islander,A-PI,80 years,80,0,26426,Unreliable
,2016,2016,Male,M,Asian or Pacific Islander,A-PI,81 years,81,0,23966,Unreliable
,2016,2016,Male,M,Asian or Pacific Islander,A-PI,82 years,82,0,21030,Unreliable
,2016,2016,Male,M,Asian or Pacific Islander,A-PI,83 years,83,0,19055,Unreliable
,2016,2016,Male,M,Asian or Pacific Islander,A-PI,84 years,84,0,16782,Unreliable
,2016,2016,Male,M,Asian or Pacific Islander,A-PI,85 years,85,0,Not Applicable,Not Applicable
,2016,2016,Male,M,Asian or Pacific Islander,A-PI,86 years,86,0,Not Applicable,Not Applicable
,2016,2016,Male,M,Asian or Pacific Islander,A-PI,87 years,87,0,Not Applicable,Not Applicable
,2016,2016,Male,M,Asian or Pacific Islander,A-PI,88 years,88,0,Not Applicable,Not Applicable
,2016,2016,Male,M,Asian or Pacific Islander,A-PI,89 years,89,0,Not Applicable,Not Applicable
,2016,2016,Male,M,Asian or Pacific Islander,A-PI,90 years,90,0,Not Applicable,Not Applicable
,2016,2016,Male,M,Asian or Pacific Islander,A-PI,91 years,91,0,Not Applicable,Not Applicable
,2016,2016,Male,M,Asian or Pacific Islander,A-PI,92 years,92,0,Not Applicable,Not Applicable
,2016,2016,Male,M,Asian or Pacific Islander,A-PI,93 years,93,0,Not Applicable,Not Applicable
,2016,2016,Male,M,Asian or Pacific Islander,A-PI,94 years,94,0,Not Applicable,Not Applicable
,2016,2016,Male,M,Asian or Pacific Islander,A-PI,95 years,95,0,Not Applicable,Not Applicable
,2016,2016,Male,M,Asian or Pacific Islander,A-PI,96 years,96,0,Not Applicable,Not Applicable
,2016,2016,Male,M,Asian or Pacific Islander,A-PI,97 years,97,0,Not Applicable,Not Applicable
,2016,2016,Male,M,Asian or Pacific Islander,A-PI,98 years,98,0,Not Applicable,Not Applicable
,2016,2016,Male,M,Asian or Pacific Islander,A-PI,99 years,99,0,Not Applicable,Not Applicable
,2016,2016,Male,M,Asian or Pacific Islander,A-PI,100+ years,100,0,Not Applicable,Not Applicable
,2016,2016,Male,M,Asian or Pacific Islander,A-PI,Not Stated,NS,0,Not Applicable,Not Applicable
,2016,2016,Male,M,Black or African American,2054-5,6 years,6,0,346725,Unreliable
,2016,2016,Male,M,Black or African American,2054-5,7 years,7,0,348344,Unreliable
,2016,2016,Male,M,Black or African American,2054-5,8 years,8,0,358414,Unreliable
,2016,2016,Male,M,Black or African American,2054-5,10 years,10,0,347213,Unreliable
,2016,2016,Male,M,Black or African American,2054-5,11 years,11,0,341956,Unreliable
,2016,2016,Male,M,Black or African American,2054-5,12 years,12,0,338388,Unreliable
,2016,2016,Male,M,Black or African American,2054-5,16 years,16,0,361434,Unreliable
,2016,2016,Male,M,Black or African American,2054-5,19 years,19,10,353281,Unreliable
,2016,2016,Male,M,Black or African American,2054-5,20 years,20,10,354176,Unreliable
,2016,2016,Male,M,Black or African American,2054-5,21 years,21,18,372132,Unreliable
,2016,2016,Male,M,Black or African American,2054-5,22 years,22,29,387327,7.5
,2016,2016,Male,M,Black or African American,2054-5,23 years,23,42,398233,10.5
,2016,2016,Male,M,Black or African American,2054-5,24 years,24,45,402744,11.2
,2016,2016,Male,M,Black or African American,2054-5,25 years,25,49,402490,12.2
,2016,2016,Male,M,Black or African American,2054-5,26 years,26,45,391539,11.5
,2016,2016,Male,M,Black or African American,2054-5,27 years,27,48,363444,13.2
,2016,2016,Male,M,Black or African American,2054-5,28 years,28,51,339095,15
,2016,2016,Male,M,Black or African American,2054-5,29 years,29,43,323396,13.3
,2016,2016,Male,M,Black or African American,2054-5,30 years,30,35,315885,11.1
,2016,2016,Male,M,Black or African American,2054-5,31 years,31,43,312673,13.8
,2016,2016,Male,M,Black or African American,2054-5,32 years,32,44,296321,14.8
,2016,2016,Male,M,Black or African American,2054-5,33 years,33,48,298183,16.1
,2016,2016,Male,M,Black or African American,2054-5,34 years,34,37,295856,12.5
,2016,2016,Male,M,Black or African American,2054-5,35 years,35,40,292322,13.7
,2016,2016,Male,M,Black or African American,2054-5,36 years,36,38,304596,12.5
,2016,2016,Male,M,Black or African American,2054-5,37 years,37,45,281158,16
,2016,2016,Male,M,Black or African American,2054-5,38 years,38,41,270564,15.2
,2016,2016,Male,M,Black or African American,2054-5,39 years,39,37,265377,13.9
,2016,2016,Male,M,Black or African American,2054-5,40 years,40,41,255322,16.1
,2016,2016,Male,M,Black or African American,2054-5,41 years,41,34,261189,13
,2016,2016,Male,M,Black or African American,2054-5,42 years,42,32,250107,12.8
,2016,2016,Male,M,Black or African American,2054-5,43 years,43,38,256508,14.8
,2016,2016,Male,M,Black or African American,2054-5,44 years,44,56,265434,21.1
,2016,2016,Male,M,Black or African American,2054-5,45 years,45,49,274938,17.8
,2016,2016,Male,M,Black or African American,2054-5,46 years,46,52,277540,18.7
,2016,2016,Male,M,Black or African American,2054-5,47 years,47,57,256550,22.2
,2016,2016,Male,M,Black or African American,2054-5,48 years,48,53,257061,20.6
,2016,2016,Male,M,Black or African American,2054-5,49 years,49,70,254552,27.5
,2016,2016,Male,M,Black or African American,2054-5,50 years,50,51,264105,19.3
,2016,2016,Male,M,Black or African American,2054-5,51 years,51,64,276744,23.1
,2016,2016,Male,M,Black or African American,2054-5,52 years,52,59,273206,21.6
,2016,2016,Male,M,Black or African American,2054-5,53 years,53,67,268261,25
,2016,2016,Male,M,Black or African American,2054-5,54 years,54,74,263708,28.1
,2016,2016,Male,M,Black or African American,2054-5,55 years,55,61,262977,23.2
,2016,2016,Male,M,Black or African American,2054-5,56 years,56,65,269195,24.1
,2016,2016,Male,M,Black or African American,2054-5,57 years,57,75,254345,29.5
,2016,2016,Male,M,Black or African American,2054-5,58 years,58,76,245629,30.9
,2016,2016,Male,M,Black or African American,2054-5,59 years,59,46,239639,19.2
,2016,2016,Male,M,Black or African American,2054-5,60 years,60,38,227458,16.7
,2016,2016,Male,M,Black or African American,2054-5,61 years,61,45,220316,20.4
,2016,2016,Male,M,Black or African American,2054-5,62 years,62,44,202715,21.7
,2016,2016,Male,M,Black or African American,2054-5,63 years,63,36,187436,19.2
,2016,2016,Male,M,Black or African American,2054-5,64 years,64,49,175099,28
,2016,2016,Male,M,Black or African American,2054-5,65 years,65,33,170846,19.3
,2016,2016,Male,M,Black or African American,2054-5,66 years,66,15,164994,Unreliable
,2016,2016,Male,M,Black or African American,2054-5,67 years,67,26,150780,17.2
,2016,2016,Male,M,Black or African American,2054-5,68 years,68,21,141434,14.8
,2016,2016,Male,M,Black or African American,2054-5,69 years,69,11,132434,Unreliable
,2016,2016,Male,M,Black or African American,2054-5,77 years,77,0,60500,Unreliable
,2016,2016,Male,M,Black or African American,2054-5,78 years,78,0,55447,Unreliable
,2016,2016,Male,M,Black or African American,2054-5,81 years,81,0,41997,Unreliable
,2016,2016,Male,M,Black or African American,2054-5,82 years,82,0,36193,Unreliable
,2016,2016,Male,M,Black or African American,2054-5,83 years,83,0,32689,Unreliable
,2016,2016,Male,M,Black or African American,2054-5,84 years,84,0,28209,Unreliable
,2016,2016,Male,M,Black or African American,2054-5,86 years,86,0,Not Applicable,Not Applicable
,2016,2016,Male,M,Black or African American,2054-5,87 years,87,0,Not Applicable,Not Applicable
,2016,2016,Male,M,Black or African American,2054-5,88 years,88,0,Not Applicable,Not Applicable
,2016,2016,Male,M,Black or African American,2054-5,89 years,89,0,Not Applicable,Not Applicable
,2016,2016,Male,M,Black or African American,2054-5,90 years,90,0,Not Applicable,Not Applicable
,2016,2016,Male,M,Black or African American,2054-5,91 years,91,0,Not Applicable,Not Applicable
,2016,2016,Male,M,Black or African American,2054-5,92 years,92,0,Not Applicable,Not Applicable
,2016,2016,Male,M,Black or African American,2054-5,93 years,93,0,Not Applicable,Not Applicable
,2016,2016,Male,M,Black or African American,2054-5,94 years,94,0,Not Applicable,Not Applicable
,2016,2016,Male,M,Black or African American,2054-5,95 years,95,0,Not Applicable,Not Applicable
,2016,2016,Male,M,Black or African American,2054-5,96 years,96,0,Not Applicable,Not Applicable
,2016,2016,Male,M,Black or African American,2054-5,97 years,97,0,Not Applicable,Not Applicable
,2016,2016,Male,M,Black or African American,2054-5,98 years,98,0,Not Applicable,Not Applicable
,2016,2016,Male,M,Black or African American,2054-5,99 years,99,0,Not Applicable,Not Applicable
,2016,2016,Male,M,Black or African American,2054-5,100+ years,100,0,Not Applicable,Not Applicable
,2016,2016,Male,M,Black or African American,2054-5,Not Stated,NS,0,Not Applicable,Not Applicable
,2016,2016,Male,M,White,2106-3,4 years,4,0,1522932,Unreliable
,2016,2016,Male,M,White,2106-3,6 years,6,0,1539886,Unreliable
,2016,2016,Male,M,White,2106-3,7 years,7,0,1538749,Unreliable
,2016,2016,Male,M,White,2106-3,8 years,8,0,1589364,Unreliable
,2016,2016,Male,M,White,2106-3,9 years,9,0,1602882,Unreliable
,2016,2016,Male,M,White,2106-3,10 years,10,0,1599087,Unreliable
,2016,2016,Male,M,White,2106-3,11 years,11,0,1596288,Unreliable
,2016,2016,Male,M,White,2106-3,16 years,16,17,1652631,Unreliable
,2016,2016,Male,M,White,2106-3,17 years,17,33,1633604,2
,2016,2016,Male,M,White,2106-3,18 years,18,80,1635410,4.9
,2016,2016,Male,M,White,2106-3,19 years,19,134,1643118,8.2
,2016,2016,Male,M,White,2106-3,20 years,20,173,1664884,10.4
,2016,2016,Male,M,White,2106-3,21 years,21,253,1697087,14.9
,2016,2016,Male,M,White,2106-3,22 years,22,320,1723436,18.6
,2016,2016,Male,M,White,2106-3,23 years,23,399,1746239,22.8
,2016,2016,Male,M,White,2106-3,24 years,24,448,1786381,25.1
,2016,2016,Male,M,White,2106-3,25 years,25,484,1807326,26.8
,2016,2016,Male,M,White,2106-3,26 years,26,484,1804611,26.8
,2016,2016,Male,M,White,2106-3,27 years,27,544,1738658,31.3
,2016,2016,Male,M,White,2106-3,28 years,28,577,1710692,33.7
,2016,2016,Male,M,White,2106-3,29 years,29,532,1690903,31.5
,2016,2016,Male,M,White,2106-3,30 years,30,602,1703731,35.3
,2016,2016,Male,M,White,2106-3,31 years,31,564,1715210,32.9
,2016,2016,Male,M,White,2106-3,32 years,32,551,1655510,33.3
,2016,2016,Male,M,White,2106-3,33 years,33,578,1681013,34.4
,2016,2016,Male,M,White,2106-3,34 years,34,590,1678474,35.2
,2016,2016,Male,M,White,2106-3,35 years,35,564,1662643,33.9
,2016,2016,Male,M,White,2106-3,36 years,36,550,1695695,32.4
,2016,2016,Male,M,White,2106-3,37 years,37,525,1584168,33.1
,2016,2016,Male,M,White,2106-3,38 years,38,466,1557251,29.9
,2016,2016,Male,M,White,2106-3,39 years,39,441,1536448,28.7
,2016,2016,Male,M,White,2106-3,40 years,40,401,1489068,26.9
,2016,2016,Male,M,White,2106-3,41 years,41,426,1540159,27.7
,2016,2016,Male,M,White,2106-3,42 years,42,379,1485827,25.5
,2016,2016,Male,M,White,2106-3,43 years,43,381,1502092,25.4
,2016,2016,Male,M,White,2106-3,44 years,44,425,1583119,26.8
,2016,2016,Male,M,White,2106-3,45 years,45,397,1689537,23.5
,2016,2016,Male,M,White,2106-3,46 years,46,404,1720401,23.5
,2016,2016,Male,M,White,2106-3,47 years,47,348,1634110,21.3
,2016,2016,Male,M,White,2106-3,48 years,48,368,1595398,23.1
,2016,2016,Male,M,White,2106-3,49 years,49,353,1602761,22
,2016,2016,Male,M,White,2106-3,50 years,50,361,1628037,22.2
,2016,2016,Male,M,White,2106-3,51 years,51,350,1730189,20.2
,2016,2016,Male,M,White,2106-3,52 years,52,386,1763241,21.9
,2016,2016,Male,M,White,2106-3,53 years,53,372,1760333,21.1
,2016,2016,Male,M,White,2106-3,54 years,54,340,1765729,19.3
,2016,2016,Male,M,White,2106-3,55 years,55,361,1789411,20.2
,2016,2016,Male,M,White,2106-3,56 years,56,332,1798271,18.5
,2016,2016,Male,M,White,2106-3,57 years,57,309,1737364,17.8
,2016,2016,Male,M,White,2106-3,58 years,58,293,1727329,17
,2016,2016,Male,M,White,2106-3,59 years,59,262,1704767,15.4
,2016,2016,Male,M,White,2106-3,60 years,60,201,1637146,12.3
,2016,2016,Male,M,White,2106-3,61 years,61,204,1623350,12.6
,2016,2016,Male,M,White,2106-3,62 years,62,188,1555187,12.1
,2016,2016,Male,M,White,2106-3,63 years,63,149,1497341,10
,2016,2016,Male,M,White,2106-3,64 years,64,115,1441820,8
,2016,2016,Male,M,White,2106-3,65 years,65,86,1388169,6.2
,2016,2016,Male,M,White,2106-3,66 years,66,68,1349083,5
,2016,2016,Male,M,White,2106-3,67 years,67,48,1315290,3.6
,2016,2016,Male,M,White,2106-3,68 years,68,41,1307757,3.1
,2016,2016,Male,M,White,2106-3,69 years,69,41,1379738,3
,2016,2016,Male,M,White,2106-3,70 years,70,29,991642,2.9
,2016,2016,Male,M,White,2106-3,71 years,71,24,971238,2.5
,2016,2016,Male,M,White,2106-3,72 years,72,20,943039,2.1
,2016,2016,Male,M,White,2106-3,73 years,73,19,965689,Unreliable
,2016,2016,Male,M,White,2106-3,74 years,74,18,824477,Unreliable
,2016,2016,Male,M,White,2106-3,75 years,75,16,738651,Unreliable
,2016,2016,Male,M,White,2106-3,78 years,78,13,604094,Unreliable
,2016,2016,Male,M,White,2106-3,89 years,89,0,Not Applicable,Not Applicable
,2016,2016,Male,M,White,2106-3,92 years,92,0,Not Applicable,Not Applicable
,2016,2016,Male,M,White,2106-3,94 years,94,0,Not Applicable,Not Applicable
,2016,2016,Male,M,White,2106-3,96 years,96,0,Not Applicable,Not Applicable
,2016,2016,Male,M,White,2106-3,98 years,98,0,Not Applicable,Not Applicable
,2016,2016,Male,M,White,2106-3,99 years,99,0,Not Applicable,Not Applicable
,2016,2016,Male,M,White,2106-3,100+ years,100,0,Not Applicable,Not Applicable
,2017,2017,Female,F,American Indian or Alaska Native,1002-5,< 1 year,0,0,37522,Unreliable
,2017,2017,Female,F,American Indian or Alaska Native,1002-5,1 year,1,0,37741,Unreliable
,2017,2017,Female,F,American Indian or Alaska Native,1002-5,2 years,2,0,37867,Unreliable
,2017,2017,Female,F,American Indian or Alaska Native,1002-5,3 years,3,0,37921,Unreliable
,2017,2017,Female,F,American Indian or Alaska Native,1002-5,4 years,4,0,37581,Unreliable
,2017,2017,Female,F,American Indian or Alaska Native,1002-5,5 years,5,0,38077,Unreliable
,2017,2017,Female,F,American Indian or Alaska Native,1002-5,6 years,6,0,37356,Unreliable
,2017,2017,Female,F,American Indian or Alaska Native,1002-5,7 years,7,0,38253,Unreliable
,2017,2017,Female,F,American Indian or Alaska Native,1002-5,8 years,8,0,37876,Unreliable
,2017,2017,Female,F,American Indian or Alaska Native,1002-5,9 years,9,0,39138,Unreliable
,2017,2017,Female,F,American Indian or Alaska Native,1002-5,10 years,10,0,39259,Unreliable
,2017,2017,Female,F,American Indian or Alaska Native,1002-5,11 years,11,0,38533,Unreliable
,2017,2017,Female,F,American Indian or Alaska Native,1002-5,12 years,12,0,38553,Unreliable
,2017,2017,Female,F,American Indian or Alaska Native,1002-5,13 years,13,0,37600,Unreliable
,2017,2017,Female,F,American Indian or Alaska Native,1002-5,14 years,14,0,36890,Unreliable
,2017,2017,Female,F,American Indian or Alaska Native,1002-5,15 years,15,0,36648,Unreliable
,2017,2017,Female,F,American Indian or Alaska Native,1002-5,17 years,17,0,37777,Unreliable
,2017,2017,Female,F,American Indian or Alaska Native,1002-5,22 years,22,0,37177,Unreliable
,2017,2017,Female,F,American Indian or Alaska Native,1002-5,28 years,28,0,35547,Unreliable
,2017,2017,Female,F,American Indian or Alaska Native,1002-5,38 years,38,0,30328,Unreliable
,2017,2017,Female,F,American Indian or Alaska Native,1002-5,58 years,58,0,25734,Unreliable
,2017,2017,Female,F,American Indian or Alaska Native,1002-5,59 years,59,0,24954,Unreliable
,2017,2017,Female,F,American Indian or Alaska Native,1002-5,62 years,62,0,22183,Unreliable
,2017,2017,Female,F,American Indian or Alaska Native,1002-5,66 years,66,0,17302,Unreliable
,2017,2017,Female,F,American Indian or Alaska Native,1002-5,68 years,68,0,15377,Unreliable
,2017,2017,Female,F,American Indian or Alaska Native,1002-5,69 years,69,0,14565,Unreliable
,2017,2017,Female,F,American Indian or Alaska Native,1002-5,71 years,71,0,11171,Unreliable
,2017,2017,Female,F,American Indian or Alaska Native,1002-5,72 years,72,0,10780,Unreliable
,2017,2017,Female,F,American Indian or Alaska Native,1002-5,73 years,73,0,10091,Unreliable
,2017,2017,Female,F,American Indian or Alaska Native,1002-5,74 years,74,0,9538,Unreliable
,2017,2017,Female,F,American Indian or Alaska Native,1002-5,75 years,75,0,8373,Unreliable
,2017,2017,Female,F,American Indian or Alaska Native,1002-5,76 years,76,0,7706,Unreliable
,2017,2017,Female,F,American Indian or Alaska Native,1002-5,77 years,77,0,7245,Unreliable
,2017,2017,Female,F,American Indian or Alaska Native,1002-5,78 years,78,0,6453,Unreliable
,2017,2017,Female,F,American Indian or Alaska Native,1002-5,79 years,79,0,6131,Unreliable
,2017,2017,Female,F,American Indian or Alaska Native,1002-5,80 years,80,0,5387,Unreliable
,2017,2017,Female,F,American Indian or Alaska Native,1002-5,81 years,81,0,5031,Unreliable
,2017,2017,Female,F,American Indian or Alaska Native,1002-5,82 years,82,0,4693,Unreliable
,2017,2017,Female,F,American Indian or Alaska Native,1002-5,83 years,83,0,3946,Unreliable
,2017,2017,Female,F,American Indian or Alaska Native,1002-5,84 years,84,0,3686,Unreliable
,2017,2017,Female,F,American Indian or Alaska Native,1002-5,85 years,85,0,Not Applicable,Not Applicable
,2017,2017,Female,F,American Indian or Alaska Native,1002-5,86 years,86,0,Not Applicable,Not Applicable
,2017,2017,Female,F,American Indian or Alaska Native,1002-5,87 years,87,0,Not Applicable,Not Applicable
,2017,2017,Female,F,American Indian or Alaska Native,1002-5,88 years,88,0,Not Applicable,Not Applicable
,2017,2017,Female,F,American Indian or Alaska Native,1002-5,89 years,89,0,Not Applicable,Not Applicable
,2017,2017,Female,F,American Indian or Alaska Native,1002-5,90 years,90,0,Not Applicable,Not Applicable
,2017,2017,Female,F,American Indian or Alaska Native,1002-5,91 years,91,0,Not Applicable,Not Applicable
,2017,2017,Female,F,American Indian or Alaska Native,1002-5,92 years,92,0,Not Applicable,Not Applicable
,2017,2017,Female,F,American Indian or Alaska Native,1002-5,93 years,93,0,Not Applicable,Not Applicable
,2017,2017,Female,F,American Indian or Alaska Native,1002-5,94 years,94,0,Not Applicable,Not Applicable
,2017,2017,Female,F,American Indian or Alaska Native,1002-5,95 years,95,0,Not Applicable,Not Applicable
,2017,2017,Female,F,American Indian or Alaska Native,1002-5,96 years,96,0,Not Applicable,Not Applicable
,2017,2017,Female,F,American Indian or Alaska Native,1002-5,97 years,97,0,Not Applicable,Not Applicable
,2017,2017,Female,F,American Indian or Alaska Native,1002-5,98 years,98,0,Not Applicable,Not Applicable
,2017,2017,Female,F,American Indian or Alaska Native,1002-5,99 years,99,0,Not Applicable,Not Applicable
,2017,2017,Female,F,American Indian or Alaska Native,1002-5,100+ years,100,0,Not Applicable,Not Applicable
,2017,2017,Female,F,American Indian or Alaska Native,1002-5,Not Stated,NS,0,Not Applicable,Not Applicable
,2017,2017,Female,F,Asian or Pacific Islander,A-PI,< 1 year,0,0,119599,Unreliable
,2017,2017,Female,F,Asian or Pacific Islander,A-PI,1 year,1,0,123398,Unreliable
,2017,2017,Female,F,Asian or Pacific Islander,A-PI,2 years,2,0,128842,Unreliable
,2017,2017,Female,F,Asian or Pacific Islander,A-PI,3 years,3,0,126613,Unreliable
,2017,2017,Female,F,Asian or Pacific Islander,A-PI,4 years,4,0,128608,Unreliable
,2017,2017,Female,F,Asian or Pacific Islander,A-PI,5 years,5,0,124939,Unreliable
,2017,2017,Female,F,Asian or Pacific Islander,A-PI,6 years,6,0,122712,Unreliable
,2017,2017,Female,F,Asian or Pacific Islander,A-PI,7 years,7,0,127750,Unreliable
,2017,2017,Female,F,Asian or Pacific Islander,A-PI,8 years,8,0,127643,Unreliable
,2017,2017,Female,F,Asian or Pacific Islander,A-PI,9 years,9,0,131630,Unreliable
,2017,2017,Female,F,Asian or Pacific Islander,A-PI,10 years,10,0,129421,Unreliable
,2017,2017,Female,F,Asian or Pacific Islander,A-PI,11 years,11,0,128774,Unreliable
,2017,2017,Female,F,Asian or Pacific Islander,A-PI,12 years,12,0,131686,Unreliable
,2017,2017,Female,F,Asian or Pacific Islander,A-PI,13 years,13,0,132077,Unreliable
,2017,2017,Female,F,Asian or Pacific Islander,A-PI,14 years,14,0,131237,Unreliable
,2017,2017,Female,F,Asian or Pacific Islander,A-PI,15 years,15,0,126360,Unreliable
,2017,2017,Female,F,Asian or Pacific Islander,A-PI,16 years,16,0,130591,Unreliable
,2017,2017,Female,F,Asian or Pacific Islander,A-PI,17 years,17,0,130822,Unreliable
,2017,2017,Female,F,Asian or Pacific Islander,A-PI,18 years,18,0,129649,Unreliable
,2017,2017,Female,F,Asian or Pacific Islander,A-PI,19 years,19,0,135213,Unreliable
,2017,2017,Female,F,Asian or Pacific Islander,A-PI,24 years,24,0,162156,Unreliable
,2017,2017,Female,F,Asian or Pacific Islander,A-PI,29 years,29,0,187714,Unreliable
,2017,2017,Female,F,Asian or Pacific Islander,A-PI,32 years,32,0,189368,Unreliable
,2017,2017,Female,F,Asian or Pacific Islander,A-PI,41 years,41,0,169586,Unreliable
,2017,2017,Female,F,Asian or Pacific Islander,A-PI,49 years,49,0,148839,Unreliable
,2017,2017,Female,F,Asian or Pacific Islander,A-PI,53 years,53,0,142918,Unreliable
,2017,2017,Female,F,Asian or Pacific Islander,A-PI,56 years,56,0,128800,Unreliable
,2017,2017,Female,F,Asian or Pacific Islander,A-PI,62 years,62,0,120030,Unreliable
,2017,2017,Female,F,Asian or Pacific Islander,A-PI,64 years,64,0,107428,Unreliable
,2017,2017,Female,F,Asian or Pacific Islander,A-PI,65 years,65,0,102169,Unreliable
,2017,2017,Female,F,Asian or Pacific Islander,A-PI,66 years,66,0,98667,Unreliable
,2017,2017,Female,F,Asian or Pacific Islander,A-PI,68 years,68,0,93549,Unreliable
,2017,2017,Female,F,Asian or Pacific Islander,A-PI,69 years,69,0,87979,Unreliable
,2017,2017,Female,F,Asian or Pacific Islander,A-PI,70 years,70,0,81979,Unreliable
,2017,2017,Female,F,Asian or Pacific Islander,A-PI,71 years,71,0,69326,Unreliable
,2017,2017,Female,F,Asian or Pacific Islander,A-PI,73 years,73,0,61053,Unreliable
,2017,2017,Female,F,Asian or Pacific Islander,A-PI,74 years,74,0,55919,Unreliable
,2017,2017,Female,F,Asian or Pacific Islander,A-PI,75 years,75,0,53784,Unreliable
,2017,2017,Female,F,Asian or Pacific Islander,A-PI,76 years,76,0,49371,Unreliable
,2017,2017,Female,F,Asian or Pacific Islander,A-PI,79 years,79,0,39759,Unreliable
,2017,2017,Female,F,Asian or Pacific Islander,A-PI,80 years,80,0,36668,Unreliable
,2017,2017,Female,F,Asian or Pacific Islander,A-PI,81 years,81,0,34086,Unreliable
,2017,2017,Female,F,Asian or Pacific Islander,A-PI,82 years,82,0,31732,Unreliable
,2017,2017,Female,F,Asian or Pacific Islander,A-PI,83 years,83,0,28337,Unreliable
,2017,2017,Female,F,Asian or Pacific Islander,A-PI,84 years,84,0,27211,Unreliable
,2017,2017,Female,F,Asian or Pacific Islander,A-PI,85 years,85,0,Not Applicable,Not Applicable
,2017,2017,Female,F,Asian or Pacific Islander,A-PI,86 years,86,0,Not Applicable,Not Applicable
,2017,2017,Female,F,Asian or Pacific Islander,A-PI,87 years,87,0,Not Applicable,Not Applicable
,2017,2017,Female,F,Asian or Pacific Islander,A-PI,88 years,88,0,Not Applicable,Not Applicable
,2017,2017,Female,F,Asian or Pacific Islander,A-PI,89 years,89,0,Not Applicable,Not Applicable
,2017,2017,Female,F,Asian or Pacific Islander,A-PI,90 years,90,0,Not Applicable,Not Applicable
,2017,2017,Female,F,Asian or Pacific Islander,A-PI,91 years,91,0,Not Applicable,Not Applicable
,2017,2017,Female,F,Asian or Pacific Islander,A-PI,92 years,92,0,Not Applicable,Not Applicable
,2017,2017,Female,F,Asian or Pacific Islander,A-PI,93 years,93,0,Not Applicable,Not Applicable
,2017,2017,Female,F,Asian or Pacific Islander,A-PI,94 years,94,0,Not Applicable,Not Applicable
,2017,2017,Female,F,Asian or Pacific Islander,A-PI,95 years,95,0,Not Applicable,Not Applicable
,2017,2017,Female,F,Asian or Pacific Islander,A-PI,96 years,96,0,Not Applicable,Not Applicable
,2017,2017,Female,F,Asian or Pacific Islander,A-PI,97 years,97,0,Not Applicable,Not Applicable
,2017,2017,Female,F,Asian or Pacific Islander,A-PI,98 years,98,0,Not Applicable,Not Applicable
,2017,2017,Female,F,Asian or Pacific Islander,A-PI,99 years,99,0,Not Applicable,Not Applicable
,2017,2017,Female,F,Asian or Pacific Islander,A-PI,100+ years,100,0,Not Applicable,Not Applicable
,2017,2017,Female,F,Asian or Pacific Islander,A-PI,Not Stated,NS,0,Not Applicable,Not Applicable
,2017,2017,Female,F,Black or African American,2054-5,3 years,3,0,337026,Unreliable
,2017,2017,Female,F,Black or African American,2054-5,4 years,4,0,334969,Unreliable
,2017,2017,Female,F,Black or African American,2054-5,5 years,5,0,334091,Unreliable
,2017,2017,Female,F,Black or African American,2054-5,6 years,6,0,335739,Unreliable
,2017,2017,Female,F,Black or African American,2054-5,7 years,7,0,336349,Unreliable
,2017,2017,Female,F,Black or African American,2054-5,8 years,8,0,339229,Unreliable
,2017,2017,Female,F,Black or African American,2054-5,9 years,9,0,349658,Unreliable
,2017,2017,Female,F,Black or African American,2054-5,10 years,10,0,346959,Unreliable
,2017,2017,Female,F,Black or African American,2054-5,11 years,11,0,339088,Unreliable
,2017,2017,Female,F,Black or African American,2054-5,13 years,13,0,329574,Unreliable
,2017,2017,Female,F,Black or African American,2054-5,20 years,20,10,344915,Unreliable
,2017,2017,Female,F,Black or African American,2054-5,21 years,21,16,345382,Unreliable
,2017,2017,Female,F,Black or African American,2054-5,22 years,22,15,360332,Unreliable
,2017,2017,Female,F,Black or African American,2054-5,23 years,23,26,375707,6.9
,2017,2017,Female,F,Black or African American,2054-5,24 years,24,27,383405,7
,2017,2017,Female,F,Black or African American,2054-5,25 years,25,20,393315,5.1
,2017,2017,Female,F,Black or African American,2054-5,26 years,26,24,400655,6
,2017,2017,Female,F,Black or African American,2054-5,27 years,27,32,395919,8.1
,2017,2017,Female,F,Black or African American,2054-5,28 years,28,39,372218,10.5
,2017,2017,Female,F,Black or African American,2054-5,29 years,29,20,350283,5.7
,2017,2017,Female,F,Black or African American,2054-5,30 years,30,27,338066,8
,2017,2017,Female,F,Black or African American,2054-5,31 years,31,21,333268,6.3
,2017,2017,Female,F,Black or African American,2054-5,32 years,32,38,332513,11.4
,2017,2017,Female,F,Black or African American,2054-5,33 years,33,24,319724,7.5
,2017,2017,Female,F,Black or African American,2054-5,34 years,34,32,324445,9.9
,2017,2017,Female,F,Black or African American,2054-5,35 years,35,26,324985,8
,2017,2017,Female,F,Black or African American,2054-5,36 years,36,43,323069,13.3
,2017,2017,Female,F,Black or African American,2054-5,37 years,37,28,334230,8.4
,2017,2017,Female,F,Black or African American,2054-5,38 years,38,33,313423,10.5
,2017,2017,Female,F,Black or African American,2054-5,39 years,39,37,302582,12.2
,2017,2017,Female,F,Black or African American,2054-5,40 years,40,24,299630,8
,2017,2017,Female,F,Black or African American,2054-5,41 years,41,27,287351,9.4
,2017,2017,Female,F,Black or African American,2054-5,42 years,42,28,293571,9.5
,2017,2017,Female,F,Black or African American,2054-5,43 years,43,20,284210,7
,2017,2017,Female,F,Black or African American,2054-5,44 years,44,21,292317,7.2
,2017,2017,Female,F,Black or African American,2054-5,45 years,45,20,301153,6.6
,2017,2017,Female,F,Black or African American,2054-5,46 years,46,39,314336,12.4
,2017,2017,Female,F,Black or African American,2054-5,47 years,47,37,310851,11.9
,2017,2017,Female,F,Black or African American,2054-5,48 years,48,38,288540,13.2
,2017,2017,Female,F,Black or African American,2054-5,49 years,49,33,289508,11.4
,2017,2017,Female,F,Black or African American,2054-5,50 years,50,34,288886,11.8
,2017,2017,Female,F,Black or African American,2054-5,51 years,51,50,297775,16.8
,2017,2017,Female,F,Black or African American,2054-5,52 years,52,54,311217,17.4
,2017,2017,Female,F,Black or African American,2054-5,53 years,53,37,309097,12
,2017,2017,Female,F,Black or African American,2054-5,54 years,54,42,304641,13.8
,2017,2017,Female,F,Black or African American,2054-5,55 years,55,46,301201,15.3
,2017,2017,Female,F,Black or African American,2054-5,56 years,56,39,301781,12.9
,2017,2017,Female,F,Black or African American,2054-5,57 years,57,37,307245,12
,2017,2017,Female,F,Black or African American,2054-5,58 years,58,26,293250,8.9
,2017,2017,Female,F,Black or African American,2054-5,59 years,59,38,283636,13.4
,2017,2017,Female,F,Black or African American,2054-5,60 years,60,37,281728,13.1
,2017,2017,Female,F,Black or African American,2054-5,61 years,61,16,269781,Unreliable
,2017,2017,Female,F,Black or African American,2054-5,62 years,62,24,261881,9.2
,2017,2017,Female,F,Black or African American,2054-5,63 years,63,16,246602,Unreliable
,2017,2017,Female,F,Black or African American,2054-5,64 years,64,16,230519,Unreliable
,2017,2017,Female,F,Black or African American,2054-5,65 years,65,13,218318,Unreliable
,2017,2017,Female,F,Black or African American,2054-5,66 years,66,10,215435,Unreliable
,2017,2017,Female,F,Black or African American,2054-5,67 years,67,11,207956,Unreliable
,2017,2017,Female,F,Black or African American,2054-5,77 years,77,0,98266,Unreliable
,2017,2017,Female,F,Black or African American,2054-5,79 years,79,0,83303,Unreliable
,2017,2017,Female,F,Black or African American,2054-5,80 years,80,0,76254,Unreliable
,2017,2017,Female,F,Black or African American,2054-5,81 years,81,0,72985,Unreliable
,2017,2017,Female,F,Black or African American,2054-5,82 years,82,0,67936,Unreliable
,2017,2017,Female,F,Black or African American,2054-5,83 years,83,0,60091,Unreliable
,2017,2017,Female,F,Black or African American,2054-5,84 years,84,0,55762,Unreliable
,2017,2017,Female,F,Black or African American,2054-5,85 years,85,0,Not Applicable,Not Applicable
,2017,2017,Female,F,Black or African American,2054-5,86 years,86,0,Not Applicable,Not Applicable
,2017,2017,Female,F,Black or African American,2054-5,87 years,87,0,Not Applicable,Not Applicable
,2017,2017,Female,F,Black or African American,2054-5,88 years,88,0,Not Applicable,Not Applicable
,2017,2017,Female,F,Black or African American,2054-5,89 years,89,0,Not Applicable,Not Applicable
,2017,2017,Female,F,Black or African American,2054-5,90 years,90,0,Not Applicable,Not Applicable
,2017,2017,Female,F,Black or African American,2054-5,92 years,92,0,Not Applicable,Not Applicable
,2017,2017,Female,F,Black or African American,2054-5,93 years,93,0,Not Applicable,Not Applicable
,2017,2017,Female,F,Black or African American,2054-5,94 years,94,0,Not Applicable,Not Applicable
,2017,2017,Female,F,Black or African American,2054-5,95 years,95,0,Not Applicable,Not Applicable
,2017,2017,Female,F,Black or African American,2054-5,96 years,96,0,Not Applicable,Not Applicable
,2017,2017,Female,F,Black or African American,2054-5,97 years,97,0,Not Applicable,Not Applicable
,2017,2017,Female,F,Black or African American,2054-5,98 years,98,0,Not Applicable,Not Applicable
,2017,2017,Female,F,Black or African American,2054-5,99 years,99,0,Not Applicable,Not Applicable
,2017,2017,Female,F,Black or African American,2054-5,100+ years,100,0,Not Applicable,Not Applicable
,2017,2017,Female,F,Black or African American,2054-5,Not Stated,NS,0,Not Applicable,Not Applicable
,2017,2017,Female,F,White,2106-3,2 years,2,0,1460665,Unreliable
,2017,2017,Female,F,White,2106-3,4 years,4,0,1452624,Unreliable
,2017,2017,Female,F,White,2106-3,5 years,5,0,1459161,Unreliable
,2017,2017,Female,F,White,2106-3,7 years,7,0,1477024,Unreliable
,2017,2017,Female,F,White,2106-3,8 years,8,0,1475918,Unreliable
,2017,2017,Female,F,White,2106-3,9 years,9,0,1523030,Unreliable
,2017,2017,Female,F,White,2106-3,10 years,10,0,1535598,Unreliable
,2017,2017,Female,F,White,2106-3,11 years,11,0,1527748,Unreliable
,2017,2017,Female,F,White,2106-3,12 years,12,0,1527041,Unreliable
,2017,2017,Female,F,White,2106-3,17 years,17,24,1578891,1.5
,2017,2017,Female,F,White,2106-3,18 years,18,32,1561679,2
,2017,2017,Female,F,White,2106-3,19 years,19,48,1560865,3.1
,2017,2017,Female,F,White,2106-3,20 years,20,74,1568348,4.7
,2017,2017,Female,F,White,2106-3,21 years,21,132,1578328,8.4
,2017,2017,Female,F,White,2106-3,22 years,22,136,1603850,8.5
,2017,2017,Female,F,White,2106-3,23 years,23,192,1626581,11.8
,2017,2017,Female,F,White,2106-3,24 years,24,195,1644325,11.9
,2017,2017,Female,F,White,2106-3,25 years,25,233,1690825,13.8
,2017,2017,Female,F,White,2106-3,26 years,26,224,1727144,13
,2017,2017,Female,F,White,2106-3,27 years,27,270,1728439,15.6
,2017,2017,Female,F,White,2106-3,28 years,28,285,1661644,17.2
,2017,2017,Female,F,White,2106-3,29 years,29,251,1637874,15.3
,2017,2017,Female,F,White,2106-3,30 years,30,245,1617144,15.2
,2017,2017,Female,F,White,2106-3,31 years,31,272,1630720,16.7
,2017,2017,Female,F,White,2106-3,32 years,32,306,1649334,18.6
,2017,2017,Female,F,White,2106-3,33 years,33,309,1602802,19.3
,2017,2017,Female,F,White,2106-3,34 years,34,280,1630499,17.2
,2017,2017,Female,F,White,2106-3,35 years,35,320,1632655,19.6
,2017,2017,Female,F,White,2106-3,36 years,36,284,1619375,17.5
,2017,2017,Female,F,White,2106-3,37 years,37,274,1638185,16.7
,2017,2017,Female,F,White,2106-3,38 years,38,241,1543973,15.6
,2017,2017,Female,F,White,2106-3,39 years,39,282,1521373,18.5
,2017,2017,Female,F,White,2106-3,40 years,40,261,1508535,17.3
,2017,2017,Female,F,White,2106-3,41 years,41,234,1463207,16
,2017,2017,Female,F,White,2106-3,42 years,42,220,1507853,14.6
,2017,2017,Female,F,White,2106-3,43 years,43,243,1466115,16.6
,2017,2017,Female,F,White,2106-3,44 years,44,229,1491352,15.4
,2017,2017,Female,F,White,2106-3,45 years,45,262,1567939,16.7
,2017,2017,Female,F,White,2106-3,46 years,46,262,1674828,15.6
,2017,2017,Female,F,White,2106-3,47 years,47,280,1695658,16.5
,2017,2017,Female,F,White,2106-3,48 years,48,274,1617866,16.9
,2017,2017,Female,F,White,2106-3,49 years,49,254,1581878,16.1
,2017,2017,Female,F,White,2106-3,50 years,50,253,1600363,15.8
,2017,2017,Female,F,White,2106-3,51 years,51,276,1625576,17
,2017,2017,Female,F,White,2106-3,52 years,52,271,1733919,15.6
,2017,2017,Female,F,White,2106-3,53 years,53,311,1781438,17.5
,2017,2017,Female,F,White,2106-3,54 years,54,308,1788674,17.2
,2017,2017,Female,F,White,2106-3,55 years,55,312,1799806,17.3
,2017,2017,Female,F,White,2106-3,56 years,56,279,1832138,15.2
,2017,2017,Female,F,White,2106-3,57 years,57,262,1834602,14.3
,2017,2017,Female,F,White,2106-3,58 years,58,249,1788775,13.9
,2017,2017,Female,F,White,2106-3,59 years,59,218,1788794,12.2
,2017,2017,Female,F,White,2106-3,60 years,60,188,1775383,10.6
,2017,2017,Female,F,White,2106-3,61 years,61,189,1714994,11
,2017,2017,Female,F,White,2106-3,62 years,62,164,1707086,9.6
,2017,2017,Female,F,White,2106-3,63 years,63,124,1652569,7.5
,2017,2017,Female,F,White,2106-3,64 years,64,118,1598876,7.4
,2017,2017,Female,F,White,2106-3,65 years,65,90,1540486,5.8
,2017,2017,Female,F,White,2106-3,66 years,66,68,1493654,4.6
,2017,2017,Female,F,White,2106-3,67 years,67,51,1451697,3.5
,2017,2017,Female,F,White,2106-3,68 years,68,51,1422520,3.6
,2017,2017,Female,F,White,2106-3,69 years,69,56,1416299,4
,2017,2017,Female,F,White,2106-3,70 years,70,33,1498605,2.2
,2017,2017,Female,F,White,2106-3,71 years,71,34,1089515,3.1
,2017,2017,Female,F,White,2106-3,72 years,72,31,1077127,2.9
,2017,2017,Female,F,White,2106-3,73 years,73,17,1058252,Unreliable
,2017,2017,Female,F,White,2106-3,74 years,74,28,1091331,2.6
,2017,2017,Female,F,White,2106-3,75 years,75,18,943536,Unreliable
,2017,2017,Female,F,White,2106-3,76 years,76,17,859789,Unreliable
,2017,2017,Female,F,White,2106-3,78 years,78,11,758056,Unreliable
,2017,2017,Female,F,White,2106-3,79 years,79,13,724545,Unreliable
,2017,2017,Female,F,White,2106-3,93 years,93,0,Not Applicable,Not Applicable
,2017,2017,Female,F,White,2106-3,99 years,99,0,Not Applicable,Not Applicable
,2017,2017,Female,F,White,2106-3,100+ years,100,0,Not Applicable,Not Applicable
,2017,2017,Male,M,American Indian or Alaska Native,1002-5,< 1 year,0,0,38829,Unreliable
,2017,2017,Male,M,American Indian or Alaska Native,1002-5,1 year,1,0,38800,Unreliable
,2017,2017,Male,M,American Indian or Alaska Native,1002-5,2 years,2,0,38854,Unreliable
,2017,2017,Male,M,American Indian or Alaska Native,1002-5,3 years,3,0,39191,Unreliable
,2017,2017,Male,M,American Indian or Alaska Native,1002-5,4 years,4,0,38871,Unreliable
,2017,2017,Male,M,American Indian or Alaska Native,1002-5,5 years,5,0,39517,Unreliable
,2017,2017,Male,M,American Indian or Alaska Native,1002-5,6 years,6,0,38480,Unreliable
,2017,2017,Male,M,American Indian or Alaska Native,1002-5,7 years,7,0,39062,Unreliable
,2017,2017,Male,M,American Indian or Alaska Native,1002-5,8 years,8,0,38988,Unreliable
,2017,2017,Male,M,American Indian or Alaska Native,1002-5,9 years,9,0,40284,Unreliable
,2017,2017,Male,M,American Indian or Alaska Native,1002-5,10 years,10,0,40657,Unreliable
,2017,2017,Male,M,American Indian or Alaska Native,1002-5,11 years,11,0,39792,Unreliable
,2017,2017,Male,M,American Indian or Alaska Native,1002-5,12 years,12,0,39291,Unreliable
,2017,2017,Male,M,American Indian or Alaska Native,1002-5,13 years,13,0,38306,Unreliable
,2017,2017,Male,M,American Indian or Alaska Native,1002-5,14 years,14,0,37939,Unreliable
,2017,2017,Male,M,American Indian or Alaska Native,1002-5,15 years,15,0,37716,Unreliable
,2017,2017,Male,M,American Indian or Alaska Native,1002-5,16 years,16,0,38069,Unreliable
,2017,2017,Male,M,American Indian or Alaska Native,1002-5,27 years,27,10,41015,Unreliable
,2017,2017,Male,M,American Indian or Alaska Native,1002-5,33 years,33,10,35119,Unreliable
,2017,2017,Male,M,American Indian or Alaska Native,1002-5,35 years,35,11,34868,Unreliable
,2017,2017,Male,M,American Indian or Alaska Native,1002-5,66 years,66,0,15328,Unreliable
,2017,2017,Male,M,American Indian or Alaska Native,1002-5,67 years,67,0,14934,Unreliable
,2017,2017,Male,M,American Indian or Alaska Native,1002-5,68 years,68,0,13850,Unreliable
,2017,2017,Male,M,American Indian or Alaska Native,1002-5,69 years,69,0,12915,Unreliable
,2017,2017,Male,M,American Indian or Alaska Native,1002-5,70 years,70,0,12962,Unreliable
,2017,2017,Male,M,American Indian or Alaska Native,1002-5,72 years,72,0,9261,Unreliable
,2017,2017,Male,M,American Indian or Alaska Native,1002-5,73 years,73,0,8509,Unreliable
,2017,2017,Male,M,American Indian or Alaska Native,1002-5,74 years,74,0,7938,Unreliable
,2017,2017,Male,M,American Indian or Alaska Native,1002-5,75 years,75,0,7066,Unreliable
,2017,2017,Male,M,American Indian or Alaska Native,1002-5,76 years,76,0,6379,Unreliable
,2017,2017,Male,M,American Indian or Alaska Native,1002-5,77 years,77,0,5969,Unreliable
,2017,2017,Male,M,American Indian or Alaska Native,1002-5,78 years,78,0,5068,Unreliable
,2017,2017,Male,M,American Indian or Alaska Native,1002-5,79 years,79,0,4664,Unreliable
,2017,2017,Male,M,American Indian or Alaska Native,1002-5,80 years,80,0,4087,Unreliable
,2017,2017,Male,M,American Indian or Alaska Native,1002-5,81 years,81,0,3678,Unreliable
,2017,2017,Male,M,American Indian or Alaska Native,1002-5,82 years,82,0,3302,Unreliable
,2017,2017,Male,M,American Indian or Alaska Native,1002-5,83 years,83,0,2725,Unreliable
,2017,2017,Male,M,American Indian or Alaska Native,1002-5,84 years,84,0,2458,Unreliable
,2017,2017,Male,M,American Indian or Alaska Native,1002-5,85 years,85,0,Not Applicable,Not Applicable
,2017,2017,Male,M,American Indian or Alaska Native,1002-5,86 years,86,0,Not Applicable,Not Applicable
,2017,2017,Male,M,American Indian or Alaska Native,1002-5,87 years,87,0,Not Applicable,Not Applicable
,2017,2017,Male,M,American Indian or Alaska Native,1002-5,88 years,88,0,Not Applicable,Not Applicable
,2017,2017,Male,M,American Indian or Alaska Native,1002-5,89 years,89,0,Not Applicable,Not Applicable
,2017,2017,Male,M,American Indian or Alaska Native,1002-5,90 years,90,0,Not Applicable,Not Applicable
,2017,2017,Male,M,American Indian or Alaska Native,1002-5,91 years,91,0,Not Applicable,Not Applicable
,2017,2017,Male,M,American Indian or Alaska Native,1002-5,92 years,92,0,Not Applicable,Not Applicable
,2017,2017,Male,M,American Indian or Alaska Native,1002-5,93 years,93,0,Not Applicable,Not Applicable
,2017,2017,Male,M,American Indian or Alaska Native,1002-5,94 years,94,0,Not Applicable,Not Applicable
,2017,2017,Male,M,American Indian or Alaska Native,1002-5,95 years,95,0,Not Applicable,Not Applicable
,2017,2017,Male,M,American Indian or Alaska Native,1002-5,96 years,96,0,Not Applicable,Not Applicable
,2017,2017,Male,M,American Indian or Alaska Native,1002-5,97 years,97,0,Not Applicable,Not Applicable
,2017,2017,Male,M,American Indian or Alaska Native,1002-5,98 years,98,0,Not Applicable,Not Applicable
,2017,2017,Male,M,American Indian or Alaska Native,1002-5,99 years,99,0,Not Applicable,Not Applicable
,2017,2017,Male,M,American Indian or Alaska Native,1002-5,100+ years,100,0,Not Applicable,Not Applicable
,2017,2017,Male,M,American Indian or Alaska Native,1002-5,Not Stated,NS,0,Not Applicable,Not Applicable
,2017,2017,Male,M,Asian or Pacific Islander,A-PI,< 1 year,0,0,125811,Unreliable
,2017,2017,Male,M,Asian or Pacific Islander,A-PI,1 year,1,0,129870,Unreliable
,2017,2017,Male,M,Asian or Pacific Islander,A-PI,2 years,2,0,136657,Unreliable
,2017,2017,Male,M,Asian or Pacific Islander,A-PI,3 years,3,0,133454,Unreliable
,2017,2017,Male,M,Asian or Pacific Islander,A-PI,4 years,4,0,136012,Unreliable
,2017,2017,Male,M,Asian or Pacific Islander,A-PI,5 years,5,0,131002,Unreliable
,2017,2017,Male,M,Asian or Pacific Islander,A-PI,6 years,6,0,128981,Unreliable
,2017,2017,Male,M,Asian or Pacific Islander,A-PI,7 years,7,0,132825,Unreliable
,2017,2017,Male,M,Asian or Pacific Islander,A-PI,8 years,8,0,131485,Unreliable
,2017,2017,Male,M,Asian or Pacific Islander,A-PI,9 years,9,0,135962,Unreliable
,2017,2017,Male,M,Asian or Pacific Islander,A-PI,10 years,10,0,134394,Unreliable
,2017,2017,Male,M,Asian or Pacific Islander,A-PI,11 years,11,0,132652,Unreliable
,2017,2017,Male,M,Asian or Pacific Islander,A-PI,12 years,12,0,133177,Unreliable
,2017,2017,Male,M,Asian or Pacific Islander,A-PI,13 years,13,0,132662,Unreliable
,2017,2017,Male,M,Asian or Pacific Islander,A-PI,14 years,14,0,131799,Unreliable
,2017,2017,Male,M,Asian or Pacific Islander,A-PI,17 years,17,0,133021,Unreliable
,2017,2017,Male,M,Asian or Pacific Islander,A-PI,18 years,18,0,132483,Unreliable
,2017,2017,Male,M,Asian or Pacific Islander,A-PI,24 years,24,13,165210,Unreliable
,2017,2017,Male,M,Asian or Pacific Islander,A-PI,26 years,26,17,182014,Unreliable
,2017,2017,Male,M,Asian or Pacific Islander,A-PI,27 years,27,10,184858,Unreliable
,2017,2017,Male,M,Asian or Pacific Islander,A-PI,28 years,28,16,182893,Unreliable
,2017,2017,Male,M,Asian or Pacific Islander,A-PI,29 years,29,11,178159,Unreliable
,2017,2017,Male,M,Asian or Pacific Islander,A-PI,31 years,31,15,175636,Unreliable
,2017,2017,Male,M,Asian or Pacific Islander,A-PI,51 years,51,0,122291,Unreliable
,2017,2017,Male,M,Asian or Pacific Islander,A-PI,57 years,57,0,114375,Unreliable
,2017,2017,Male,M,Asian or Pacific Islander,A-PI,59 years,59,0,105332,Unreliable
,2017,2017,Male,M,Asian or Pacific Islander,A-PI,64 years,64,0,86929,Unreliable
,2017,2017,Male,M,Asian or Pacific Islander,A-PI,65 years,65,0,81696,Unreliable
,2017,2017,Male,M,Asian or Pacific Islander,A-PI,66 years,66,0,77496,Unreliable
,2017,2017,Male,M,Asian or Pacific Islander,A-PI,69 years,69,0,70411,Unreliable
,2017,2017,Male,M,Asian or Pacific Islander,A-PI,70 years,70,0,65152,Unreliable
,2017,2017,Male,M,Asian or Pacific Islander,A-PI,71 years,71,0,55915,Unreliable
,2017,2017,Male,M,Asian or Pacific Islander,A-PI,72 years,72,0,53200,Unreliable
,2017,2017,Male,M,Asian or Pacific Islander,A-PI,73 years,73,0,48978,Unreliable
,2017,2017,Male,M,Asian or Pacific Islander,A-PI,74 years,74,0,45470,Unreliable
,2017,2017,Male,M,Asian or Pacific Islander,A-PI,75 years,75,0,42431,Unreliable
,2017,2017,Male,M,Asian or Pacific Islander,A-PI,76 years,76,0,39217,Unreliable
,2017,2017,Male,M,Asian or Pacific Islander,A-PI,77 years,77,0,37926,Unreliable
,2017,2017,Male,M,Asian or Pacific Islander,A-PI,79 years,79,0,31476,Unreliable
,2017,2017,Male,M,Asian or Pacific Islander,A-PI,80 years,80,0,28480,Unreliable
,2017,2017,Male,M,Asian or Pacific Islander,A-PI,81 years,81,0,25738,Unreliable
,2017,2017,Male,M,Asian or Pacific Islander,A-PI,82 years,82,0,23218,Unreliable
,2017,2017,Male,M,Asian or Pacific Islander,A-PI,83 years,83,0,20284,Unreliable
,2017,2017,Male,M,Asian or Pacific Islander,A-PI,84 years,84,0,18290,Unreliable
,2017,2017,Male,M,Asian or Pacific Islander,A-PI,85 years,85,0,Not Applicable,Not Applicable
,2017,2017,Male,M,Asian or Pacific Islander,A-PI,86 years,86,0,Not Applicable,Not Applicable
,2017,2017,Male,M,Asian or Pacific Islander,A-PI,87 years,87,0,Not Applicable,Not Applicable
,2017,2017,Male,M,Asian or Pacific Islander,A-PI,88 years,88,0,Not Applicable,Not Applicable
,2017,2017,Male,M,Asian or Pacific Islander,A-PI,89 years,89,0,Not Applicable,Not Applicable
,2017,2017,Male,M,Asian or Pacific Islander,A-PI,90 years,90,0,Not Applicable,Not Applicable
,2017,2017,Male,M,Asian or Pacific Islander,A-PI,91 years,91,0,Not Applicable,Not Applicable
,2017,2017,Male,M,Asian or Pacific Islander,A-PI,92 years,92,0,Not Applicable,Not Applicable
,2017,2017,Male,M,Asian or Pacific Islander,A-PI,93 years,93,0,Not Applicable,Not Applicable
,2017,2017,Male,M,Asian or Pacific Islander,A-PI,94 years,94,0,Not Applicable,Not Applicable
,2017,2017,Male,M,Asian or Pacific Islander,A-PI,95 years,95,0,Not Applicable,Not Applicable
,2017,2017,Male,M,Asian or Pacific Islander,A-PI,96 years,96,0,Not Applicable,Not Applicable
,2017,2017,Male,M,Asian or Pacific Islander,A-PI,97 years,97,0,Not Applicable,Not Applicable
,2017,2017,Male,M,Asian or Pacific Islander,A-PI,98 years,98,0,Not Applicable,Not Applicable
,2017,2017,Male,M,Asian or Pacific Islander,A-PI,99 years,99,0,Not Applicable,Not Applicable
,2017,2017,Male,M,Asian or Pacific Islander,A-PI,100+ years,100,0,Not Applicable,Not Applicable
,2017,2017,Male,M,Asian or Pacific Islander,A-PI,Not Stated,NS,0,Not Applicable,Not Applicable
,2017,2017,Male,M,Black or African American,2054-5,5 years,5,0,346510,Unreliable
,2017,2017,Male,M,Black or African American,2054-5,6 years,6,0,347943,Unreliable
,2017,2017,Male,M,Black or African American,2054-5,7 years,7,0,347426,Unreliable
,2017,2017,Male,M,Black or African American,2054-5,9 years,9,0,359354,Unreliable
,2017,2017,Male,M,Black or African American,2054-5,11 years,11,0,348273,Unreliable
,2017,2017,Male,M,Black or African American,2054-5,13 years,13,0,339612,Unreliable
,2017,2017,Male,M,Black or African American,2054-5,14 years,14,0,336639,Unreliable
,2017,2017,Male,M,Black or African American,2054-5,15 years,15,0,341351,Unreliable
,2017,2017,Male,M,Black or African American,2054-5,19 years,19,11,357254,Unreliable
,2017,2017,Male,M,Black or African American,2054-5,20 years,20,20,355894,5.6
,2017,2017,Male,M,Black or African American,2054-5,21 years,21,17,356288,Unreliable
,2017,2017,Male,M,Black or African American,2054-5,22 years,22,39,374222,10.4
,2017,2017,Male,M,Black or African American,2054-5,23 years,23,34,389210,8.7
,2017,2017,Male,M,Black or African American,2054-5,24 years,24,43,399826,10.8
,2017,2017,Male,M,Black or African American,2054-5,25 years,25,60,404549,14.8
,2017,2017,Male,M,Black or African American,2054-5,26 years,26,59,404189,14.6
,2017,2017,Male,M,Black or African American,2054-5,27 years,27,61,393467,15.5
,2017,2017,Male,M,Black or African American,2054-5,28 years,28,70,365593,19.1
,2017,2017,Male,M,Black or African American,2054-5,29 years,29,67,341422,19.6
,2017,2017,Male,M,Black or African American,2054-5,30 years,30,59,325676,18.1
,2017,2017,Male,M,Black or African American,2054-5,31 years,31,61,317821,19.2
,2017,2017,Male,M,Black or African American,2054-5,32 years,32,69,314476,21.9
,2017,2017,Male,M,Black or African American,2054-5,33 years,33,71,297954,23.8
,2017,2017,Male,M,Black or African American,2054-5,34 years,34,54,299940,18
,2017,2017,Male,M,Black or African American,2054-5,35 years,35,76,297605,25.5
,2017,2017,Male,M,Black or African American,2054-5,36 years,36,74,294081,25.2
,2017,2017,Male,M,Black or African American,2054-5,37 years,37,70,306153,22.9
,2017,2017,Male,M,Black or African American,2054-5,38 years,38,67,282425,23.7
,2017,2017,Male,M,Black or African American,2054-5,39 years,39,75,271626,27.6
,2017,2017,Male,M,Black or African American,2054-5,40 years,40,75,266265,28.2
,2017,2017,Male,M,Black or African American,2054-5,41 years,41,68,255872,26.6
,2017,2017,Male,M,Black or African American,2054-5,42 years,42,57,261811,21.8
,2017,2017,Male,M,Black or African American,2054-5,43 years,43,60,250779,23.9
,2017,2017,Male,M,Black or African American,2054-5,44 years,44,58,257041,22.6
,2017,2017,Male,M,Black or African American,2054-5,45 years,45,73,265639,27.5
,2017,2017,Male,M,Black or African American,2054-5,46 years,46,81,274945,29.5
,2017,2017,Male,M,Black or African American,2054-5,47 years,47,86,277357,31
,2017,2017,Male,M,Black or African American,2054-5,48 years,48,77,256141,30.1
,2017,2017,Male,M,Black or African American,2054-5,49 years,49,74,256486,28.9
,2017,2017,Male,M,Black or African American,2054-5,50 years,50,85,253689,33.5
,2017,2017,Male,M,Black or African American,2054-5,51 years,51,102,262999,38.8
,2017,2017,Male,M,Black or African American,2054-5,52 years,52,92,275424,33.4
,2017,2017,Male,M,Black or African American,2054-5,53 years,53,95,271643,35
,2017,2017,Male,M,Black or African American,2054-5,54 years,54,103,266356,38.7
,2017,2017,Male,M,Black or African American,2054-5,55 years,55,94,261457,36
,2017,2017,Male,M,Black or African American,2054-5,56 years,56,93,260298,35.7
,2017,2017,Male,M,Black or African American,2054-5,57 years,57,101,266420,37.9
,2017,2017,Male,M,Black or African American,2054-5,58 years,58,101,251406,40.2
,2017,2017,Male,M,Black or African American,2054-5,59 years,59,85,242553,35
,2017,2017,Male,M,Black or African American,2054-5,60 years,60,77,236320,32.6
,2017,2017,Male,M,Black or African American,2054-5,61 years,61,72,223964,32.1
,2017,2017,Male,M,Black or African American,2054-5,62 years,62,64,216624,29.5
,2017,2017,Male,M,Black or African American,2054-5,63 years,63,65,198958,32.7
,2017,2017,Male,M,Black or African American,2054-5,64 years,64,47,183639,25.6
,2017,2017,Male,M,Black or African American,2054-5,65 years,65,44,171225,25.7
,2017,2017,Male,M,Black or African American,2054-5,66 years,66,35,166899,21
,2017,2017,Male,M,Black or African American,2054-5,67 years,67,42,161113,26.1
,2017,2017,Male,M,Black or African American,2054-5,68 years,68,27,147072,18.4
,2017,2017,Male,M,Black or African American,2054-5,69 years,69,22,137751,16
,2017,2017,Male,M,Black or African American,2054-5,80 years,80,0,46819,Unreliable
,2017,2017,Male,M,Black or African American,2054-5,81 years,81,0,43380,Unreliable
,2017,2017,Male,M,Black or African American,2054-5,83 years,83,0,33410,Unreliable
,2017,2017,Male,M,Black or African American,2054-5,84 years,84,0,29977,Unreliable
,2017,2017,Male,M,Black or African American,2054-5,85 years,85,0,Not Applicable,Not Applicable
,2017,2017,Male,M,Black or African American,2054-5,86 years,86,0,Not Applicable,Not Applicable
,2017,2017,Male,M,Black or African American,2054-5,87 years,87,0,Not Applicable,Not Applicable
,2017,2017,Male,M,Black or African American,2054-5,88 years,88,0,Not Applicable,Not Applicable
,2017,2017,Male,M,Black or African American,2054-5,89 years,89,0,Not Applicable,Not Applicable
,2017,2017,Male,M,Black or African American,2054-5,90 years,90,0,Not Applicable,Not Applicable
,2017,2017,Male,M,Black or African American,2054-5,91 years,91,0,Not Applicable,Not Applicable
,2017,2017,Male,M,Black or African American,2054-5,92 years,92,0,Not Applicable,Not Applicable
,2017,2017,Male,M,Black or African American,2054-5,93 years,93,0,Not Applicable,Not Applicable
,2017,2017,Male,M,Black or African American,2054-5,94 years,94,0,Not Applicable,Not Applicable
,2017,2017,Male,M,Black or African American,2054-5,95 years,95,0,Not Applicable,Not Applicable
,2017,2017,Male,M,Black or African American,2054-5,96 years,96,0,Not Applicable,Not Applicable
,2017,2017,Male,M,Black or African American,2054-5,97 years,97,0,Not Applicable,Not Applicable
,2017,2017,Male,M,Black or African American,2054-5,98 years,98,0,Not Applicable,Not Applicable
,2017,2017,Male,M,Black or African American,2054-5,99 years,99,0,Not Applicable,Not Applicable
,2017,2017,Male,M,Black or African American,2054-5,100+ years,100,0,Not Applicable,Not Applicable
,2017,2017,Male,M,White,2106-3,4 years,4,0,1520724,Unreliable
,2017,2017,Male,M,White,2106-3,5 years,5,0,1528021,Unreliable
,2017,2017,Male,M,White,2106-3,7 years,7,0,1543690,Unreliable
,2017,2017,Male,M,White,2106-3,8 years,8,0,1542278,Unreliable
,2017,2017,Male,M,White,2106-3,9 years,9,0,1593115,Unreliable
,2017,2017,Male,M,White,2106-3,10 years,10,0,1606632,Unreliable
,2017,2017,Male,M,White,2106-3,17 years,17,28,1661980,1.7
,2017,2017,Male,M,White,2106-3,18 years,18,77,1643461,4.7
,2017,2017,Male,M,White,2106-3,19 years,19,148,1645477,9
,2017,2017,Male,M,White,2106-3,20 years,20,218,1651375,13.2
,2017,2017,Male,M,White,2106-3,21 years,21,269,1671440,16.1
,2017,2017,Male,M,White,2106-3,22 years,22,363,1703090,21.3
,2017,2017,Male,M,White,2106-3,23 years,23,472,1729249,27.3
,2017,2017,Male,M,White,2106-3,24 years,24,545,1753003,31.1
,2017,2017,Male,M,White,2106-3,25 years,25,553,1793729,30.8
,2017,2017,Male,M,White,2106-3,26 years,26,632,1815640,34.8
,2017,2017,Male,M,White,2106-3,27 years,27,707,1813339,39
,2017,2017,Male,M,White,2106-3,28 years,28,691,1747451,39.5
,2017,2017,Male,M,White,2106-3,29 years,29,732,1719393,42.6
,2017,2017,Male,M,White,2106-3,30 years,30,710,1699419,41.8
,2017,2017,Male,M,White,2106-3,31 years,31,709,1711619,41.4
,2017,2017,Male,M,White,2106-3,32 years,32,753,1722063,43.7
,2017,2017,Male,M,White,2106-3,33 years,33,762,1661115,45.9
,2017,2017,Male,M,White,2106-3,34 years,34,735,1685638,43.6
,2017,2017,Male,M,White,2106-3,35 years,35,735,1682379,43.7
,2017,2017,Male,M,White,2106-3,36 years,36,684,1665362,41.1
,2017,2017,Male,M,White,2106-3,37 years,37,661,1698147,38.9
,2017,2017,Male,M,White,2106-3,38 years,38,627,1586816,39.5
,2017,2017,Male,M,White,2106-3,39 years,39,589,1559845,37.8
,2017,2017,Male,M,White,2106-3,40 years,40,521,1538676,33.9
,2017,2017,Male,M,White,2106-3,41 years,41,521,1491229,34.9
,2017,2017,Male,M,White,2106-3,42 years,42,498,1541213,32.3
,2017,2017,Male,M,White,2106-3,43 years,43,453,1486058,30.5
,2017,2017,Male,M,White,2106-3,44 years,44,449,1501588,29.9
,2017,2017,Male,M,White,2106-3,45 years,45,485,1581355,30.7
,2017,2017,Male,M,White,2106-3,46 years,46,483,1686168,28.6
,2017,2017,Male,M,White,2106-3,47 years,47,514,1716144,30
,2017,2017,Male,M,White,2106-3,48 years,48,442,1629245,27.1
,2017,2017,Male,M,White,2106-3,49 years,49,470,1590254,29.6
,2017,2017,Male,M,White,2106-3,50 years,50,437,1596454,27.4
,2017,2017,Male,M,White,2106-3,51 years,51,433,1620366,26.7
,2017,2017,Male,M,White,2106-3,52 years,52,434,1721182,25.2
,2017,2017,Male,M,White,2106-3,53 years,53,475,1752808,27.1
,2017,2017,Male,M,White,2106-3,54 years,54,454,1748808,26
,2017,2017,Male,M,White,2106-3,55 years,55,429,1753198,24.5
,2017,2017,Male,M,White,2106-3,56 years,56,400,1775532,22.5
,2017,2017,Male,M,White,2106-3,57 years,57,389,1783490,21.8
,2017,2017,Male,M,White,2106-3,58 years,58,368,1721877,21.4
,2017,2017,Male,M,White,2106-3,59 years,59,301,1710764,17.6
,2017,2017,Male,M,White,2106-3,60 years,60,286,1687175,17
,2017,2017,Male,M,White,2106-3,61 years,61,218,1618599,13.5
,2017,2017,Male,M,White,2106-3,62 years,62,198,1604143,12.3
,2017,2017,Male,M,White,2106-3,63 years,63,165,1535088,10.7
,2017,2017,Male,M,White,2106-3,64 years,64,154,1476065,10.4
,2017,2017,Male,M,White,2106-3,65 years,65,113,1420234,8
,2017,2017,Male,M,White,2106-3,66 years,66,103,1366288,7.5
,2017,2017,Male,M,White,2106-3,67 years,67,71,1326651,5.4
,2017,2017,Male,M,White,2106-3,68 years,68,58,1292011,4.5
,2017,2017,Male,M,White,2106-3,69 years,69,53,1282836,4.1
,2017,2017,Male,M,White,2106-3,70 years,70,33,1351746,2.4
,2017,2017,Male,M,White,2106-3,71 years,71,27,969372,2.8
,2017,2017,Male,M,White,2106-3,72 years,72,26,947848,2.7
,2017,2017,Male,M,White,2106-3,73 years,73,19,918199,Unreliable
,2017,2017,Male,M,White,2106-3,75 years,75,12,798582,Unreliable
,2017,2017,Male,M,White,2106-3,87 years,87,0,Not Applicable,Not Applicable
,2017,2017,Male,M,White,2106-3,92 years,92,0,Not Applicable,Not Applicable
,2017,2017,Male,M,White,2106-3,94 years,94,0,Not Applicable,Not Applicable
,2017,2017,Male,M,White,2106-3,95 years,95,0,Not Applicable,Not Applicable
,2017,2017,Male,M,White,2106-3,97 years,97,0,Not Applicable,Not Applicable
,2017,2017,Male,M,White,2106-3,98 years,98,0,Not Applicable,Not Applicable
,2017,2017,Male,M,White,2106-3,99 years,99,0,Not Applicable,Not Applicable
,2017,2017,Male,M,White,2106-3,100+ years,100,0,Not Applicable,Not Applicable
,2018,2018,Female,F,American Indian or Alaska Native,1002-5,< 1 year,0,0,36615,Unreliable
,2018,2018,Female,F,American Indian or Alaska Native,1002-5,1 year,1,0,36955,Unreliable
,2018,2018,Female,F,American Indian or Alaska Native,1002-5,2 years,2,0,37654,Unreliable
,2018,2018,Female,F,American Indian or Alaska Native,1002-5,3 years,3,0,37950,Unreliable
,2018,2018,Female,F,American Indian or Alaska Native,1002-5,4 years,4,0,37959,Unreliable
,2018,2018,Female,F,American Indian or Alaska Native,1002-5,5 years,5,0,37619,Unreliable
,2018,2018,Female,F,American Indian or Alaska Native,1002-5,6 years,6,0,38096,Unreliable
,2018,2018,Female,F,American Indian or Alaska Native,1002-5,7 years,7,0,37464,Unreliable
,2018,2018,Female,F,American Indian or Alaska Native,1002-5,8 years,8,0,38293,Unreliable
,2018,2018,Female,F,American Indian or Alaska Native,1002-5,9 years,9,0,37915,Unreliable
,2018,2018,Female,F,American Indian or Alaska Native,1002-5,10 years,10,0,39100,Unreliable
,2018,2018,Female,F,American Indian or Alaska Native,1002-5,11 years,11,0,39258,Unreliable
,2018,2018,Female,F,American Indian or Alaska Native,1002-5,12 years,12,0,38532,Unreliable
,2018,2018,Female,F,American Indian or Alaska Native,1002-5,13 years,13,0,38492,Unreliable
,2018,2018,Female,F,American Indian or Alaska Native,1002-5,14 years,14,0,37623,Unreliable
,2018,2018,Female,F,American Indian or Alaska Native,1002-5,15 years,15,0,36941,Unreliable
,2018,2018,Female,F,American Indian or Alaska Native,1002-5,16 years,16,0,36674,Unreliable
,2018,2018,Female,F,American Indian or Alaska Native,1002-5,17 years,17,0,37159,Unreliable
,2018,2018,Female,F,American Indian or Alaska Native,1002-5,18 years,18,0,37886,Unreliable
,2018,2018,Female,F,American Indian or Alaska Native,1002-5,20 years,20,0,37122,Unreliable
,2018,2018,Female,F,American Indian or Alaska Native,1002-5,47 years,47,0,28989,Unreliable
,2018,2018,Female,F,American Indian or Alaska Native,1002-5,50 years,50,0,26461,Unreliable
,2018,2018,Female,F,American Indian or Alaska Native,1002-5,63 years,63,0,21972,Unreliable
,2018,2018,Female,F,American Indian or Alaska Native,1002-5,64 years,64,0,20487,Unreliable
,2018,2018,Female,F,American Indian or Alaska Native,1002-5,65 years,65,0,19035,Unreliable
,2018,2018,Female,F,American Indian or Alaska Native,1002-5,66 years,66,0,17809,Unreliable
,2018,2018,Female,F,American Indian or Alaska Native,1002-5,67 years,67,0,17109,Unreliable
,2018,2018,Female,F,American Indian or Alaska Native,1002-5,68 years,68,0,16333,Unreliable
,2018,2018,Female,F,American Indian or Alaska Native,1002-5,69 years,69,0,15239,Unreliable
,2018,2018,Female,F,American Indian or Alaska Native,1002-5,70 years,70,0,14410,Unreliable
,2018,2018,Female,F,American Indian or Alaska Native,1002-5,71 years,71,0,14036,Unreliable
,2018,2018,Female,F,American Indian or Alaska Native,1002-5,72 years,72,0,10996,Unreliable
,2018,2018,Female,F,American Indian or Alaska Native,1002-5,73 years,73,0,10590,Unreliable
,2018,2018,Female,F,American Indian or Alaska Native,1002-5,74 years,74,0,9858,Unreliable
,2018,2018,Female,F,American Indian or Alaska Native,1002-5,75 years,75,0,9338,Unreliable
,2018,2018,Female,F,American Indian or Alaska Native,1002-5,76 years,76,0,8176,Unreliable
,2018,2018,Female,F,American Indian or Alaska Native,1002-5,77 years,77,0,7493,Unreliable
,2018,2018,Female,F,American Indian or Alaska Native,1002-5,78 years,78,0,7053,Unreliable
,2018,2018,Female,F,American Indian or Alaska Native,1002-5,79 years,79,0,6243,Unreliable
,2018,2018,Female,F,American Indian or Alaska Native,1002-5,80 years,80,0,5913,Unreliable
,2018,2018,Female,F,American Indian or Alaska Native,1002-5,81 years,81,0,5177,Unreliable
,2018,2018,Female,F,American Indian or Alaska Native,1002-5,82 years,82,0,4850,Unreliable
,2018,2018,Female,F,American Indian or Alaska Native,1002-5,83 years,83,0,4455,Unreliable
,2018,2018,Female,F,American Indian or Alaska Native,1002-5,84 years,84,0,3727,Unreliable
,2018,2018,Female,F,American Indian or Alaska Native,1002-5,85 years,85,0,Not Applicable,Not Applicable
,2018,2018,Female,F,American Indian or Alaska Native,1002-5,86 years,86,0,Not Applicable,Not Applicable
,2018,2018,Female,F,American Indian or Alaska Native,1002-5,87 years,87,0,Not Applicable,Not Applicable
,2018,2018,Female,F,American Indian or Alaska Native,1002-5,88 years,88,0,Not Applicable,Not Applicable
,2018,2018,Female,F,American Indian or Alaska Native,1002-5,89 years,89,0,Not Applicable,Not Applicable
,2018,2018,Female,F,American Indian or Alaska Native,1002-5,90 years,90,0,Not Applicable,Not Applicable
,2018,2018,Female,F,American Indian or Alaska Native,1002-5,91 years,91,0,Not Applicable,Not Applicable
,2018,2018,Female,F,American Indian or Alaska Native,1002-5,92 years,92,0,Not Applicable,Not Applicable
,2018,2018,Female,F,American Indian or Alaska Native,1002-5,93 years,93,0,Not Applicable,Not Applicable
,2018,2018,Female,F,American Indian or Alaska Native,1002-5,94 years,94,0,Not Applicable,Not Applicable
,2018,2018,Female,F,American Indian or Alaska Native,1002-5,95 years,95,0,Not Applicable,Not Applicable
,2018,2018,Female,F,American Indian or Alaska Native,1002-5,96 years,96,0,Not Applicable,Not Applicable
,2018,2018,Female,F,American Indian or Alaska Native,1002-5,97 years,97,0,Not Applicable,Not Applicable
,2018,2018,Female,F,American Indian or Alaska Native,1002-5,98 years,98,0,Not Applicable,Not Applicable
,2018,2018,Female,F,American Indian or Alaska Native,1002-5,99 years,99,0,Not Applicable,Not Applicable
,2018,2018,Female,F,American Indian or Alaska Native,1002-5,100+ years,100,0,Not Applicable,Not Applicable
,2018,2018,Female,F,American Indian or Alaska Native,1002-5,Not Stated,NS,0,Not Applicable,Not Applicable
,2018,2018,Female,F,Asian or Pacific Islander,A-PI,< 1 year,0,0,116572,Unreliable
,2018,2018,Female,F,Asian or Pacific Islander,A-PI,1 year,1,0,121382,Unreliable
,2018,2018,Female,F,Asian or Pacific Islander,A-PI,2 years,2,0,126650,Unreliable
,2018,2018,Female,F,Asian or Pacific Islander,A-PI,3 years,3,0,131223,Unreliable
,2018,2018,Female,F,Asian or Pacific Islander,A-PI,4 years,4,0,128664,Unreliable
,2018,2018,Female,F,Asian or Pacific Islander,A-PI,5 years,5,0,130544,Unreliable
,2018,2018,Female,F,Asian or Pacific Islander,A-PI,6 years,6,0,126596,Unreliable
,2018,2018,Female,F,Asian or Pacific Islander,A-PI,7 years,7,0,124281,Unreliable
,2018,2018,Female,F,Asian or Pacific Islander,A-PI,8 years,8,0,129116,Unreliable
,2018,2018,Female,F,Asian or Pacific Islander,A-PI,9 years,9,0,128879,Unreliable
,2018,2018,Female,F,Asian or Pacific Islander,A-PI,10 years,10,0,132629,Unreliable
,2018,2018,Female,F,Asian or Pacific Islander,A-PI,11 years,11,0,130494,Unreliable
,2018,2018,Female,F,Asian or Pacific Islander,A-PI,12 years,12,0,129849,Unreliable
,2018,2018,Female,F,Asian or Pacific Islander,A-PI,13 years,13,0,132936,Unreliable
,2018,2018,Female,F,Asian or Pacific Islander,A-PI,15 years,15,0,133360,Unreliable
,2018,2018,Female,F,Asian or Pacific Islander,A-PI,16 years,16,0,129000,Unreliable
,2018,2018,Female,F,Asian or Pacific Islander,A-PI,18 years,18,0,136104,Unreliable
,2018,2018,Female,F,Asian or Pacific Islander,A-PI,20 years,20,0,139166,Unreliable
,2018,2018,Female,F,Asian or Pacific Islander,A-PI,32 years,32,0,189555,Unreliable
,2018,2018,Female,F,Asian or Pacific Islander,A-PI,40 years,40,0,171861,Unreliable
,2018,2018,Female,F,Asian or Pacific Islander,A-PI,41 years,41,0,172026,Unreliable
,2018,2018,Female,F,Asian or Pacific Islander,A-PI,56 years,56,0,129329,Unreliable
,2018,2018,Female,F,Asian or Pacific Islander,A-PI,58 years,58,0,132942,Unreliable
,2018,2018,Female,F,Asian or Pacific Islander,A-PI,60 years,60,0,124294,Unreliable
,2018,2018,Female,F,Asian or Pacific Islander,A-PI,61 years,61,0,120607,Unreliable
,2018,2018,Female,F,Asian or Pacific Islander,A-PI,62 years,62,0,119634,Unreliable
,2018,2018,Female,F,Asian or Pacific Islander,A-PI,63 years,63,0,119296,Unreliable
,2018,2018,Female,F,Asian or Pacific Islander,A-PI,64 years,64,0,111589,Unreliable
,2018,2018,Female,F,Asian or Pacific Islander,A-PI,66 years,66,0,101355,Unreliable
,2018,2018,Female,F,Asian or Pacific Islander,A-PI,68 years,68,0,101016,Unreliable
,2018,2018,Female,F,Asian or Pacific Islander,A-PI,69 years,69,0,92517,Unreliable
,2018,2018,Female,F,Asian or Pacific Islander,A-PI,70 years,70,0,86666,Unreliable
,2018,2018,Female,F,Asian or Pacific Islander,A-PI,71 years,71,0,80743,Unreliable
,2018,2018,Female,F,Asian or Pacific Islander,A-PI,73 years,73,0,65686,Unreliable
,2018,2018,Female,F,Asian or Pacific Islander,A-PI,74 years,74,0,59955,Unreliable
,2018,2018,Female,F,Asian or Pacific Islander,A-PI,75 years,75,0,54722,Unreliable
,2018,2018,Female,F,Asian or Pacific Islander,A-PI,76 years,76,0,52525,Unreliable
,2018,2018,Female,F,Asian or Pacific Islander,A-PI,78 years,78,0,45958,Unreliable
,2018,2018,Female,F,Asian or Pacific Islander,A-PI,79 years,79,0,40857,Unreliable
,2018,2018,Female,F,Asian or Pacific Islander,A-PI,80 years,80,0,38488,Unreliable
,2018,2018,Female,F,Asian or Pacific Islander,A-PI,82 years,82,0,32914,Unreliable
,2018,2018,Female,F,Asian or Pacific Islander,A-PI,83 years,83,0,30499,Unreliable
,2018,2018,Female,F,Asian or Pacific Islander,A-PI,84 years,84,0,27095,Unreliable
,2018,2018,Female,F,Asian or Pacific Islander,A-PI,85 years,85,0,Not Applicable,Not Applicable
,2018,2018,Female,F,Asian or Pacific Islander,A-PI,86 years,86,0,Not Applicable,Not Applicable
,2018,2018,Female,F,Asian or Pacific Islander,A-PI,87 years,87,0,Not Applicable,Not Applicable
,2018,2018,Female,F,Asian or Pacific Islander,A-PI,88 years,88,0,Not Applicable,Not Applicable
,2018,2018,Female,F,Asian or Pacific Islander,A-PI,89 years,89,0,Not Applicable,Not Applicable
,2018,2018,Female,F,Asian or Pacific Islander,A-PI,90 years,90,0,Not Applicable,Not Applicable
,2018,2018,Female,F,Asian or Pacific Islander,A-PI,91 years,91,0,Not Applicable,Not Applicable
,2018,2018,Female,F,Asian or Pacific Islander,A-PI,92 years,92,0,Not Applicable,Not Applicable
,2018,2018,Female,F,Asian or Pacific Islander,A-PI,93 years,93,0,Not Applicable,Not Applicable
,2018,2018,Female,F,Asian or Pacific Islander,A-PI,94 years,94,0,Not Applicable,Not Applicable
,2018,2018,Female,F,Asian or Pacific Islander,A-PI,95 years,95,0,Not Applicable,Not Applicable
,2018,2018,Female,F,Asian or Pacific Islander,A-PI,96 years,96,0,Not Applicable,Not Applicable
,2018,2018,Female,F,Asian or Pacific Islander,A-PI,97 years,97,0,Not Applicable,Not Applicable
,2018,2018,Female,F,Asian or Pacific Islander,A-PI,98 years,98,0,Not Applicable,Not Applicable
,2018,2018,Female,F,Asian or Pacific Islander,A-PI,99 years,99,0,Not Applicable,Not Applicable
,2018,2018,Female,F,Asian or Pacific Islander,A-PI,100+ years,100,0,Not Applicable,Not Applicable
,2018,2018,Female,F,Asian or Pacific Islander,A-PI,Not Stated,NS,0,Not Applicable,Not Applicable
,2018,2018,Female,F,Black or African American,2054-5,3 years,3,0,338987,Unreliable
,2018,2018,Female,F,Black or African American,2054-5,6 years,6,0,335326,Unreliable
,2018,2018,Female,F,Black or African American,2054-5,7 years,7,0,336950,Unreliable
,2018,2018,Female,F,Black or African American,2054-5,8 years,8,0,337594,Unreliable
,2018,2018,Female,F,Black or African American,2054-5,10 years,10,0,350768,Unreliable
,2018,2018,Female,F,Black or African American,2054-5,11 years,11,0,347769,Unreliable
,2018,2018,Female,F,Black or African American,2054-5,15 years,15,0,327621,Unreliable
,2018,2018,Female,F,Black or African American,2054-5,21 years,21,10,346064,Unreliable
,2018,2018,Female,F,Black or African American,2054-5,22 years,22,19,346238,Unreliable
,2018,2018,Female,F,Black or African American,2054-5,23 years,23,23,361150,6.4
,2018,2018,Female,F,Black or African American,2054-5,24 years,24,21,376519,5.6
,2018,2018,Female,F,Black or African American,2054-5,25 years,25,36,384341,9.4
,2018,2018,Female,F,Black or African American,2054-5,26 years,26,29,394252,7.4
,2018,2018,Female,F,Black or African American,2054-5,27 years,27,40,401839,10
,2018,2018,Female,F,Black or African American,2054-5,28 years,28,25,397066,6.3
,2018,2018,Female,F,Black or African American,2054-5,29 years,29,50,373681,13.4
,2018,2018,Female,F,Black or African American,2054-5,30 years,30,24,351864,6.8
,2018,2018,Female,F,Black or African American,2054-5,31 years,31,33,339152,9.7
,2018,2018,Female,F,Black or African American,2054-5,32 years,32,40,333962,12
,2018,2018,Female,F,Black or African American,2054-5,33 years,33,38,333185,11.4
,2018,2018,Female,F,Black or African American,2054-5,34 years,34,28,320234,8.7
,2018,2018,Female,F,Black or African American,2054-5,35 years,35,32,324711,9.9
,2018,2018,Female,F,Black or African American,2054-5,36 years,36,35,325133,10.8
,2018,2018,Female,F,Black or African American,2054-5,37 years,37,35,323090,10.8
,2018,2018,Female,F,Black or African American,2054-5,38 years,38,29,334164,8.7
,2018,2018,Female,F,Black or African American,2054-5,39 years,39,36,313247,11.5
,2018,2018,Female,F,Black or African American,2054-5,40 years,40,31,302139,10.3
,2018,2018,Female,F,Black or African American,2054-5,41 years,41,37,299042,12.4
,2018,2018,Female,F,Black or African American,2054-5,42 years,42,21,286632,7.3
,2018,2018,Female,F,Black or African American,2054-5,43 years,43,25,292793,8.5
,2018,2018,Female,F,Black or African American,2054-5,44 years,44,38,283435,13.4
,2018,2018,Female,F,Black or African American,2054-5,45 years,45,44,291317,15.1
,2018,2018,Female,F,Black or African American,2054-5,46 years,46,29,299914,9.7
,2018,2018,Female,F,Black or African American,2054-5,47 years,47,33,312929,10.5
,2018,2018,Female,F,Black or African American,2054-5,48 years,48,43,309410,13.9
,2018,2018,Female,F,Black or African American,2054-5,49 years,49,31,286953,10.8
,2018,2018,Female,F,Black or African American,2054-5,50 years,50,54,287565,18.8
,2018,2018,Female,F,Black or African American,2054-5,51 years,51,52,286850,18.1
,2018,2018,Female,F,Black or African American,2054-5,52 years,52,44,295509,14.9
,2018,2018,Female,F,Black or African American,2054-5,53 years,53,39,308785,12.6
,2018,2018,Female,F,Black or African American,2054-5,54 years,54,43,306792,14
,2018,2018,Female,F,Black or African American,2054-5,55 years,55,50,302234,16.5
,2018,2018,Female,F,Black or African American,2054-5,56 years,56,60,298664,20.1
,2018,2018,Female,F,Black or African American,2054-5,57 years,57,39,299130,13
,2018,2018,Female,F,Black or African American,2054-5,58 years,58,48,304374,15.8
,2018,2018,Female,F,Black or African American,2054-5,59 years,59,31,290223,10.7
,2018,2018,Female,F,Black or African American,2054-5,60 years,60,50,280528,17.8
,2018,2018,Female,F,Black or African American,2054-5,61 years,61,35,278398,12.6
,2018,2018,Female,F,Black or African American,2054-5,62 years,62,29,266269,10.9
,2018,2018,Female,F,Black or African American,2054-5,63 years,63,25,258248,9.7
,2018,2018,Female,F,Black or African American,2054-5,64 years,64,19,243178,Unreliable
,2018,2018,Female,F,Black or African American,2054-5,65 years,65,17,227142,Unreliable
,2018,2018,Female,F,Black or African American,2054-5,66 years,66,19,214856,Unreliable
,2018,2018,Female,F,Black or African American,2054-5,75 years,75,0,120089,Unreliable
,2018,2018,Female,F,Black or African American,2054-5,76 years,76,0,106320,Unreliable
,2018,2018,Female,F,Black or African American,2054-5,77 years,77,0,99503,Unreliable
,2018,2018,Female,F,Black or African American,2054-5,78 years,78,0,94713,Unreliable
,2018,2018,Female,F,Black or African American,2054-5,79 years,79,0,84033,Unreliable
,2018,2018,Female,F,Black or African American,2054-5,80 years,80,0,79782,Unreliable
,2018,2018,Female,F,Black or African American,2054-5,81 years,81,0,72727,Unreliable
,2018,2018,Female,F,Black or African American,2054-5,83 years,83,0,64063,Unreliable
,2018,2018,Female,F,Black or African American,2054-5,84 years,84,0,56297,Unreliable
,2018,2018,Female,F,Black or African American,2054-5,85 years,85,0,Not Applicable,Not Applicable
,2018,2018,Female,F,Black or African American,2054-5,86 years,86,0,Not Applicable,Not Applicable
,2018,2018,Female,F,Black or African American,2054-5,87 years,87,0,Not Applicable,Not Applicable
,2018,2018,Female,F,Black or African American,2054-5,88 years,88,0,Not Applicable,Not Applicable
,2018,2018,Female,F,Black or African American,2054-5,89 years,89,0,Not Applicable,Not Applicable
,2018,2018,Female,F,Black or African American,2054-5,90 years,90,0,Not Applicable,Not Applicable
,2018,2018,Female,F,Black or African American,2054-5,91 years,91,0,Not Applicable,Not Applicable
,2018,2018,Female,F,Black or African American,2054-5,92 years,92,0,Not Applicable,Not Applicable
,2018,2018,Female,F,Black or African American,2054-5,93 years,93,0,Not Applicable,Not Applicable
,2018,2018,Female,F,Black or African American,2054-5,94 years,94,0,Not Applicable,Not Applicable
,2018,2018,Female,F,Black or African American,2054-5,95 years,95,0,Not Applicable,Not Applicable
,2018,2018,Female,F,Black or African American,2054-5,96 years,96,0,Not Applicable,Not Applicable
,2018,2018,Female,F,Black or African American,2054-5,97 years,97,0,Not Applicable,Not Applicable
,2018,2018,Female,F,Black or African American,2054-5,98 years,98,0,Not Applicable,Not Applicable
,2018,2018,Female,F,Black or African American,2054-5,99 years,99,0,Not Applicable,Not Applicable
,2018,2018,Female,F,Black or African American,2054-5,100+ years,100,0,Not Applicable,Not Applicable
,2018,2018,Female,F,Black or African American,2054-5,Not Stated,NS,0,Not Applicable,Not Applicable
,2018,2018,Female,F,White,2106-3,3 years,3,0,1464167,Unreliable
,2018,2018,Female,F,White,2106-3,4 years,4,0,1458217,Unreliable
,2018,2018,Female,F,White,2106-3,5 years,5,0,1456251,Unreliable
,2018,2018,Female,F,White,2106-3,6 years,6,0,1463012,Unreliable
,2018,2018,Female,F,White,2106-3,7 years,7,0,1484512,Unreliable
,2018,2018,Female,F,White,2106-3,8 years,8,0,1481000,Unreliable
,2018,2018,Female,F,White,2106-3,9 years,9,0,1479703,Unreliable
,2018,2018,Female,F,White,2106-3,10 years,10,0,1526684,Unreliable
,2018,2018,Female,F,White,2106-3,12 years,12,0,1530804,Unreliable
,2018,2018,Female,F,White,2106-3,17 years,17,21,1561885,1.3
,2018,2018,Female,F,White,2106-3,18 years,18,33,1583685,2.1
,2018,2018,Female,F,White,2106-3,19 years,19,60,1566220,3.8
,2018,2018,Female,F,White,2106-3,20 years,20,85,1564894,5.4
,2018,2018,Female,F,White,2106-3,21 years,21,109,1572068,6.9
,2018,2018,Female,F,White,2106-3,22 years,22,136,1581685,8.6
,2018,2018,Female,F,White,2106-3,23 years,23,163,1607113,10.1
,2018,2018,Female,F,White,2106-3,24 years,24,190,1630320,11.7
,2018,2018,Female,F,White,2106-3,25 years,25,187,1647987,11.3
,2018,2018,Female,F,White,2106-3,26 years,26,239,1694664,14.1
,2018,2018,Female,F,White,2106-3,27 years,27,256,1730655,14.8
,2018,2018,Female,F,White,2106-3,28 years,28,272,1731407,15.7
,2018,2018,Female,F,White,2106-3,29 years,29,304,1664181,18.3
,2018,2018,Female,F,White,2106-3,30 years,30,287,1639907,17.5
,2018,2018,Female,F,White,2106-3,31 years,31,271,1618478,16.7
,2018,2018,Female,F,White,2106-3,32 years,32,307,1631315,18.8
,2018,2018,Female,F,White,2106-3,33 years,33,320,1649715,19.4
,2018,2018,Female,F,White,2106-3,34 years,34,311,1603256,19.4
,2018,2018,Female,F,White,2106-3,35 years,35,298,1630698,18.3
,2018,2018,Female,F,White,2106-3,36 years,36,316,1632147,19.4
,2018,2018,Female,F,White,2106-3,37 years,37,309,1618597,19.1
,2018,2018,Female,F,White,2106-3,38 years,38,308,1637038,18.8
,2018,2018,Female,F,White,2106-3,39 years,39,290,1542100,18.8
,2018,2018,Female,F,White,2106-3,40 years,40,274,1518733,18
,2018,2018,Female,F,White,2106-3,41 years,41,244,1505749,16.2
,2018,2018,Female,F,White,2106-3,42 years,42,195,1460614,13.4
,2018,2018,Female,F,White,2106-3,43 years,43,248,1504739,16.5
,2018,2018,Female,F,White,2106-3,44 years,44,223,1462724,15.2
,2018,2018,Female,F,White,2106-3,45 years,45,224,1487396,15.1
,2018,2018,Female,F,White,2106-3,46 years,46,225,1562957,14.4
,2018,2018,Female,F,White,2106-3,47 years,47,246,1668921,14.7
,2018,2018,Female,F,White,2106-3,48 years,48,257,1689064,15.2
,2018,2018,Female,F,White,2106-3,49 years,49,262,1611176,16.3
,2018,2018,Female,F,White,2106-3,50 years,50,236,1574932,15
,2018,2018,Female,F,White,2106-3,51 years,51,252,1592707,15.8
,2018,2018,Female,F,White,2106-3,52 years,52,243,1617670,15
,2018,2018,Female,F,White,2106-3,53 years,53,258,1725344,15
,2018,2018,Female,F,White,2106-3,54 years,54,276,1772170,15.6
,2018,2018,Female,F,White,2106-3,55 years,55,291,1778856,16.4
,2018,2018,Female,F,White,2106-3,56 years,56,255,1789231,14.3
,2018,2018,Female,F,White,2106-3,57 years,57,263,1820673,14.4
,2018,2018,Female,F,White,2106-3,58 years,58,248,1822607,13.6
,2018,2018,Female,F,White,2106-3,59 years,59,191,1776225,10.8
,2018,2018,Female,F,White,2106-3,60 years,60,182,1775219,10.3
,2018,2018,Female,F,White,2106-3,61 years,61,188,1761048,10.7
,2018,2018,Female,F,White,2106-3,62 years,62,126,1700430,7.4
,2018,2018,Female,F,White,2106-3,63 years,63,131,1692079,7.7
,2018,2018,Female,F,White,2106-3,64 years,64,101,1636820,6.2
,2018,2018,Female,F,White,2106-3,65 years,65,87,1582615,5.5
,2018,2018,Female,F,White,2106-3,66 years,66,81,1523965,5.3
,2018,2018,Female,F,White,2106-3,67 years,67,67,1476541,4.5
,2018,2018,Female,F,White,2106-3,68 years,68,49,1433921,3.4
,2018,2018,Female,F,White,2106-3,69 years,69,42,1403228,3
,2018,2018,Female,F,White,2106-3,70 years,70,39,1395643,2.8
,2018,2018,Female,F,White,2106-3,71 years,71,40,1475897,2.7
,2018,2018,Female,F,White,2106-3,72 years,72,14,1071403,Unreliable
,2018,2018,Female,F,White,2106-3,73 years,73,21,1057571,2
,2018,2018,Female,F,White,2106-3,74 years,74,29,1036849,2.8
,2018,2018,Female,F,White,2106-3,75 years,75,19,1066995,Unreliable
,2018,2018,Female,F,White,2106-3,76 years,76,20,920048,2.2
,2018,2018,Female,F,White,2106-3,77 years,77,13,836030,Unreliable
,2018,2018,Female,F,White,2106-3,78 years,78,10,781992,Unreliable
,2018,2018,Female,F,White,2106-3,79 years,79,10,732291,Unreliable
,2018,2018,Female,F,White,2106-3,96 years,96,0,Not Applicable,Not Applicable
,2018,2018,Female,F,White,2106-3,98 years,98,0,Not Applicable,Not Applicable
,2018,2018,Female,F,White,2106-3,100+ years,100,0,Not Applicable,Not Applicable
,2018,2018,Male,M,American Indian or Alaska Native,1002-5,< 1 year,0,0,37893,Unreliable
,2018,2018,Male,M,American Indian or Alaska Native,1002-5,1 year,1,0,38141,Unreliable
,2018,2018,Male,M,American Indian or Alaska Native,1002-5,2 years,2,0,38733,Unreliable
,2018,2018,Male,M,American Indian or Alaska Native,1002-5,3 years,3,0,38947,Unreliable
,2018,2018,Male,M,American Indian or Alaska Native,1002-5,4 years,4,0,39253,Unreliable
,2018,2018,Male,M,American Indian or Alaska Native,1002-5,5 years,5,0,38951,Unreliable
,2018,2018,Male,M,American Indian or Alaska Native,1002-5,6 years,6,0,39562,Unreliable
,2018,2018,Male,M,American Indian or Alaska Native,1002-5,7 years,7,0,38525,Unreliable
,2018,2018,Male,M,American Indian or Alaska Native,1002-5,8 years,8,0,39105,Unreliable
,2018,2018,Male,M,American Indian or Alaska Native,1002-5,9 years,9,0,39001,Unreliable
,2018,2018,Male,M,American Indian or Alaska Native,1002-5,10 years,10,0,40320,Unreliable
,2018,2018,Male,M,American Indian or Alaska Native,1002-5,11 years,11,0,40741,Unreliable
,2018,2018,Male,M,American Indian or Alaska Native,1002-5,12 years,12,0,39825,Unreliable
,2018,2018,Male,M,American Indian or Alaska Native,1002-5,13 years,13,0,39431,Unreliable
,2018,2018,Male,M,American Indian or Alaska Native,1002-5,14 years,14,0,38405,Unreliable
,2018,2018,Male,M,American Indian or Alaska Native,1002-5,15 years,15,0,37935,Unreliable
,2018,2018,Male,M,American Indian or Alaska Native,1002-5,32 years,32,11,36503,Unreliable
,2018,2018,Male,M,American Indian or Alaska Native,1002-5,35 years,35,10,35351,Unreliable
,2018,2018,Male,M,American Indian or Alaska Native,1002-5,60 years,60,0,22615,Unreliable
,2018,2018,Male,M,American Indian or Alaska Native,1002-5,64 years,64,0,18280,Unreliable
,2018,2018,Male,M,American Indian or Alaska Native,1002-5,66 years,66,0,15508,Unreliable
,2018,2018,Male,M,American Indian or Alaska Native,1002-5,68 years,68,0,14593,Unreliable
,2018,2018,Male,M,American Indian or Alaska Native,1002-5,69 years,69,0,13593,Unreliable
,2018,2018,Male,M,American Indian or Alaska Native,1002-5,70 years,70,0,12635,Unreliable
,2018,2018,Male,M,American Indian or Alaska Native,1002-5,71 years,71,0,12669,Unreliable
,2018,2018,Male,M,American Indian or Alaska Native,1002-5,72 years,72,0,9480,Unreliable
,2018,2018,Male,M,American Indian or Alaska Native,1002-5,73 years,73,0,9009,Unreliable
,2018,2018,Male,M,American Indian or Alaska Native,1002-5,74 years,74,0,8249,Unreliable
,2018,2018,Male,M,American Indian or Alaska Native,1002-5,75 years,75,0,7699,Unreliable
,2018,2018,Male,M,American Indian or Alaska Native,1002-5,76 years,76,0,6817,Unreliable
,2018,2018,Male,M,American Indian or Alaska Native,1002-5,77 years,77,0,6115,Unreliable
,2018,2018,Male,M,American Indian or Alaska Native,1002-5,79 years,79,0,4837,Unreliable
,2018,2018,Male,M,American Indian or Alaska Native,1002-5,80 years,80,0,4454,Unreliable
,2018,2018,Male,M,American Indian or Alaska Native,1002-5,81 years,81,0,3857,Unreliable
,2018,2018,Male,M,American Indian or Alaska Native,1002-5,82 years,82,0,3452,Unreliable
,2018,2018,Male,M,American Indian or Alaska Native,1002-5,83 years,83,0,3102,Unreliable
,2018,2018,Male,M,American Indian or Alaska Native,1002-5,84 years,84,0,2538,Unreliable
,2018,2018,Male,M,American Indian or Alaska Native,1002-5,85 years,85,0,Not Applicable,Not Applicable
,2018,2018,Male,M,American Indian or Alaska Native,1002-5,86 years,86,0,Not Applicable,Not Applicable
,2018,2018,Male,M,American Indian or Alaska Native,1002-5,87 years,87,0,Not Applicable,Not Applicable
,2018,2018,Male,M,American Indian or Alaska Native,1002-5,88 years,88,0,Not Applicable,Not Applicable
,2018,2018,Male,M,American Indian or Alaska Native,1002-5,89 years,89,0,Not Applicable,Not Applicable
,2018,2018,Male,M,American Indian or Alaska Native,1002-5,90 years,90,0,Not Applicable,Not Applicable
,2018,2018,Male,M,American Indian or Alaska Native,1002-5,91 years,91,0,Not Applicable,Not Applicable
,2018,2018,Male,M,American Indian or Alaska Native,1002-5,92 years,92,0,Not Applicable,Not Applicable
,2018,2018,Male,M,American Indian or Alaska Native,1002-5,93 years,93,0,Not Applicable,Not Applicable
,2018,2018,Male,M,American Indian or Alaska Native,1002-5,94 years,94,0,Not Applicable,Not Applicable
,2018,2018,Male,M,American Indian or Alaska Native,1002-5,95 years,95,0,Not Applicable,Not Applicable
,2018,2018,Male,M,American Indian or Alaska Native,1002-5,96 years,96,0,Not Applicable,Not Applicable
,2018,2018,Male,M,American Indian or Alaska Native,1002-5,97 years,97,0,Not Applicable,Not Applicable
,2018,2018,Male,M,American Indian or Alaska Native,1002-5,98 years,98,0,Not Applicable,Not Applicable
,2018,2018,Male,M,American Indian or Alaska Native,1002-5,99 years,99,0,Not Applicable,Not Applicable
,2018,2018,Male,M,American Indian or Alaska Native,1002-5,100+ years,100,0,Not Applicable,Not Applicable
,2018,2018,Male,M,American Indian or Alaska Native,1002-5,Not Stated,NS,0,Not Applicable,Not Applicable
,2018,2018,Male,M,Asian or Pacific Islander,A-PI,< 1 year,0,0,122551,Unreliable
,2018,2018,Male,M,Asian or Pacific Islander,A-PI,1 year,1,0,127966,Unreliable
,2018,2018,Male,M,Asian or Pacific Islander,A-PI,2 years,2,0,132848,Unreliable
,2018,2018,Male,M,Asian or Pacific Islander,A-PI,3 years,3,0,138959,Unreliable
,2018,2018,Male,M,Asian or Pacific Islander,A-PI,4 years,4,0,135522,Unreliable
,2018,2018,Male,M,Asian or Pacific Islander,A-PI,5 years,5,0,138077,Unreliable
,2018,2018,Male,M,Asian or Pacific Islander,A-PI,6 years,6,0,132887,Unreliable
,2018,2018,Male,M,Asian or Pacific Islander,A-PI,7 years,7,0,130733,Unreliable
,2018,2018,Male,M,Asian or Pacific Islander,A-PI,8 years,8,0,134412,Unreliable
,2018,2018,Male,M,Asian or Pacific Islander,A-PI,9 years,9,0,132956,Unreliable
,2018,2018,Male,M,Asian or Pacific Islander,A-PI,10 years,10,0,137446,Unreliable
,2018,2018,Male,M,Asian or Pacific Islander,A-PI,11 years,11,0,135797,Unreliable
,2018,2018,Male,M,Asian or Pacific Islander,A-PI,12 years,12,0,134036,Unreliable
,2018,2018,Male,M,Asian or Pacific Islander,A-PI,13 years,13,0,134456,Unreliable
,2018,2018,Male,M,Asian or Pacific Islander,A-PI,14 years,14,0,134227,Unreliable
,2018,2018,Male,M,Asian or Pacific Islander,A-PI,15 years,15,0,133726,Unreliable
,2018,2018,Male,M,Asian or Pacific Islander,A-PI,16 years,16,0,129660,Unreliable
,2018,2018,Male,M,Asian or Pacific Islander,A-PI,26 years,26,15,178972,Unreliable
,2018,2018,Male,M,Asian or Pacific Islander,A-PI,27 years,27,13,188142,Unreliable
,2018,2018,Male,M,Asian or Pacific Islander,A-PI,32 years,32,10,179902,Unreliable
,2018,2018,Male,M,Asian or Pacific Islander,A-PI,33 years,33,11,180143,Unreliable
,2018,2018,Male,M,Asian or Pacific Islander,A-PI,35 years,35,12,175927,Unreliable
,2018,2018,Male,M,Asian or Pacific Islander,A-PI,55 years,55,0,121942,Unreliable
,2018,2018,Male,M,Asian or Pacific Islander,A-PI,58 years,58,0,112941,Unreliable
,2018,2018,Male,M,Asian or Pacific Islander,A-PI,60 years,60,0,104211,Unreliable
,2018,2018,Male,M,Asian or Pacific Islander,A-PI,61 years,61,0,100181,Unreliable
,2018,2018,Male,M,Asian or Pacific Islander,A-PI,65 years,65,0,85739,Unreliable
,2018,2018,Male,M,Asian or Pacific Islander,A-PI,69 years,69,0,73162,Unreliable
,2018,2018,Male,M,Asian or Pacific Islander,A-PI,71 years,71,0,63897,Unreliable
,2018,2018,Male,M,Asian or Pacific Islander,A-PI,73 years,73,0,51918,Unreliable
,2018,2018,Male,M,Asian or Pacific Islander,A-PI,75 years,75,0,44192,Unreliable
,2018,2018,Male,M,Asian or Pacific Islander,A-PI,76 years,76,0,41274,Unreliable
,2018,2018,Male,M,Asian or Pacific Islander,A-PI,77 years,77,0,38018,Unreliable
,2018,2018,Male,M,Asian or Pacific Islander,A-PI,78 years,78,0,36742,Unreliable
,2018,2018,Male,M,Asian or Pacific Islander,A-PI,79 years,79,0,32844,Unreliable
,2018,2018,Male,M,Asian or Pacific Islander,A-PI,80 years,80,0,30210,Unreliable
,2018,2018,Male,M,Asian or Pacific Islander,A-PI,81 years,81,0,27229,Unreliable
,2018,2018,Male,M,Asian or Pacific Islander,A-PI,82 years,82,0,24550,Unreliable
,2018,2018,Male,M,Asian or Pacific Islander,A-PI,83 years,83,0,22052,Unreliable
,2018,2018,Male,M,Asian or Pacific Islander,A-PI,84 years,84,0,19202,Unreliable
,2018,2018,Male,M,Asian or Pacific Islander,A-PI,85 years,85,0,Not Applicable,Not Applicable
,2018,2018,Male,M,Asian or Pacific Islander,A-PI,87 years,87,0,Not Applicable,Not Applicable
,2018,2018,Male,M,Asian or Pacific Islander,A-PI,88 years,88,0,Not Applicable,Not Applicable
,2018,2018,Male,M,Asian or Pacific Islander,A-PI,89 years,89,0,Not Applicable,Not Applicable
,2018,2018,Male,M,Asian or Pacific Islander,A-PI,90 years,90,0,Not Applicable,Not Applicable
,2018,2018,Male,M,Asian or Pacific Islander,A-PI,91 years,91,0,Not Applicable,Not Applicable
,2018,2018,Male,M,Asian or Pacific Islander,A-PI,92 years,92,0,Not Applicable,Not Applicable
,2018,2018,Male,M,Asian or Pacific Islander,A-PI,93 years,93,0,Not Applicable,Not Applicable
,2018,2018,Male,M,Asian or Pacific Islander,A-PI,94 years,94,0,Not Applicable,Not Applicable
,2018,2018,Male,M,Asian or Pacific Islander,A-PI,95 years,95,0,Not Applicable,Not Applicable
,2018,2018,Male,M,Asian or Pacific Islander,A-PI,96 years,96,0,Not Applicable,Not Applicable
,2018,2018,Male,M,Asian or Pacific Islander,A-PI,97 years,97,0,Not Applicable,Not Applicable
,2018,2018,Male,M,Asian or Pacific Islander,A-PI,98 years,98,0,Not Applicable,Not Applicable
,2018,2018,Male,M,Asian or Pacific Islander,A-PI,99 years,99,0,Not Applicable,Not Applicable
,2018,2018,Male,M,Asian or Pacific Islander,A-PI,100+ years,100,0,Not Applicable,Not Applicable
,2018,2018,Male,M,Asian or Pacific Islander,A-PI,Not Stated,NS,0,Not Applicable,Not Applicable
,2018,2018,Male,M,Black or African American,2054-5,4 years,4,0,349944,Unreliable
,2018,2018,Male,M,Black or African American,2054-5,6 years,6,0,347823,Unreliable
,2018,2018,Male,M,Black or African American,2054-5,7 years,7,0,349242,Unreliable
,2018,2018,Male,M,Black or African American,2054-5,8 years,8,0,348793,Unreliable
,2018,2018,Male,M,Black or African American,2054-5,10 years,10,0,360572,Unreliable
,2018,2018,Male,M,Black or African American,2054-5,11 years,11,0,360289,Unreliable
,2018,2018,Male,M,Black or African American,2054-5,12 years,12,0,349529,Unreliable
,2018,2018,Male,M,Black or African American,2054-5,13 years,13,0,344232,Unreliable
,2018,2018,Male,M,Black or African American,2054-5,15 years,15,0,337663,Unreliable
,2018,2018,Male,M,Black or African American,2054-5,16 years,16,0,342273,Unreliable
,2018,2018,Male,M,Black or African American,2054-5,18 years,18,10,364756,Unreliable
,2018,2018,Male,M,Black or African American,2054-5,20 years,20,24,358134,6.7
,2018,2018,Male,M,Black or African American,2054-5,21 years,21,28,356217,7.9
,2018,2018,Male,M,Black or African American,2054-5,22 years,22,27,356002,7.6
,2018,2018,Male,M,Black or African American,2054-5,23 years,23,31,373788,8.3
,2018,2018,Male,M,Black or African American,2054-5,24 years,24,56,389176,14.4
,2018,2018,Male,M,Black or African American,2054-5,25 years,25,41,400119,10.2
,2018,2018,Male,M,Black or African American,2054-5,26 years,26,63,405111,15.6
,2018,2018,Male,M,Black or African American,2054-5,27 years,27,72,404955,17.8
,2018,2018,Male,M,Black or African American,2054-5,28 years,28,94,394238,23.8
,2018,2018,Male,M,Black or African American,2054-5,29 years,29,80,366403,21.8
,2018,2018,Male,M,Black or African American,2054-5,30 years,30,91,342347,26.6
,2018,2018,Male,M,Black or African American,2054-5,31 years,31,77,326572,23.6
,2018,2018,Male,M,Black or African American,2054-5,32 years,32,75,318567,23.5
,2018,2018,Male,M,Black or African American,2054-5,33 years,33,78,315048,24.8
,2018,2018,Male,M,Black or African American,2054-5,34 years,34,83,298598,27.8
,2018,2018,Male,M,Black or African American,2054-5,35 years,35,66,300533,22
,2018,2018,Male,M,Black or African American,2054-5,36 years,36,85,297961,28.5
,2018,2018,Male,M,Black or African American,2054-5,37 years,37,87,294014,29.6
,2018,2018,Male,M,Black or African American,2054-5,38 years,38,87,305683,28.5
,2018,2018,Male,M,Black or African American,2054-5,39 years,39,84,281802,29.8
,2018,2018,Male,M,Black or African American,2054-5,40 years,40,70,270868,25.8
,2018,2018,Male,M,Black or African American,2054-5,41 years,41,90,265191,33.9
,2018,2018,Male,M,Black or African American,2054-5,42 years,42,79,254863,31
,2018,2018,Male,M,Black or African American,2054-5,43 years,43,68,261009,26.1
,2018,2018,Male,M,Black or African American,2054-5,44 years,44,71,249796,28.4
,2018,2018,Male,M,Black or African American,2054-5,45 years,45,74,255771,28.9
,2018,2018,Male,M,Black or African American,2054-5,46 years,46,98,264337,37.1
,2018,2018,Male,M,Black or African American,2054-5,47 years,47,77,273418,28.2
,2018,2018,Male,M,Black or African American,2054-5,48 years,48,104,275515,37.7
,2018,2018,Male,M,Black or African American,2054-5,49 years,49,97,254067,38.2
,2018,2018,Male,M,Black or African American,2054-5,50 years,50,109,254213,42.9
,2018,2018,Male,M,Black or African American,2054-5,51 years,51,92,251412,36.6
,2018,2018,Male,M,Black or African American,2054-5,52 years,52,95,260470,36.5
,2018,2018,Male,M,Black or African American,2054-5,53 years,53,96,272455,35.2
,2018,2018,Male,M,Black or African American,2054-5,54 years,54,111,268389,41.4
,2018,2018,Male,M,Black or African American,2054-5,55 years,55,114,263011,43.3
,2018,2018,Male,M,Black or African American,2054-5,56 years,56,101,257966,39.2
,2018,2018,Male,M,Black or African American,2054-5,57 years,57,122,256567,47.6
,2018,2018,Male,M,Black or African American,2054-5,58 years,58,91,262235,34.7
,2018,2018,Male,M,Black or African American,2054-5,59 years,59,108,247059,43.7
,2018,2018,Male,M,Black or African American,2054-5,60 years,60,98,238105,41.2
,2018,2018,Male,M,Black or African American,2054-5,61 years,61,99,231635,42.7
,2018,2018,Male,M,Black or African American,2054-5,62 years,62,86,219100,39.3
,2018,2018,Male,M,Black or African American,2054-5,63 years,63,88,211641,41.6
,2018,2018,Male,M,Black or African American,2054-5,64 years,64,49,194081,25.2
,2018,2018,Male,M,Black or African American,2054-5,65 years,65,70,178712,39.2
,2018,2018,Male,M,Black or African American,2054-5,66 years,66,54,166416,32.4
,2018,2018,Male,M,Black or African American,2054-5,67 years,67,55,162287,33.9
,2018,2018,Male,M,Black or African American,2054-5,68 years,68,42,156538,26.8
,2018,2018,Male,M,Black or African American,2054-5,69 years,69,34,142399,23.9
,2018,2018,Male,M,Black or African American,2054-5,70 years,70,28,133264,21
,2018,2018,Male,M,Black or African American,2054-5,71 years,71,21,124669,16.8
,2018,2018,Male,M,Black or African American,2054-5,72 years,72,17,97750,Unreliable
,2018,2018,Male,M,Black or African American,2054-5,79 years,79,0,54056,Unreliable
,2018,2018,Male,M,Black or African American,2054-5,82 years,82,0,40245,Unreliable
,2018,2018,Male,M,Black or African American,2054-5,84 years,84,0,30502,Unreliable
,2018,2018,Male,M,Black or African American,2054-5,85 years,85,0,Not Applicable,Not Applicable
,2018,2018,Male,M,Black or African American,2054-5,86 years,86,0,Not Applicable,Not Applicable
,2018,2018,Male,M,Black or African American,2054-5,87 years,87,0,Not Applicable,Not Applicable
,2018,2018,Male,M,Black or African American,2054-5,88 years,88,0,Not Applicable,Not Applicable
,2018,2018,Male,M,Black or African American,2054-5,89 years,89,0,Not Applicable,Not Applicable
,2018,2018,Male,M,Black or African American,2054-5,90 years,90,0,Not Applicable,Not Applicable
,2018,2018,Male,M,Black or African American,2054-5,91 years,91,0,Not Applicable,Not Applicable
,2018,2018,Male,M,Black or African American,2054-5,92 years,92,0,Not Applicable,Not Applicable
,2018,2018,Male,M,Black or African American,2054-5,93 years,93,0,Not Applicable,Not Applicable
,2018,2018,Male,M,Black or African American,2054-5,94 years,94,0,Not Applicable,Not Applicable
,2018,2018,Male,M,Black or African American,2054-5,96 years,96,0,Not Applicable,Not Applicable
,2018,2018,Male,M,Black or African American,2054-5,97 years,97,0,Not Applicable,Not Applicable
,2018,2018,Male,M,Black or African American,2054-5,98 years,98,0,Not Applicable,Not Applicable
,2018,2018,Male,M,Black or African American,2054-5,99 years,99,0,Not Applicable,Not Applicable
,2018,2018,Male,M,Black or African American,2054-5,100+ years,100,0,Not Applicable,Not Applicable
,2018,2018,Male,M,White,2106-3,5 years,5,0,1524868,Unreliable
,2018,2018,Male,M,White,2106-3,6 years,6,0,1531957,Unreliable
,2018,2018,Male,M,White,2106-3,7 years,7,0,1557656,Unreliable
,2018,2018,Male,M,White,2106-3,8 years,8,0,1547311,Unreliable
,2018,2018,Male,M,White,2106-3,9 years,9,0,1545903,Unreliable
,2018,2018,Male,M,White,2106-3,10 years,10,0,1596558,Unreliable
,2018,2018,Male,M,White,2106-3,11 years,11,0,1609958,Unreliable
,2018,2018,Male,M,White,2106-3,16 years,16,17,1596941,Unreliable
,2018,2018,Male,M,White,2106-3,17 years,17,41,1636900,2.5
,2018,2018,Male,M,White,2106-3,18 years,18,78,1667753,4.7
,2018,2018,Male,M,White,2106-3,19 years,19,121,1648841,7.3
,2018,2018,Male,M,White,2106-3,20 years,20,189,1648347,11.5
,2018,2018,Male,M,White,2106-3,21 years,21,253,1652210,15.3
,2018,2018,Male,M,White,2106-3,22 years,22,326,1670791,19.5
,2018,2018,Male,M,White,2106-3,23 years,23,394,1702766,23.1
,2018,2018,Male,M,White,2106-3,24 years,24,474,1729588,27.4
,2018,2018,Male,M,White,2106-3,25 years,25,553,1753528,31.5
,2018,2018,Male,M,White,2106-3,26 years,26,607,1794706,33.8
,2018,2018,Male,M,White,2106-3,27 years,27,716,1816601,39.4
,2018,2018,Male,M,White,2106-3,28 years,28,742,1813586,40.9
,2018,2018,Male,M,White,2106-3,29 years,29,723,1747115,41.4
,2018,2018,Male,M,White,2106-3,30 years,30,722,1718551,42
,2018,2018,Male,M,White,2106-3,31 years,31,735,1698530,43.3
,2018,2018,Male,M,White,2106-3,32 years,32,786,1710482,46
,2018,2018,Male,M,White,2106-3,33 years,33,708,1720979,41.1
,2018,2018,Male,M,White,2106-3,34 years,34,711,1660062,42.8
,2018,2018,Male,M,White,2106-3,35 years,35,703,1683689,41.8
,2018,2018,Male,M,White,2106-3,36 years,36,729,1679786,43.4
,2018,2018,Male,M,White,2106-3,37 years,37,706,1662050,42.5
,2018,2018,Male,M,White,2106-3,38 years,38,688,1694451,40.6
,2018,2018,Male,M,White,2106-3,39 years,39,657,1583002,41.5
,2018,2018,Male,M,White,2106-3,40 years,40,562,1555384,36.1
,2018,2018,Male,M,White,2106-3,41 years,41,574,1533978,37.4
,2018,2018,Male,M,White,2106-3,42 years,42,488,1485971,32.8
,2018,2018,Male,M,White,2106-3,43 years,43,465,1535389,30.3
,2018,2018,Male,M,White,2106-3,44 years,44,492,1479881,33.2
,2018,2018,Male,M,White,2106-3,45 years,45,475,1494282,31.8
,2018,2018,Male,M,White,2106-3,46 years,46,466,1573577,29.6
,2018,2018,Male,M,White,2106-3,47 years,47,469,1677737,28
,2018,2018,Male,M,White,2106-3,48 years,48,464,1707158,27.2
,2018,2018,Male,M,White,2106-3,49 years,49,452,1619844,27.9
,2018,2018,Male,M,White,2106-3,50 years,50,443,1580081,28
,2018,2018,Male,M,White,2106-3,51 years,51,415,1585300,26.2
,2018,2018,Male,M,White,2106-3,52 years,52,437,1608742,27.2
,2018,2018,Male,M,White,2106-3,53 years,53,436,1708323,25.5
,2018,2018,Male,M,White,2106-3,54 years,54,424,1738502,24.4
,2018,2018,Male,M,White,2106-3,55 years,55,405,1733415,23.4
,2018,2018,Male,M,White,2106-3,56 years,56,395,1736570,22.7
,2018,2018,Male,M,White,2106-3,57 years,57,388,1757792,22.1
,2018,2018,Male,M,White,2106-3,58 years,58,352,1765085,19.9
,2018,2018,Male,M,White,2106-3,59 years,59,319,1702494,18.7
,2018,2018,Male,M,White,2106-3,60 years,60,282,1689609,16.7
,2018,2018,Male,M,White,2106-3,61 years,61,268,1664784,16.1
,2018,2018,Male,M,White,2106-3,62 years,62,252,1595701,15.8
,2018,2018,Male,M,White,2106-3,63 years,63,201,1580371,12.7
,2018,2018,Male,M,White,2106-3,64 years,64,172,1511453,11.4
,2018,2018,Male,M,White,2106-3,65 years,65,152,1452609,10.5
,2018,2018,Male,M,White,2106-3,66 years,66,111,1396004,8
,2018,2018,Male,M,White,2106-3,67 years,67,101,1341892,7.5
,2018,2018,Male,M,White,2106-3,68 years,68,85,1301577,6.5
,2018,2018,Male,M,White,2106-3,69 years,69,57,1265371,4.5
,2018,2018,Male,M,White,2106-3,70 years,70,34,1254768,2.7
,2018,2018,Male,M,White,2106-3,71 years,71,39,1320975,3
,2018,2018,Male,M,White,2106-3,72 years,72,27,945068,2.9
,2018,2018,Male,M,White,2106-3,73 years,73,22,922370,2.4
,2018,2018,Male,M,White,2106-3,74 years,74,19,891345,Unreliable
,2018,2018,Male,M,White,2106-3,75 years,75,15,908183,Unreliable
,2018,2018,Male,M,White,2106-3,76 years,76,13,770482,Unreliable
,2018,2018,Male,M,White,2106-3,78 years,78,14,632955,Unreliable
,2018,2018,Male,M,White,2106-3,93 years,93,0,Not Applicable,Not Applicable
,2018,2018,Male,M,White,2106-3,94 years,94,0,Not Applicable,Not Applicable
,2018,2018,Male,M,White,2106-3,95 years,95,0,Not Applicable,Not Applicable
,2018,2018,Male,M,White,2106-3,97 years,97,0,Not Applicable,Not Applicable
,2018,2018,Male,M,White,2106-3,98 years,98,0,Not Applicable,Not Applicable
,2018,2018,Male,M,White,2106-3,100+ years,100,0,Not Applicable,Not Applicable
,2019,2019,Female,F,American Indian or Alaska Native,1002-5,< 1 year,0,0,36048,Unreliable
,2019,2019,Female,F,American Indian or Alaska Native,1002-5,1 year,1,0,36232,Unreliable
,2019,2019,Female,F,American Indian or Alaska Native,1002-5,2 years,2,0,36901,Unreliable
,2019,2019,Female,F,American Indian or Alaska Native,1002-5,3 years,3,0,37775,Unreliable
,2019,2019,Female,F,American Indian or Alaska Native,1002-5,4 years,4,0,37949,Unreliable
,2019,2019,Female,F,American Indian or Alaska Native,1002-5,5 years,5,0,38065,Unreliable
,2019,2019,Female,F,American Indian or Alaska Native,1002-5,6 years,6,0,37806,Unreliable
,2019,2019,Female,F,American Indian or Alaska Native,1002-5,7 years,7,0,38340,Unreliable
,2019,2019,Female,F,American Indian or Alaska Native,1002-5,8 years,8,0,37643,Unreliable
,2019,2019,Female,F,American Indian or Alaska Native,1002-5,9 years,9,0,38345,Unreliable
,2019,2019,Female,F,American Indian or Alaska Native,1002-5,10 years,10,0,37971,Unreliable
,2019,2019,Female,F,American Indian or Alaska Native,1002-5,11 years,11,0,39124,Unreliable
,2019,2019,Female,F,American Indian or Alaska Native,1002-5,12 years,12,0,39189,Unreliable
,2019,2019,Female,F,American Indian or Alaska Native,1002-5,13 years,13,0,38466,Unreliable
,2019,2019,Female,F,American Indian or Alaska Native,1002-5,14 years,14,0,38427,Unreliable
,2019,2019,Female,F,American Indian or Alaska Native,1002-5,17 years,17,0,36680,Unreliable
,2019,2019,Female,F,American Indian or Alaska Native,1002-5,19 years,19,0,37837,Unreliable
,2019,2019,Female,F,American Indian or Alaska Native,1002-5,44 years,44,0,28650,Unreliable
,2019,2019,Female,F,American Indian or Alaska Native,1002-5,54 years,54,0,27849,Unreliable
,2019,2019,Female,F,American Indian or Alaska Native,1002-5,61 years,61,0,24511,Unreliable
,2019,2019,Female,F,American Indian or Alaska Native,1002-5,64 years,64,0,21740,Unreliable
,2019,2019,Female,F,American Indian or Alaska Native,1002-5,66 years,66,0,18862,Unreliable
,2019,2019,Female,F,American Indian or Alaska Native,1002-5,68 years,68,0,16857,Unreliable
,2019,2019,Female,F,American Indian or Alaska Native,1002-5,69 years,69,0,16057,Unreliable
,2019,2019,Female,F,American Indian or Alaska Native,1002-5,71 years,71,0,14128,Unreliable
,2019,2019,Female,F,American Indian or Alaska Native,1002-5,72 years,72,0,13758,Unreliable
,2019,2019,Female,F,American Indian or Alaska Native,1002-5,73 years,73,0,10788,Unreliable
,2019,2019,Female,F,American Indian or Alaska Native,1002-5,74 years,74,0,10344,Unreliable
,2019,2019,Female,F,American Indian or Alaska Native,1002-5,75 years,75,0,9621,Unreliable
,2019,2019,Female,F,American Indian or Alaska Native,1002-5,76 years,76,0,9069,Unreliable
,2019,2019,Female,F,American Indian or Alaska Native,1002-5,77 years,77,0,7936,Unreliable
,2019,2019,Female,F,American Indian or Alaska Native,1002-5,78 years,78,0,7277,Unreliable
,2019,2019,Female,F,American Indian or Alaska Native,1002-5,80 years,80,0,6068,Unreliable
,2019,2019,Female,F,American Indian or Alaska Native,1002-5,81 years,81,0,5697,Unreliable
,2019,2019,Female,F,American Indian or Alaska Native,1002-5,82 years,82,0,5014,Unreliable
,2019,2019,Female,F,American Indian or Alaska Native,1002-5,83 years,83,0,4647,Unreliable
,2019,2019,Female,F,American Indian or Alaska Native,1002-5,84 years,84,0,4273,Unreliable
,2019,2019,Female,F,American Indian or Alaska Native,1002-5,85 years,85,0,Not Applicable,Not Applicable
,2019,2019,Female,F,American Indian or Alaska Native,1002-5,86 years,86,0,Not Applicable,Not Applicable
,2019,2019,Female,F,American Indian or Alaska Native,1002-5,87 years,87,0,Not Applicable,Not Applicable
,2019,2019,Female,F,American Indian or Alaska Native,1002-5,88 years,88,0,Not Applicable,Not Applicable
,2019,2019,Female,F,American Indian or Alaska Native,1002-5,89 years,89,0,Not Applicable,Not Applicable
,2019,2019,Female,F,American Indian or Alaska Native,1002-5,90 years,90,0,Not Applicable,Not Applicable
,2019,2019,Female,F,American Indian or Alaska Native,1002-5,91 years,91,0,Not Applicable,Not Applicable
,2019,2019,Female,F,American Indian or Alaska Native,1002-5,92 years,92,0,Not Applicable,Not Applicable
,2019,2019,Female,F,American Indian or Alaska Native,1002-5,93 years,93,0,Not Applicable,Not Applicable
,2019,2019,Female,F,American Indian or Alaska Native,1002-5,94 years,94,0,Not Applicable,Not Applicable
,2019,2019,Female,F,American Indian or Alaska Native,1002-5,95 years,95,0,Not Applicable,Not Applicable
,2019,2019,Female,F,American Indian or Alaska Native,1002-5,96 years,96,0,Not Applicable,Not Applicable
,2019,2019,Female,F,American Indian or Alaska Native,1002-5,97 years,97,0,Not Applicable,Not Applicable
,2019,2019,Female,F,American Indian or Alaska Native,1002-5,98 years,98,0,Not Applicable,Not Applicable
,2019,2019,Female,F,American Indian or Alaska Native,1002-5,99 years,99,0,Not Applicable,Not Applicable
,2019,2019,Female,F,American Indian or Alaska Native,1002-5,100+ years,100,0,Not Applicable,Not Applicable
,2019,2019,Female,F,American Indian or Alaska Native,1002-5,Not Stated,NS,0,Not Applicable,Not Applicable
,2019,2019,Female,F,Asian or Pacific Islander,A-PI,< 1 year,0,0,111296,Unreliable
,2019,2019,Female,F,Asian or Pacific Islander,A-PI,1 year,1,0,114875,Unreliable
,2019,2019,Female,F,Asian or Pacific Islander,A-PI,2 years,2,0,120332,Unreliable
,2019,2019,Female,F,Asian or Pacific Islander,A-PI,3 years,3,0,124830,Unreliable
,2019,2019,Female,F,Asian or Pacific Islander,A-PI,4 years,4,0,129272,Unreliable
,2019,2019,Female,F,Asian or Pacific Islander,A-PI,5 years,5,0,126962,Unreliable
,2019,2019,Female,F,Asian or Pacific Islander,A-PI,6 years,6,0,128680,Unreliable
,2019,2019,Female,F,Asian or Pacific Islander,A-PI,7 years,7,0,124753,Unreliable
,2019,2019,Female,F,Asian or Pacific Islander,A-PI,8 years,8,0,122491,Unreliable
,2019,2019,Female,F,Asian or Pacific Islander,A-PI,9 years,9,0,129080,Unreliable
,2019,2019,Female,F,Asian or Pacific Islander,A-PI,10 years,10,0,129274,Unreliable
,2019,2019,Female,F,Asian or Pacific Islander,A-PI,11 years,11,0,133078,Unreliable
,2019,2019,Female,F,Asian or Pacific Islander,A-PI,12 years,12,0,130834,Unreliable
,2019,2019,Female,F,Asian or Pacific Islander,A-PI,13 years,13,0,130453,Unreliable
,2019,2019,Female,F,Asian or Pacific Islander,A-PI,14 years,14,0,133793,Unreliable
,2019,2019,Female,F,Asian or Pacific Islander,A-PI,16 years,16,0,134577,Unreliable
,2019,2019,Female,F,Asian or Pacific Islander,A-PI,17 years,17,0,130928,Unreliable
,2019,2019,Female,F,Asian or Pacific Islander,A-PI,20 years,20,0,136499,Unreliable
,2019,2019,Female,F,Asian or Pacific Islander,A-PI,21 years,21,0,141062,Unreliable
,2019,2019,Female,F,Asian or Pacific Islander,A-PI,22 years,22,0,146904,Unreliable
,2019,2019,Female,F,Asian or Pacific Islander,A-PI,23 years,23,0,153931,Unreliable
,2019,2019,Female,F,Asian or Pacific Islander,A-PI,36 years,36,0,193317,Unreliable
,2019,2019,Female,F,Asian or Pacific Islander,A-PI,37 years,37,0,192000,Unreliable
,2019,2019,Female,F,Asian or Pacific Islander,A-PI,52 years,52,0,136128,Unreliable
,2019,2019,Female,F,Asian or Pacific Islander,A-PI,53 years,53,0,136924,Unreliable
,2019,2019,Female,F,Asian or Pacific Islander,A-PI,56 years,56,0,139660,Unreliable
,2019,2019,Female,F,Asian or Pacific Islander,A-PI,59 years,59,0,132762,Unreliable
,2019,2019,Female,F,Asian or Pacific Islander,A-PI,61 years,61,0,123923,Unreliable
,2019,2019,Female,F,Asian or Pacific Islander,A-PI,63 years,63,0,118971,Unreliable
,2019,2019,Female,F,Asian or Pacific Islander,A-PI,65 years,65,0,110999,Unreliable
,2019,2019,Female,F,Asian or Pacific Islander,A-PI,66 years,66,0,106094,Unreliable
,2019,2019,Female,F,Asian or Pacific Islander,A-PI,67 years,67,0,100917,Unreliable
,2019,2019,Female,F,Asian or Pacific Islander,A-PI,70 years,70,0,91542,Unreliable
,2019,2019,Female,F,Asian or Pacific Islander,A-PI,72 years,72,0,79819,Unreliable
,2019,2019,Female,F,Asian or Pacific Islander,A-PI,73 years,73,0,67427,Unreliable
,2019,2019,Female,F,Asian or Pacific Islander,A-PI,74 years,74,0,64760,Unreliable
,2019,2019,Female,F,Asian or Pacific Islander,A-PI,75 years,75,0,59023,Unreliable
,2019,2019,Female,F,Asian or Pacific Islander,A-PI,76 years,76,0,53734,Unreliable
,2019,2019,Female,F,Asian or Pacific Islander,A-PI,77 years,77,0,51560,Unreliable
,2019,2019,Female,F,Asian or Pacific Islander,A-PI,78 years,78,0,47034,Unreliable
,2019,2019,Female,F,Asian or Pacific Islander,A-PI,79 years,79,0,44917,Unreliable
,2019,2019,Female,F,Asian or Pacific Islander,A-PI,80 years,80,0,39911,Unreliable
,2019,2019,Female,F,Asian or Pacific Islander,A-PI,81 years,81,0,37494,Unreliable
,2019,2019,Female,F,Asian or Pacific Islander,A-PI,82 years,82,0,34418,Unreliable
,2019,2019,Female,F,Asian or Pacific Islander,A-PI,83 years,83,0,31704,Unreliable
,2019,2019,Female,F,Asian or Pacific Islander,A-PI,84 years,84,0,29189,Unreliable
,2019,2019,Female,F,Asian or Pacific Islander,A-PI,85 years,85,0,Not Applicable,Not Applicable
,2019,2019,Female,F,Asian or Pacific Islander,A-PI,87 years,87,0,Not Applicable,Not Applicable
,2019,2019,Female,F,Asian or Pacific Islander,A-PI,88 years,88,0,Not Applicable,Not Applicable
,2019,2019,Female,F,Asian or Pacific Islander,A-PI,89 years,89,0,Not Applicable,Not Applicable
,2019,2019,Female,F,Asian or Pacific Islander,A-PI,90 years,90,0,Not Applicable,Not Applicable
,2019,2019,Female,F,Asian or Pacific Islander,A-PI,91 years,91,0,Not Applicable,Not Applicable
,2019,2019,Female,F,Asian or Pacific Islander,A-PI,92 years,92,0,Not Applicable,Not Applicable
,2019,2019,Female,F,Asian or Pacific Islander,A-PI,93 years,93,0,Not Applicable,Not Applicable
,2019,2019,Female,F,Asian or Pacific Islander,A-PI,94 years,94,0,Not Applicable,Not Applicable
,2019,2019,Female,F,Asian or Pacific Islander,A-PI,95 years,95,0,Not Applicable,Not Applicable
,2019,2019,Female,F,Asian or Pacific Islander,A-PI,96 years,96,0,Not Applicable,Not Applicable
,2019,2019,Female,F,Asian or Pacific Islander,A-PI,97 years,97,0,Not Applicable,Not Applicable
,2019,2019,Female,F,Asian or Pacific Islander,A-PI,98 years,98,0,Not Applicable,Not Applicable
,2019,2019,Female,F,Asian or Pacific Islander,A-PI,99 years,99,0,Not Applicable,Not Applicable
,2019,2019,Female,F,Asian or Pacific Islander,A-PI,100+ years,100,0,Not Applicable,Not Applicable
,2019,2019,Female,F,Asian or Pacific Islander,A-PI,Not Stated,NS,0,Not Applicable,Not Applicable
,2019,2019,Female,F,Black or African American,2054-5,7 years,7,0,333732,Unreliable
,2019,2019,Female,F,Black or African American,2054-5,8 years,8,0,335255,Unreliable
,2019,2019,Female,F,Black or African American,2054-5,11 years,11,0,351421,Unreliable
,2019,2019,Female,F,Black or African American,2054-5,14 years,14,0,334305,Unreliable
,2019,2019,Female,F,Black or African American,2054-5,17 years,17,0,333829,Unreliable
,2019,2019,Female,F,Black or African American,2054-5,20 years,20,11,345536,Unreliable
,2019,2019,Female,F,Black or African American,2054-5,21 years,21,16,347320,Unreliable
,2019,2019,Female,F,Black or African American,2054-5,22 years,22,24,346987,6.9
,2019,2019,Female,F,Black or African American,2054-5,23 years,23,31,347159,8.9
,2019,2019,Female,F,Black or African American,2054-5,24 years,24,29,362062,8
,2019,2019,Female,F,Black or African American,2054-5,25 years,25,25,377428,6.6
,2019,2019,Female,F,Black or African American,2054-5,26 years,26,46,385016,11.9
,2019,2019,Female,F,Black or African American,2054-5,27 years,27,36,394977,9.1
,2019,2019,Female,F,Black or African American,2054-5,28 years,28,48,402570,11.9
,2019,2019,Female,F,Black or African American,2054-5,29 years,29,55,397902,13.8
,2019,2019,Female,F,Black or African American,2054-5,30 years,30,46,374713,12.3
,2019,2019,Female,F,Black or African American,2054-5,31 years,31,40,352695,11.3
,2019,2019,Female,F,Black or African American,2054-5,32 years,32,35,339847,10.3
,2019,2019,Female,F,Black or African American,2054-5,33 years,33,43,334641,12.8
,2019,2019,Female,F,Black or African American,2054-5,34 years,34,53,333494,15.9
,2019,2019,Female,F,Black or African American,2054-5,35 years,35,62,320578,19.3
,2019,2019,Female,F,Black or African American,2054-5,36 years,36,52,325136,16
,2019,2019,Female,F,Black or African American,2054-5,37 years,37,41,325430,12.6
,2019,2019,Female,F,Black or African American,2054-5,38 years,38,47,323067,14.5
,2019,2019,Female,F,Black or African American,2054-5,39 years,39,40,333975,12
,2019,2019,Female,F,Black or African American,2054-5,40 years,40,39,312777,12.5
,2019,2019,Female,F,Black or African American,2054-5,41 years,41,40,301702,13.3
,2019,2019,Female,F,Black or African American,2054-5,42 years,42,42,298409,14.1
,2019,2019,Female,F,Black or African American,2054-5,43 years,43,33,286191,11.5
,2019,2019,Female,F,Black or African American,2054-5,44 years,44,28,292516,9.6
,2019,2019,Female,F,Black or African American,2054-5,45 years,45,38,283104,13.4
,2019,2019,Female,F,Black or African American,2054-5,46 years,46,34,290775,11.7
,2019,2019,Female,F,Black or African American,2054-5,47 years,47,47,299258,15.7
,2019,2019,Female,F,Black or African American,2054-5,48 years,48,34,312009,10.9
,2019,2019,Female,F,Black or African American,2054-5,49 years,49,55,308484,17.8
,2019,2019,Female,F,Black or African American,2054-5,50 years,50,44,285844,15.4
,2019,2019,Female,F,Black or African American,2054-5,51 years,51,48,286455,16.8
,2019,2019,Female,F,Black or African American,2054-5,52 years,52,57,285727,19.9
,2019,2019,Female,F,Black or African American,2054-5,53 years,53,66,294263,22.4
,2019,2019,Female,F,Black or African American,2054-5,54 years,54,50,307337,16.3
,2019,2019,Female,F,Black or African American,2054-5,55 years,55,54,305083,17.7
,2019,2019,Female,F,Black or African American,2054-5,56 years,56,58,300180,19.3
,2019,2019,Female,F,Black or African American,2054-5,57 years,57,60,296360,20.2
,2019,2019,Female,F,Black or African American,2054-5,58 years,58,62,296757,20.9
,2019,2019,Female,F,Black or African American,2054-5,59 years,59,44,301949,14.6
,2019,2019,Female,F,Black or African American,2054-5,60 years,60,47,287469,16.3
,2019,2019,Female,F,Black or African American,2054-5,61 years,61,33,277619,11.9
,2019,2019,Female,F,Black or African American,2054-5,62 years,62,36,275332,13.1
,2019,2019,Female,F,Black or African American,2054-5,63 years,63,23,263211,8.7
,2019,2019,Female,F,Black or African American,2054-5,64 years,64,22,255225,8.6
,2019,2019,Female,F,Black or African American,2054-5,65 years,65,27,239872,11.3
,2019,2019,Female,F,Black or African American,2054-5,66 years,66,19,223653,Unreliable
,2019,2019,Female,F,Black or African American,2054-5,67 years,67,16,211478,Unreliable
,2019,2019,Female,F,Black or African American,2054-5,68 years,68,13,208417,Unreliable
,2019,2019,Female,F,Black or African American,2054-5,70 years,70,10,185297,Unreliable
,2019,2019,Female,F,Black or African American,2054-5,76 years,76,0,116804,Unreliable
,2019,2019,Female,F,Black or African American,2054-5,77 years,77,0,103176,Unreliable
,2019,2019,Female,F,Black or African American,2054-5,79 years,79,0,91506,Unreliable
,2019,2019,Female,F,Black or African American,2054-5,80 years,80,0,81027,Unreliable
,2019,2019,Female,F,Black or African American,2054-5,81 years,81,0,76774,Unreliable
,2019,2019,Female,F,Black or African American,2054-5,82 years,82,0,69782,Unreliable
,2019,2019,Female,F,Black or African American,2054-5,83 years,83,0,66277,Unreliable
,2019,2019,Female,F,Black or African American,2054-5,84 years,84,0,61156,Unreliable
,2019,2019,Female,F,Black or African American,2054-5,85 years,85,0,Not Applicable,Not Applicable
,2019,2019,Female,F,Black or African American,2054-5,86 years,86,0,Not Applicable,Not Applicable
,2019,2019,Female,F,Black or African American,2054-5,87 years,87,0,Not Applicable,Not Applicable
,2019,2019,Female,F,Black or African American,2054-5,88 years,88,0,Not Applicable,Not Applicable
,2019,2019,Female,F,Black or African American,2054-5,89 years,89,0,Not Applicable,Not Applicable
,2019,2019,Female,F,Black or African American,2054-5,91 years,91,0,Not Applicable,Not Applicable
,2019,2019,Female,F,Black or African American,2054-5,92 years,92,0,Not Applicable,Not Applicable
,2019,2019,Female,F,Black or African American,2054-5,93 years,93,0,Not Applicable,Not Applicable
,2019,2019,Female,F,Black or African American,2054-5,94 years,94,0,Not Applicable,Not Applicable
,2019,2019,Female,F,Black or African American,2054-5,95 years,95,0,Not Applicable,Not Applicable
,2019,2019,Female,F,Black or African American,2054-5,96 years,96,0,Not Applicable,Not Applicable
,2019,2019,Female,F,Black or African American,2054-5,97 years,97,0,Not Applicable,Not Applicable
,2019,2019,Female,F,Black or African American,2054-5,98 years,98,0,Not Applicable,Not Applicable
,2019,2019,Female,F,Black or African American,2054-5,99 years,99,0,Not Applicable,Not Applicable
,2019,2019,Female,F,Black or African American,2054-5,100+ years,100,0,Not Applicable,Not Applicable
,2019,2019,Female,F,White,2106-3,2 years,2,0,1432266,Unreliable
,2019,2019,Female,F,White,2106-3,6 years,6,0,1463135,Unreliable
,2019,2019,Female,F,White,2106-3,7 years,7,0,1469759,Unreliable
,2019,2019,Female,F,White,2106-3,8 years,8,0,1491082,Unreliable
,2019,2019,Female,F,White,2106-3,9 years,9,0,1483584,Unreliable
,2019,2019,Female,F,White,2106-3,16 years,16,14,1533959,Unreliable
,2019,2019,Female,F,White,2106-3,17 years,17,17,1528435,Unreliable
,2019,2019,Female,F,White,2106-3,18 years,18,33,1564327,2.1
,2019,2019,Female,F,White,2106-3,19 years,19,56,1585444,3.5
,2019,2019,Female,F,White,2106-3,20 years,20,75,1567419,4.8
,2019,2019,Female,F,White,2106-3,21 years,21,122,1565824,7.8
,2019,2019,Female,F,White,2106-3,22 years,22,127,1572920,8.1
,2019,2019,Female,F,White,2106-3,23 years,23,164,1582401,10.4
,2019,2019,Female,F,White,2106-3,24 years,24,188,1608263,11.7
,2019,2019,Female,F,White,2106-3,25 years,25,210,1631422,12.9
,2019,2019,Female,F,White,2106-3,26 years,26,223,1648961,13.5
,2019,2019,Female,F,White,2106-3,27 years,27,255,1695555,15
,2019,2019,Female,F,White,2106-3,28 years,28,303,1731578,17.5
,2019,2019,Female,F,White,2106-3,29 years,29,303,1732303,17.5
,2019,2019,Female,F,White,2106-3,30 years,30,302,1664584,18.1
,2019,2019,Female,F,White,2106-3,31 years,31,307,1639473,18.7
,2019,2019,Female,F,White,2106-3,32 years,32,319,1617409,19.7
,2019,2019,Female,F,White,2106-3,33 years,33,350,1630285,21.5
,2019,2019,Female,F,White,2106-3,34 years,34,339,1649006,20.6
,2019,2019,Female,F,White,2106-3,35 years,35,336,1602304,21
,2019,2019,Female,F,White,2106-3,36 years,36,307,1629363,18.8
,2019,2019,Female,F,White,2106-3,37 years,37,315,1630269,19.3
,2019,2019,Female,F,White,2106-3,38 years,38,306,1615874,18.9
,2019,2019,Female,F,White,2106-3,39 years,39,304,1633844,18.6
,2019,2019,Female,F,White,2106-3,40 years,40,246,1538569,16
,2019,2019,Female,F,White,2106-3,41 years,41,229,1515116,15.1
,2019,2019,Female,F,White,2106-3,42 years,42,237,1502280,15.8
,2019,2019,Female,F,White,2106-3,43 years,43,216,1456486,14.8
,2019,2019,Female,F,White,2106-3,44 years,44,242,1500320,16.1
,2019,2019,Female,F,White,2106-3,45 years,45,216,1458044,14.8
,2019,2019,Female,F,White,2106-3,46 years,46,220,1482430,14.8
,2019,2019,Female,F,White,2106-3,47 years,47,233,1557771,15
,2019,2019,Female,F,White,2106-3,48 years,48,273,1663014,16.4
,2019,2019,Female,F,White,2106-3,49 years,49,265,1682695,15.7
,2019,2019,Female,F,White,2106-3,50 years,50,231,1604443,14.4
,2019,2019,Female,F,White,2106-3,51 years,51,247,1567708,15.8
,2019,2019,Female,F,White,2106-3,52 years,52,264,1585124,16.7
,2019,2019,Female,F,White,2106-3,53 years,53,249,1609828,15.5
,2019,2019,Female,F,White,2106-3,54 years,54,258,1716893,15
,2019,2019,Female,F,White,2106-3,55 years,55,277,1763018,15.7
,2019,2019,Female,F,White,2106-3,56 years,56,252,1768742,14.2
,2019,2019,Female,F,White,2106-3,57 years,57,246,1778303,13.8
,2019,2019,Female,F,White,2106-3,58 years,58,244,1808802,13.5
,2019,2019,Female,F,White,2106-3,59 years,59,191,1809970,10.6
,2019,2019,Female,F,White,2106-3,60 years,60,205,1763058,11.6
,2019,2019,Female,F,White,2106-3,61 years,61,171,1761168,9.7
,2019,2019,Female,F,White,2106-3,62 years,62,156,1746163,8.9
,2019,2019,Female,F,White,2106-3,63 years,63,128,1685159,7.6
,2019,2019,Female,F,White,2106-3,64 years,64,142,1675964,8.5
,2019,2019,Female,F,White,2106-3,65 years,65,94,1620016,5.8
,2019,2019,Female,F,White,2106-3,66 years,66,84,1565572,5.4
,2019,2019,Female,F,White,2106-3,67 years,67,60,1506576,4
,2019,2019,Female,F,White,2106-3,68 years,68,50,1458663,3.4
,2019,2019,Female,F,White,2106-3,69 years,69,47,1414877,3.3
,2019,2019,Female,F,White,2106-3,70 years,70,35,1382807,2.5
,2019,2019,Female,F,White,2106-3,71 years,71,38,1373290,2.8
,2019,2019,Female,F,White,2106-3,72 years,72,42,1449953,2.9
,2019,2019,Female,F,White,2106-3,73 years,73,28,1049736,2.7
,2019,2019,Female,F,White,2106-3,74 years,74,17,1034311,Unreliable
,2019,2019,Female,F,White,2106-3,75 years,75,23,1011701,2.3
,2019,2019,Female,F,White,2106-3,76 years,76,14,1039095,Unreliable
,2019,2019,Female,F,White,2106-3,77 years,77,14,893659,Unreliable
,2019,2019,Female,F,White,2106-3,78 years,78,19,809991,Unreliable
,2019,2019,Female,F,White,2106-3,79 years,79,18,755343,Unreliable
,2019,2019,Female,F,White,2106-3,81 years,81,10,668048,Unreliable
,2019,2019,Female,F,White,2106-3,95 years,95,0,Not Applicable,Not Applicable
,2019,2019,Female,F,White,2106-3,96 years,96,0,Not Applicable,Not Applicable
,2019,2019,Female,F,White,2106-3,97 years,97,0,Not Applicable,Not Applicable
,2019,2019,Female,F,White,2106-3,98 years,98,0,Not Applicable,Not Applicable
,2019,2019,Female,F,White,2106-3,99 years,99,0,Not Applicable,Not Applicable
,2019,2019,Male,M,American Indian or Alaska Native,1002-5,< 1 year,0,0,37369,Unreliable
,2019,2019,Male,M,American Indian or Alaska Native,1002-5,1 year,1,0,37516,Unreliable
,2019,2019,Male,M,American Indian or Alaska Native,1002-5,3 years,3,0,38901,Unreliable
,2019,2019,Male,M,American Indian or Alaska Native,1002-5,4 years,4,0,39030,Unreliable
,2019,2019,Male,M,American Indian or Alaska Native,1002-5,5 years,5,0,39331,Unreliable
,2019,2019,Male,M,American Indian or Alaska Native,1002-5,6 years,6,0,38995,Unreliable
,2019,2019,Male,M,American Indian or Alaska Native,1002-5,7 years,7,0,39758,Unreliable
,2019,2019,Male,M,American Indian or Alaska Native,1002-5,8 years,8,0,38725,Unreliable
,2019,2019,Male,M,American Indian or Alaska Native,1002-5,9 years,9,0,39061,Unreliable
,2019,2019,Male,M,American Indian or Alaska Native,1002-5,10 years,10,0,39020,Unreliable
,2019,2019,Male,M,American Indian or Alaska Native,1002-5,11 years,11,0,40287,Unreliable
,2019,2019,Male,M,American Indian or Alaska Native,1002-5,12 years,12,0,40747,Unreliable
,2019,2019,Male,M,American Indian or Alaska Native,1002-5,13 years,13,0,39869,Unreliable
,2019,2019,Male,M,American Indian or Alaska Native,1002-5,14 years,14,0,39491,Unreliable
,2019,2019,Male,M,American Indian or Alaska Native,1002-5,23 years,23,10,38052,Unreliable
,2019,2019,Male,M,American Indian or Alaska Native,1002-5,26 years,26,10,40649,Unreliable
,2019,2019,Male,M,American Indian or Alaska Native,1002-5,29 years,29,12,40851,Unreliable
,2019,2019,Male,M,American Indian or Alaska Native,1002-5,33 years,33,10,36338,Unreliable
,2019,2019,Male,M,American Indian or Alaska Native,1002-5,35 years,35,12,34706,Unreliable
,2019,2019,Male,M,American Indian or Alaska Native,1002-5,40 years,40,11,31646,Unreliable
,2019,2019,Male,M,American Indian or Alaska Native,1002-5,65 years,65,0,17968,Unreliable
,2019,2019,Male,M,American Indian or Alaska Native,1002-5,66 years,66,0,16695,Unreliable
,2019,2019,Male,M,American Indian or Alaska Native,1002-5,68 years,68,0,14672,Unreliable
,2019,2019,Male,M,American Indian or Alaska Native,1002-5,72 years,72,0,12349,Unreliable
,2019,2019,Male,M,American Indian or Alaska Native,1002-5,73 years,73,0,9218,Unreliable
,2019,2019,Male,M,American Indian or Alaska Native,1002-5,74 years,74,0,8694,Unreliable
,2019,2019,Male,M,American Indian or Alaska Native,1002-5,75 years,75,0,7944,Unreliable
,2019,2019,Male,M,American Indian or Alaska Native,1002-5,76 years,76,0,7401,Unreliable
,2019,2019,Male,M,American Indian or Alaska Native,1002-5,77 years,77,0,6523,Unreliable
,2019,2019,Male,M,American Indian or Alaska Native,1002-5,78 years,78,0,5869,Unreliable
,2019,2019,Male,M,American Indian or Alaska Native,1002-5,79 years,79,0,5460,Unreliable
,2019,2019,Male,M,American Indian or Alaska Native,1002-5,80 years,80,0,4610,Unreliable
,2019,2019,Male,M,American Indian or Alaska Native,1002-5,81 years,81,0,4228,Unreliable
,2019,2019,Male,M,American Indian or Alaska Native,1002-5,82 years,82,0,3670,Unreliable
,2019,2019,Male,M,American Indian or Alaska Native,1002-5,83 years,83,0,3293,Unreliable
,2019,2019,Male,M,American Indian or Alaska Native,1002-5,84 years,84,0,2921,Unreliable
,2019,2019,Male,M,American Indian or Alaska Native,1002-5,85 years,85,0,Not Applicable,Not Applicable
,2019,2019,Male,M,American Indian or Alaska Native,1002-5,86 years,86,0,Not Applicable,Not Applicable
,2019,2019,Male,M,American Indian or Alaska Native,1002-5,87 years,87,0,Not Applicable,Not Applicable
,2019,2019,Male,M,American Indian or Alaska Native,1002-5,88 years,88,0,Not Applicable,Not Applicable
,2019,2019,Male,M,American Indian or Alaska Native,1002-5,89 years,89,0,Not Applicable,Not Applicable
,2019,2019,Male,M,American Indian or Alaska Native,1002-5,90 years,90,0,Not Applicable,Not Applicable
,2019,2019,Male,M,American Indian or Alaska Native,1002-5,91 years,91,0,Not Applicable,Not Applicable
,2019,2019,Male,M,American Indian or Alaska Native,1002-5,92 years,92,0,Not Applicable,Not Applicable
,2019,2019,Male,M,American Indian or Alaska Native,1002-5,93 years,93,0,Not Applicable,Not Applicable
,2019,2019,Male,M,American Indian or Alaska Native,1002-5,94 years,94,0,Not Applicable,Not Applicable
,2019,2019,Male,M,American Indian or Alaska Native,1002-5,95 years,95,0,Not Applicable,Not Applicable
,2019,2019,Male,M,American Indian or Alaska Native,1002-5,96 years,96,0,Not Applicable,Not Applicable
,2019,2019,Male,M,American Indian or Alaska Native,1002-5,97 years,97,0,Not Applicable,Not Applicable
,2019,2019,Male,M,American Indian or Alaska Native,1002-5,98 years,98,0,Not Applicable,Not Applicable
,2019,2019,Male,M,American Indian or Alaska Native,1002-5,99 years,99,0,Not Applicable,Not Applicable
,2019,2019,Male,M,American Indian or Alaska Native,1002-5,100+ years,100,0,Not Applicable,Not Applicable
,2019,2019,Male,M,American Indian or Alaska Native,1002-5,Not Stated,NS,0,Not Applicable,Not Applicable
,2019,2019,Male,M,Asian or Pacific Islander,A-PI,< 1 year,0,0,117196,Unreliable
,2019,2019,Male,M,Asian or Pacific Islander,A-PI,1 year,1,0,121480,Unreliable
,2019,2019,Male,M,Asian or Pacific Islander,A-PI,2 years,2,0,127027,Unreliable
,2019,2019,Male,M,Asian or Pacific Islander,A-PI,3 years,3,0,131209,Unreliable
,2019,2019,Male,M,Asian or Pacific Islander,A-PI,4 years,4,0,137098,Unreliable
,2019,2019,Male,M,Asian or Pacific Islander,A-PI,5 years,5,0,133882,Unreliable
,2019,2019,Male,M,Asian or Pacific Islander,A-PI,6 years,6,0,136385,Unreliable
,2019,2019,Male,M,Asian or Pacific Islander,A-PI,7 years,7,0,131118,Unreliable
,2019,2019,Male,M,Asian or Pacific Islander,A-PI,8 years,8,0,128905,Unreliable
,2019,2019,Male,M,Asian or Pacific Islander,A-PI,9 years,9,0,134401,Unreliable
,2019,2019,Male,M,Asian or Pacific Islander,A-PI,10 years,10,0,133623,Unreliable
,2019,2019,Male,M,Asian or Pacific Islander,A-PI,11 years,11,0,138100,Unreliable
,2019,2019,Male,M,Asian or Pacific Islander,A-PI,12 years,12,0,136224,Unreliable
,2019,2019,Male,M,Asian or Pacific Islander,A-PI,13 years,13,0,134488,Unreliable
,2019,2019,Male,M,Asian or Pacific Islander,A-PI,14 years,14,0,135055,Unreliable
,2019,2019,Male,M,Asian or Pacific Islander,A-PI,23 years,23,17,158037,Unreliable
,2019,2019,Male,M,Asian or Pacific Islander,A-PI,24 years,24,10,163713,Unreliable
,2019,2019,Male,M,Asian or Pacific Islander,A-PI,25 years,25,11,169710,Unreliable
,2019,2019,Male,M,Asian or Pacific Islander,A-PI,27 years,27,19,181228,Unreliable
,2019,2019,Male,M,Asian or Pacific Islander,A-PI,28 years,28,12,190131,Unreliable
,2019,2019,Male,M,Asian or Pacific Islander,A-PI,31 years,31,11,184893,Unreliable
,2019,2019,Male,M,Asian or Pacific Islander,A-PI,34 years,34,17,181499,Unreliable
,2019,2019,Male,M,Asian or Pacific Islander,A-PI,35 years,35,10,178686,Unreliable
,2019,2019,Male,M,Asian or Pacific Islander,A-PI,53 years,53,0,120391,Unreliable
,2019,2019,Male,M,Asian or Pacific Islander,A-PI,55 years,55,0,121636,Unreliable
,2019,2019,Male,M,Asian or Pacific Islander,A-PI,56 years,56,0,121166,Unreliable
,2019,2019,Male,M,Asian or Pacific Islander,A-PI,57 years,57,0,111465,Unreliable
,2019,2019,Male,M,Asian or Pacific Islander,A-PI,68 years,68,0,75341,Unreliable
,2019,2019,Male,M,Asian or Pacific Islander,A-PI,69 years,69,0,78546,Unreliable
,2019,2019,Male,M,Asian or Pacific Islander,A-PI,70 years,70,0,71997,Unreliable
,2019,2019,Male,M,Asian or Pacific Islander,A-PI,71 years,71,0,67944,Unreliable
,2019,2019,Male,M,Asian or Pacific Islander,A-PI,73 years,73,0,53638,Unreliable
,2019,2019,Male,M,Asian or Pacific Islander,A-PI,74 years,74,0,50913,Unreliable
,2019,2019,Male,M,Asian or Pacific Islander,A-PI,75 years,75,0,46749,Unreliable
,2019,2019,Male,M,Asian or Pacific Islander,A-PI,76 years,76,0,43270,Unreliable
,2019,2019,Male,M,Asian or Pacific Islander,A-PI,77 years,77,0,40191,Unreliable
,2019,2019,Male,M,Asian or Pacific Islander,A-PI,78 years,78,0,36862,Unreliable
,2019,2019,Male,M,Asian or Pacific Islander,A-PI,79 years,79,0,35572,Unreliable
,2019,2019,Male,M,Asian or Pacific Islander,A-PI,80 years,80,0,31626,Unreliable
,2019,2019,Male,M,Asian or Pacific Islander,A-PI,81 years,81,0,28985,Unreliable
,2019,2019,Male,M,Asian or Pacific Islander,A-PI,82 years,82,0,26056,Unreliable
,2019,2019,Male,M,Asian or Pacific Islander,A-PI,84 years,84,0,20914,Unreliable
,2019,2019,Male,M,Asian or Pacific Islander,A-PI,85 years,85,0,Not Applicable,Not Applicable
,2019,2019,Male,M,Asian or Pacific Islander,A-PI,86 years,86,0,Not Applicable,Not Applicable
,2019,2019,Male,M,Asian or Pacific Islander,A-PI,87 years,87,0,Not Applicable,Not Applicable
,2019,2019,Male,M,Asian or Pacific Islander,A-PI,88 years,88,0,Not Applicable,Not Applicable
,2019,2019,Male,M,Asian or Pacific Islander,A-PI,89 years,89,0,Not Applicable,Not Applicable
,2019,2019,Male,M,Asian or Pacific Islander,A-PI,90 years,90,0,Not Applicable,Not Applicable
,2019,2019,Male,M,Asian or Pacific Islander,A-PI,91 years,91,0,Not Applicable,Not Applicable
,2019,2019,Male,M,Asian or Pacific Islander,A-PI,92 years,92,0,Not Applicable,Not Applicable
,2019,2019,Male,M,Asian or Pacific Islander,A-PI,93 years,93,0,Not Applicable,Not Applicable
,2019,2019,Male,M,Asian or Pacific Islander,A-PI,94 years,94,0,Not Applicable,Not Applicable
,2019,2019,Male,M,Asian or Pacific Islander,A-PI,95 years,95,0,Not Applicable,Not Applicable
,2019,2019,Male,M,Asian or Pacific Islander,A-PI,96 years,96,0,Not Applicable,Not Applicable
,2019,2019,Male,M,Asian or Pacific Islander,A-PI,97 years,97,0,Not Applicable,Not Applicable
,2019,2019,Male,M,Asian or Pacific Islander,A-PI,98 years,98,0,Not Applicable,Not Applicable
,2019,2019,Male,M,Asian or Pacific Islander,A-PI,99 years,99,0,Not Applicable,Not Applicable
,2019,2019,Male,M,Asian or Pacific Islander,A-PI,100+ years,100,0,Not Applicable,Not Applicable
,2019,2019,Male,M,Asian or Pacific Islander,A-PI,Not Stated,NS,0,Not Applicable,Not Applicable
,2019,2019,Male,M,Black or African American,2054-5,4 years,4,0,348715,Unreliable
,2019,2019,Male,M,Black or African American,2054-5,7 years,7,0,345998,Unreliable
,2019,2019,Male,M,Black or African American,2054-5,9 years,9,0,349185,Unreliable
,2019,2019,Male,M,Black or African American,2054-5,10 years,10,0,351551,Unreliable
,2019,2019,Male,M,Black or African American,2054-5,11 years,11,0,361567,Unreliable
,2019,2019,Male,M,Black or African American,2054-5,12 years,12,0,361387,Unreliable
,2019,2019,Male,M,Black or African American,2054-5,13 years,13,0,350639,Unreliable
,2019,2019,Male,M,Black or African American,2054-5,14 years,14,0,345277,Unreliable
,2019,2019,Male,M,Black or African American,2054-5,15 years,15,0,341651,Unreliable
,2019,2019,Male,M,Black or African American,2054-5,18 years,18,16,355426,Unreliable
,2019,2019,Male,M,Black or African American,2054-5,19 years,19,22,365595,6
,2019,2019,Male,M,Black or African American,2054-5,20 years,20,40,357351,11.2
,2019,2019,Male,M,Black or African American,2054-5,21 years,21,33,358589,9.2
,2019,2019,Male,M,Black or African American,2054-5,22 years,22,54,356686,15.1
,2019,2019,Male,M,Black or African American,2054-5,23 years,23,56,356489,15.7
,2019,2019,Male,M,Black or African American,2054-5,24 years,24,63,373933,16.8
,2019,2019,Male,M,Black or African American,2054-5,25 years,25,73,389193,18.8
,2019,2019,Male,M,Black or African American,2054-5,26 years,26,60,399907,15
,2019,2019,Male,M,Black or African American,2054-5,27 years,27,86,404942,21.2
,2019,2019,Male,M,Black or African American,2054-5,28 years,28,101,405075,24.9
,2019,2019,Male,M,Black or African American,2054-5,29 years,29,105,394524,26.6
,2019,2019,Male,M,Black or African American,2054-5,30 years,30,95,366917,25.9
,2019,2019,Male,M,Black or African American,2054-5,31 years,31,92,342799,26.8
,2019,2019,Male,M,Black or African American,2054-5,32 years,32,98,327197,30
,2019,2019,Male,M,Black or African American,2054-5,33 years,33,95,318981,29.8
,2019,2019,Male,M,Black or African American,2054-5,34 years,34,105,315224,33.3
,2019,2019,Male,M,Black or African American,2054-5,35 years,35,105,298422,35.2
,2019,2019,Male,M,Black or African American,2054-5,36 years,36,96,300075,32
,2019,2019,Male,M,Black or African American,2054-5,37 years,37,112,297444,37.7
,2019,2019,Male,M,Black or African American,2054-5,38 years,38,126,293422,42.9
,2019,2019,Male,M,Black or African American,2054-5,39 years,39,106,305026,34.8
,2019,2019,Male,M,Black or African American,2054-5,40 years,40,98,281115,34.9
,2019,2019,Male,M,Black or African American,2054-5,41 years,41,100,270051,37
,2019,2019,Male,M,Black or African American,2054-5,42 years,42,85,264507,32.1
,2019,2019,Male,M,Black or African American,2054-5,43 years,43,79,254368,31.1
,2019,2019,Male,M,Black or African American,2054-5,44 years,44,98,260527,37.6
,2019,2019,Male,M,Black or African American,2054-5,45 years,45,91,249138,36.5
,2019,2019,Male,M,Black or African American,2054-5,46 years,46,101,254898,39.6
,2019,2019,Male,M,Black or African American,2054-5,47 years,47,116,263094,44.1
,2019,2019,Male,M,Black or African American,2054-5,48 years,48,117,271959,43
,2019,2019,Male,M,Black or African American,2054-5,49 years,49,143,274113,52.2
,2019,2019,Male,M,Black or African American,2054-5,50 years,50,127,252669,50.3
,2019,2019,Male,M,Black or African American,2054-5,51 years,51,120,252487,47.5
,2019,2019,Male,M,Black or African American,2054-5,52 years,52,140,249274,56.2
,2019,2019,Male,M,Black or African American,2054-5,53 years,53,142,258095,55
,2019,2019,Male,M,Black or African American,2054-5,54 years,54,149,269853,55.2
,2019,2019,Male,M,Black or African American,2054-5,55 years,55,140,265510,52.7
,2019,2019,Male,M,Black or African American,2054-5,56 years,56,135,259911,51.9
,2019,2019,Male,M,Black or African American,2054-5,57 years,57,142,254560,55.8
,2019,2019,Male,M,Black or African American,2054-5,58 years,58,139,252844,55
,2019,2019,Male,M,Black or African American,2054-5,59 years,59,115,258352,44.5
,2019,2019,Male,M,Black or African American,2054-5,60 years,60,137,242953,56.4
,2019,2019,Male,M,Black or African American,2054-5,61 years,61,133,233812,56.9
,2019,2019,Male,M,Black or African American,2054-5,62 years,62,110,227123,48.4
,2019,2019,Male,M,Black or African American,2054-5,63 years,63,95,214570,44.3
,2019,2019,Male,M,Black or African American,2054-5,64 years,64,73,206996,35.3
,2019,2019,Male,M,Black or African American,2054-5,65 years,65,90,189482,47.5
,2019,2019,Male,M,Black or African American,2054-5,66 years,66,69,174372,39.6
,2019,2019,Male,M,Black or African American,2054-5,67 years,67,61,161839,37.7
,2019,2019,Male,M,Black or African American,2054-5,68 years,68,50,157391,31.8
,2019,2019,Male,M,Black or African American,2054-5,69 years,69,38,151683,25.1
,2019,2019,Male,M,Black or African American,2054-5,70 years,70,31,137988,22.5
,2019,2019,Male,M,Black or African American,2054-5,71 years,71,29,129061,22.5
,2019,2019,Male,M,Black or African American,2054-5,72 years,72,15,120425,Unreliable
,2019,2019,Male,M,Black or African American,2054-5,73 years,73,10,94066,Unreliable
,2019,2019,Male,M,Black or African American,2054-5,80 years,80,0,51112,Unreliable
,2019,2019,Male,M,Black or African American,2054-5,81 years,81,0,46314,Unreliable
,2019,2019,Male,M,Black or African American,2054-5,82 years,82,0,41163,Unreliable
,2019,2019,Male,M,Black or African American,2054-5,83 years,83,0,37788,Unreliable
,2019,2019,Male,M,Black or African American,2054-5,84 years,84,0,33628,Unreliable
,2019,2019,Male,M,Black or African American,2054-5,85 years,85,0,Not Applicable,Not Applicable
,2019,2019,Male,M,Black or African American,2054-5,86 years,86,0,Not Applicable,Not Applicable
,2019,2019,Male,M,Black or African American,2054-5,87 years,87,0,Not Applicable,Not Applicable
,2019,2019,Male,M,Black or African American,2054-5,88 years,88,0,Not Applicable,Not Applicable
,2019,2019,Male,M,Black or African American,2054-5,89 years,89,0,Not Applicable,Not Applicable
,2019,2019,Male,M,Black or African American,2054-5,91 years,91,0,Not Applicable,Not Applicable
,2019,2019,Male,M,Black or African American,2054-5,92 years,92,0,Not Applicable,Not Applicable
,2019,2019,Male,M,Black or African American,2054-5,93 years,93,0,Not Applicable,Not Applicable
,2019,2019,Male,M,Black or African American,2054-5,95 years,95,0,Not Applicable,Not Applicable
,2019,2019,Male,M,Black or African American,2054-5,96 years,96,0,Not Applicable,Not Applicable
,2019,2019,Male,M,Black or African American,2054-5,97 years,97,0,Not Applicable,Not Applicable
,2019,2019,Male,M,Black or African American,2054-5,98 years,98,0,Not Applicable,Not Applicable
,2019,2019,Male,M,Black or African American,2054-5,99 years,99,0,Not Applicable,Not Applicable
,2019,2019,Male,M,Black or African American,2054-5,100+ years,100,0,Not Applicable,Not Applicable
,2019,2019,Male,M,White,2106-3,3 years,3,0,1528584,Unreliable
,2019,2019,Male,M,White,2106-3,4 years,4,0,1542108,Unreliable
,2019,2019,Male,M,White,2106-3,6 years,6,0,1531828,Unreliable
,2019,2019,Male,M,White,2106-3,7 years,7,0,1538861,Unreliable
,2019,2019,Male,M,White,2106-3,8 years,8,0,1564431,Unreliable
,2019,2019,Male,M,White,2106-3,9 years,9,0,1550501,Unreliable
,2019,2019,Male,M,White,2106-3,10 years,10,0,1547584,Unreliable
,2019,2019,Male,M,White,2106-3,12 years,12,0,1611461,Unreliable
,2019,2019,Male,M,White,2106-3,15 years,15,11,1614402,Unreliable
,2019,2019,Male,M,White,2106-3,16 years,16,30,1604570,1.9
,2019,2019,Male,M,White,2106-3,17 years,17,37,1599761,2.3
,2019,2019,Male,M,White,2106-3,18 years,18,80,1639632,4.9
,2019,2019,Male,M,White,2106-3,19 years,19,140,1669301,8.4
,2019,2019,Male,M,White,2106-3,20 years,20,258,1648972,15.6
,2019,2019,Male,M,White,2106-3,21 years,21,303,1647090,18.4
,2019,2019,Male,M,White,2106-3,22 years,22,333,1650637,20.2
,2019,2019,Male,M,White,2106-3,23 years,23,371,1669180,22.2
,2019,2019,Male,M,White,2106-3,24 years,24,461,1701126,27.1
,2019,2019,Male,M,White,2106-3,25 years,25,594,1727602,34.4
,2019,2019,Male,M,White,2106-3,26 years,26,619,1751605,35.3
,2019,2019,Male,M,White,2106-3,27 years,27,698,1792946,38.9
,2019,2019,Male,M,White,2106-3,28 years,28,731,1814673,40.3
,2019,2019,Male,M,White,2106-3,29 years,29,769,1811963,42.4
,2019,2019,Male,M,White,2106-3,30 years,30,792,1744954,45.4
,2019,2019,Male,M,White,2106-3,31 years,31,834,1715645,48.6
,2019,2019,Male,M,White,2106-3,32 years,32,749,1695262,44.2
,2019,2019,Male,M,White,2106-3,33 years,33,781,1706595,45.8
,2019,2019,Male,M,White,2106-3,34 years,34,752,1716811,43.8
,2019,2019,Male,M,White,2106-3,35 years,35,771,1655808,46.6
,2019,2019,Male,M,White,2106-3,36 years,36,783,1679298,46.6
,2019,2019,Male,M,White,2106-3,37 years,37,801,1674931,47.8
,2019,2019,Male,M,White,2106-3,38 years,38,696,1656767,42
,2019,2019,Male,M,White,2106-3,39 years,39,726,1688712,43
,2019,2019,Male,M,White,2106-3,40 years,40,721,1576879,45.7
,2019,2019,Male,M,White,2106-3,41 years,41,631,1549418,40.7
,2019,2019,Male,M,White,2106-3,42 years,42,596,1527953,39
,2019,2019,Male,M,White,2106-3,43 years,43,551,1479817,37.2
,2019,2019,Male,M,White,2106-3,44 years,44,483,1529029,31.6
,2019,2019,Male,M,White,2106-3,45 years,45,474,1473139,32.2
,2019,2019,Male,M,White,2106-3,46 years,46,441,1486816,29.7
,2019,2019,Male,M,White,2106-3,47 years,47,484,1565477,30.9
,2019,2019,Male,M,White,2106-3,48 years,48,514,1669016,30.8
,2019,2019,Male,M,White,2106-3,49 years,49,487,1697749,28.7
,2019,2019,Male,M,White,2106-3,50 years,50,497,1609805,30.9
,2019,2019,Male,M,White,2106-3,51 years,51,487,1569509,31
,2019,2019,Male,M,White,2106-3,52 years,52,428,1574181,27.2
,2019,2019,Male,M,White,2106-3,53 years,53,433,1596606,27.1
,2019,2019,Male,M,White,2106-3,54 years,54,464,1694836,27.4
,2019,2019,Male,M,White,2106-3,55 years,55,479,1723495,27.8
,2019,2019,Male,M,White,2106-3,56 years,56,427,1717690,24.9
,2019,2019,Male,M,White,2106-3,57 years,57,406,1720183,23.6
,2019,2019,Male,M,White,2106-3,58 years,58,402,1740130,23.1
,2019,2019,Male,M,White,2106-3,59 years,59,374,1746144,21.4
,2019,2019,Male,M,White,2106-3,60 years,60,330,1682447,19.6
,2019,2019,Male,M,White,2106-3,61 years,61,298,1668276,17.9
,2019,2019,Male,M,White,2106-3,62 years,62,233,1642811,14.2
,2019,2019,Male,M,White,2106-3,63 years,63,266,1573273,16.9
,2019,2019,Male,M,White,2106-3,64 years,64,177,1556581,11.4
,2019,2019,Male,M,White,2106-3,65 years,65,167,1486888,11.2
,2019,2019,Male,M,White,2106-3,66 years,66,116,1427763,8.1
,2019,2019,Male,M,White,2106-3,67 years,67,114,1371170,8.3
,2019,2019,Male,M,White,2106-3,68 years,68,87,1316725,6.6
,2019,2019,Male,M,White,2106-3,69 years,69,80,1275971,6.3
,2019,2019,Male,M,White,2106-3,70 years,70,51,1238846,4.1
,2019,2019,Male,M,White,2106-3,71 years,71,38,1226022,3.1
,2019,2019,Male,M,White,2106-3,72 years,72,45,1287705,3.5
,2019,2019,Male,M,White,2106-3,73 years,73,28,917849,3.1
,2019,2019,Male,M,White,2106-3,74 years,74,17,893626,Unreliable
,2019,2019,Male,M,White,2106-3,75 years,75,19,860680,Unreliable
,2019,2019,Male,M,White,2106-3,76 years,76,14,874440,Unreliable
,2019,2019,Male,M,White,2106-3,77 years,77,11,739384,Unreliable
,2019,2019,Male,M,White,2106-3,78 years,78,12,655665,Unreliable
,2019,2019,Male,M,White,2106-3,79 years,79,11,602209,Unreliable
,2019,2019,Male,M,White,2106-3,81 years,81,11,514101,Unreliable
,2019,2019,Male,M,White,2106-3,97 years,97,0,Not Applicable,Not Applicable
,2019,2019,Male,M,White,2106-3,98 years,98,0,Not Applicable,Not Applicable
,2019,2019,Male,M,White,2106-3,99 years,99,0,Not Applicable,Not Applicable
,2019,2019,Male,M,White,2106-3,100+ years,100,0,Not Applicable,Not Applicable
---,,,,,,,,,,,
"Dataset: Multiple Cause of Death, 1999-2020",,,,,,,,,,,
Query Parameters:,,,,,,,,,,,
"Title: National-Level Data, 2010-2019",,,,,,,,,,,
MCD - ICD-10 Codes: T40.2 (Other opioids); T40.3 (Methadone); T40.4 (Other synthetic narcotics),,,,,,,,,,,
"UCD - ICD-10 Codes: X40 (Accidental poisoning by and exposure to nonopioid analgesics, antipyretics and antirheumatics); X41",,,,,,,,,,,
"(Accidental poisoning by and exposure to antiepileptic, sedative-hypnotic, antiparkinsonism and psychotropic drugs, not",,,,,,,,,,,
"elsewhere classified); X42 (Accidental poisoning by and exposure to narcotics and psychodysleptics [hallucinogens], not",,,,,,,,,,,
elsewhere classified); X43 (Accidental poisoning by and exposure to other drugs acting on the autonomic nervous system); X44,,,,,,,,,,,
"(Accidental poisoning by and exposure to other and unspecified drugs, medicaments and biological substances); X60 (Intentional",,,,,,,,,,,
"self-poisoning by and exposure to nonopioid analgesics, antipyretics and antirheumatics); X61 (Intentional self-poisoning by and",,,,,,,,,,,
"exposure to antiepileptic, sedative-hypnotic, antiparkinsonism and psychotropic drugs, not elsewhere classified); X62",,,,,,,,,,,
"(Intentional self-poisoning by and exposure to narcotics and psychodysleptics [hallucinogens], not elsewhere classified); X63",,,,,,,,,,,
(Intentional self-poisoning by and exposure to other drugs acting on the autonomic nervous system); X64 (Intentional,,,,,,,,,,,
"self-poisoning by and exposure to other and unspecified drugs, medicaments and biological substances); X85 (Assault by drugs,",,,,,,,,,,,
"medicaments and biological substances); Y10 (Poisoning by and exposure to nonopioid analgesics, antipyretics and antirheumatics,",,,,,,,,,,,
"undetermined intent); Y11 (Poisoning by and exposure to antiepileptic, sedative-hypnotic, antiparkinsonism and psychotropic",,,,,,,,,,,
"drugs, not elsewhere classified, undetermined intent); Y12 (Poisoning by and exposure to narcotics and psychodysleptics",,,,,,,,,,,
"[hallucinogens], not elsewhere classified, undetermined intent); Y13 (Poisoning by and exposure to other drugs acting on the",,,,,,,,,,,
"autonomic nervous system, undetermined intent); Y14 (Poisoning by and exposure to other and unspecified drugs, medicaments and",,,,,,,,,,,
"biological substances, undetermined intent)",,,,,,,,,,,
Year/Month: 2010; 2011; 2012; 2013; 2014; 2015; 2016; 2017; 2018; 2019,,,,,,,,,,,
Group By: Year; Sex; Race; Single-Year Ages,,,,,,,,,,,
Show Totals: False,,,,,,,,,,,
Show Zero Values: True,,,,,,,,,,,
Show Suppressed: False,,,,,,,,,,,
"Calculate Rates Per: 100,000",,,,,,,,,,,
Rate Options: Default intercensal populations for years 2001-2009 (except Infant Age Groups),,,,,,,,,,,
---,,,,,,,,,,,
Help: See http://wonder.cdc.gov/wonder/help/mcd.html for more information.,,,,,,,,,,,
---,,,,,,,,,,,
"Query Date: Jul 15, 2026 2:38:13 AM",,,,,,,,,,,
---,,,,,,,,,,,
"Suggested Citation: Centers for Disease Control and Prevention, National Center for Health Statistics. National Vital Statistics",,,,,,,,,,,
"System, Mortality 1999-2020 on CDC WONDER Online Database, released in 2021. Data are from the Multiple Cause of Death Files,",,,,,,,,,,,
"1999-2020, as compiled from data provided by the 57 vital statistics jurisdictions through the Vital Statistics Cooperative",,,,,,,,,,,
"Program. Accessed at http://wonder.cdc.gov/mcd-icd10.html on Jul 15, 2026 2:38:13 AM",,,,,,,,,,,
---,,,,,,,,,,,
Messages:,,,,,,,,,,,
1. Rows with suppressed Deaths are hidden. Use Quick Options above to show suppressed rows.,,,,,,,,,,,
---,,,,,,,,,,,
Caveats:,,,,,,,,,,,
1. Population and rates are labeled 'Not Applicable' when they include a subset of ages 85-100+ because populations are not,,,,,,,,,,,
available for those ages. More information: http://wonder.cdc.gov/wonder/help/mcd.html#Ages 85-100.,,,,,,,,,,,
"2. As of April 3, 2017, the underlying cause of death has been revised for 125 deaths in 2014. More information:",,,,,,,,,,,
http://wonder.cdc.gov/wonder/help/mcd.html#2014-Revision.,,,,,,,,,,,
3. Data are Suppressed when the data meet the criteria for confidentiality constraints. More information:,,,,,,,,,,,
http://wonder.cdc.gov/wonder/help/mcd.html#Assurance of Confidentiality.,,,,,,,,,,,
4. Death rates are flagged as Unreliable when the rate is calculated with a numerator of 20 or less. More information:,,,,,,,,,,,
http://wonder.cdc.gov/wonder/help/mcd.html#Unreliable.,,,,,,,,,,,
"5. Deaths of persons with Age ""Not Stated"" are included in ""All"" counts and rates, but are not distributed among age groups,",,,,,,,,,,,
"so are not included in age-specific counts, age-specific rates or in any age-adjusted rates. More information:",,,,,,,,,,,
http://wonder.cdc.gov/wonder/help/mcd.html#Not Stated.,,,,,,,,,,,
6. Information included on the death certificate about the race and Hispanic ethnicity of the decedent is reported by the,,,,,,,,,,,
"funeral director as provided by an informant, often the surviving next of kin, or, in the absence of an informant, on the basis",,,,,,,,,,,
of observation. Race and ethnicity information from the census is by self-report. To the extent that race and Hispanic origin,,,,,,,,,,,
"are inconsistent between these two data sources, death rates will be biased. More information:",,,,,,,,,,,
http://wonder.cdc.gov/wonder/help/mcd.html#Racial Differences.,,,,,,,,,,,
"7. The population figures for year 2020 are bridged-race estimates of the July 1 resident population, from the Vintage 2020",,,,,,,,,,,
"postcensal series released by NCHS on September 22, 2021. The population figures for year 2019 are bridged-race estimates of the",,,,,,,,,,,
"July 1 resident population, from the Vintage 2019 postcensal series released by NCHS on July 9, 2020. The population figures for",,,,,,,,,,,
"year 2018 are bridged-race estimates of the July 1 resident population, from the Vintage 2018 postcensal series released by NCHS",,,,,,,,,,,
"on June 25, 2019. The population figures for year 2017 are bridged-race estimates of the July 1 resident population, from the",,,,,,,,,,,
"Vintage 2017 postcensal series released by NCHS on June 27, 2018. The population figures for year 2016 are bridged-race",,,,,,,,,,,
"estimates of the July 1 resident population, from the Vintage 2016 postcensal series released by NCHS on June 26, 2017. The",,,,,,,,,,,
"population figures for year 2015 are bridged-race estimates of the July 1 resident population, from the Vintage 2015 postcensal",,,,,,,,,,,
"series released by NCHS on June 28, 2016. The population figures for year 2014 are bridged-race estimates of the July 1 resident",,,,,,,,,,,
"population, from the Vintage 2014 postcensal series released by NCHS on June 30, 2015. The population figures for year 2013 are",,,,,,,,,,,
"bridged-race estimates of the July 1 resident population, from the Vintage 2013 postcensal series released by NCHS on June 26,",,,,,,,,,,,
"2014. The population figures for year 2012 are bridged-race estimates of the July 1 resident population, from the Vintage 2012",,,,,,,,,,,
"postcensal series released by NCHS on June 13, 2013. Population figures for 2011 are bridged-race estimates of the July 1",,,,,,,,,,,
"resident population, from the county-level postcensal Vintage 2011 series released by NCHS on July 18, 2012. Population figures",,,,,,,,,,,
"for 2010 are April 1 Census counts. The population figures for years 2001 - 2009, are bridged-race estimates of the July 1",,,,,,,,,,,
"resident population, from the revised intercensal county-level 2000 - 2009 series released by NCHS on October 26, 2012.",,,,,,,,,,,
Population figures for 2000 are April 1 Census counts. Population figures for 1999 are from the 1990-1999 intercensal series of,,,,,,,,,,,
July 1 estimates. Population figures for Infant Age Groups are the number of live births. <br/><b>Note:</b> Rates and population,,,,,,,,,,,
"figures for years 2001 - 2009 differ slightly from previously published reports, due to use of the population estimates which",,,,,,,,,,,
were available at the time of release.,,,,,,,,,,,
8. The population figures used in the calculation of death rates for the age group 'under 1 year' are the estimates of the,,,,,,,,,,,
resident population that is under one year of age. More information: http://wonder.cdc.gov/wonder/help/mcd.html#Age Group.,,,,,,,,,,,
9. Changes to cause of death classification affect reporting trends. More information:,,,,,,,,,,,
http://wonder.cdc.gov/wonder/help/mcd.html#ICD-10 Changes.,,,,,,,,,,,
